[supervisor] 2026-07-14T15:28:11+02:00 starting node 3
starting raft server 3 using cluster.toml
epoch interval  0.050000000 s, election  30 epochs, heartbeat  4 epochs, compact_threshold  100, compact_log_retention  0
[ 3] [Switching to follower state]
[node 3 epoch= 0] logging client traffic (every  10 sends); set RAFT_NODE_VERBOSE=1 for all
[node 3 epoch= 0] client sync TCP listening on port  9303
[node 3 epoch= 0] audit monitor TCP listening on port  9403
[ 3] [State: FOLLOWER, Term:  0] 
[ 3] [Received_message: RAFT.MESSAGES.REQUEST_VOTE_REQUEST] 
[ 3] [Switching to follower state]
[ 3] [Request vote received]
[ 3] [check term  1 with  1 ]
[ 3] [same term or superior, voted_for :  0, request candidate :  1]
[ 3] [State: FOLLOWER, Term:  1] 
[ 3] [Received_message: RAFT.MESSAGES.APPEND_ENTRIES_REQUEST] 
[ 3] [AppendEntriesRequest] for 3 Checking if log contains an entry at PrevLogTerm whose index matches PrevLogIndex
[ 3] [PrevLogIndex from Message:  1]
[ 3] [PrevLogTerm from message:  0]
[ 3] [ LogUpperBound:  1]
[ 3] [Logs for 3]
[ 3] (null, 0) 
[No entries to add for 3]
[ 3] [Logs after update for 3]
[ 3] (null, 0) 
[ 3] [Commit index strict for 3 :  1]
[ 3] [Append_entries Response for 3]
[ 3] [     Matching_Index_Strict:  1]
[ 3] [     Success: TRUE]
[ 3] [New_State: NO_CHANGES]
[ 3] [State: FOLLOWER, Term:  1] 
[ 3] [Received_message: RAFT.MESSAGES.APPEND_ENTRIES_REQUEST] 
[ 3] [AppendEntriesRequest] for 3 Checking if log contains an entry at PrevLogTerm whose index matches PrevLogIndex
[ 3] [PrevLogIndex from Message:  1]
[ 3] [PrevLogTerm from message:  1]
[ 3] [ LogUpperBound:  1]
[ 3] [Logs for 3]
[ 3] (null, 0) 
[No entries to add for 3]
[ 3] [Logs after update for 3]
[ 3] (null, 0) 
[ 3] [Commit index strict for 3 :  1]
[ 3] [Append_entries Response for 3]
[ 3] [     Matching_Index_Strict:  1]
[ 3] [     Success: TRUE]
[ 3] [New_State: NO_CHANGES]
[ 3] [State: FOLLOWER, Term:  1] 
[ 3] [Received_message: RAFT.MESSAGES.APPEND_ENTRIES_REQUEST] 
[ 3] [AppendEntriesRequest] for 3 Checking if log contains an entry at PrevLogTerm whose index matches PrevLogIndex
[ 3] [PrevLogIndex from Message:  1]
[ 3] [PrevLogTerm from message:  1]
[ 3] [ LogUpperBound:  1]
[ 3] [Logs for 3]
[ 3] (null, 0) 
[No entries to add for 3]
[ 3] [Logs after update for 3]
[ 3] (null, 0) 
[ 3] [Commit index strict for 3 :  1]
[ 3] [Append_entries Response for 3]
[ 3] [     Matching_Index_Strict:  1]
[ 3] [     Success: TRUE]
[ 3] [New_State: NO_CHANGES]
[ 3] [State: FOLLOWER, Term:  1] 
[ 3] [Received_message: RAFT.MESSAGES.APPEND_ENTRIES_REQUEST] 
[ 3] [AppendEntriesRequest] for 3 Checking if log contains an entry at PrevLogTerm whose index matches PrevLogIndex
[ 3] [PrevLogIndex from Message:  1]
[ 3] [PrevLogTerm from message:  1]
[ 3] [ LogUpperBound:  1]
[ 3] [Logs for 3]
[ 3] (null, 0) 
[No entries to add for 3]
[ 3] [Logs after update for 3]
[ 3] (null, 0) 
[ 3] [Commit index strict for 3 :  1]
[ 3] [Append_entries Response for 3]
[ 3] [     Matching_Index_Strict:  1]
[ 3] [     Success: TRUE]
[ 3] [New_State: NO_CHANGES]
[ 3] [State: FOLLOWER, Term:  1] 
[ 3] [Received_message: RAFT.MESSAGES.APPEND_ENTRIES_REQUEST] 
[ 3] [AppendEntriesRequest] for 3 Checking if log contains an entry at PrevLogTerm whose index matches PrevLogIndex
[ 3] [PrevLogIndex from Message:  1]
[ 3] [PrevLogTerm from message:  1]
[ 3] [ LogUpperBound:  1]
[ 3] [Logs for 3]
[ 3] (null, 0) 
[No entries to add for 3]
[ 3] [Logs after update for 3]
[ 3] (null, 0) 
[ 3] [Commit index strict for 3 :  1]
[ 3] [Append_entries Response for 3]
[ 3] [     Matching_Index_Strict:  1]
[ 3] [     Success: TRUE]
[ 3] [New_State: NO_CHANGES]
[ 3] [State: FOLLOWER, Term:  1] 
[ 3] [Received_message: RAFT.MESSAGES.APPEND_ENTRIES_REQUEST] 
[ 3] [AppendEntriesRequest] for 3 Checking if log contains an entry at PrevLogTerm whose index matches PrevLogIndex
[ 3] [PrevLogIndex from Message:  1]
[ 3] [PrevLogTerm from message:  1]
[ 3] [ LogUpperBound:  1]
[ 3] [Logs for 3]
[ 3] (null, 0) 
[No entries to add for 3]
[ 3] [Logs after update for 3]
[ 3] (null, 0) 
[ 3] [Commit index strict for 3 :  1]
[ 3] [Append_entries Response for 3]
[ 3] [     Matching_Index_Strict:  1]
[ 3] [     Success: TRUE]
[ 3] [New_State: NO_CHANGES]
[ 3] [State: FOLLOWER, Term:  1] 
[ 3] [Received_message: RAFT.MESSAGES.APPEND_ENTRIES_REQUEST] 
[ 3] [AppendEntriesRequest] for 3 Checking if log contains an entry at PrevLogTerm whose index matches PrevLogIndex
[ 3] [PrevLogIndex from Message:  1]
[ 3] [PrevLogTerm from message:  1]
[ 3] [ LogUpperBound:  1]
[ 3] [Logs for 3]
[ 3] (null, 0) 
[No entries to add for 3]
[ 3] [Logs after update for 3]
[ 3] (null, 0) 
[ 3] [Commit index strict for 3 :  1]
[ 3] [Append_entries Response for 3]
[ 3] [     Matching_Index_Strict:  1]
[ 3] [     Success: TRUE]
[ 3] [New_State: NO_CHANGES]
[ 3] [State: FOLLOWER, Term:  1] 
[ 3] [Received_message: RAFT.MESSAGES.APPEND_ENTRIES_REQUEST] 
[ 3] [AppendEntriesRequest] for 3 Checking if log contains an entry at PrevLogTerm whose index matches PrevLogIndex
[ 3] [PrevLogIndex from Message:  1]
[ 3] [PrevLogTerm from message:  1]
[ 3] [ LogUpperBound:  1]
[ 3] [Logs for 3]
[ 3] (null, 0) 
[No entries to add for 3]
[ 3] [Logs after update for 3]
[ 3] (null, 0) 
[ 3] [Commit index strict for 3 :  1]
[ 3] [Append_entries Response for 3]
[ 3] [     Matching_Index_Strict:  1]
[ 3] [     Success: TRUE]
[ 3] [New_State: NO_CHANGES]
[ 3] [State: FOLLOWER, Term:  1] 
[ 3] [Received_message: RAFT.MESSAGES.APPEND_ENTRIES_REQUEST] 
[ 3] [AppendEntriesRequest] for 3 Checking if log contains an entry at PrevLogTerm whose index matches PrevLogIndex
[ 3] [PrevLogIndex from Message:  1]
[ 3] [PrevLogTerm from message:  1]
[ 3] [ LogUpperBound:  1]
[ 3] [Logs for 3]
[ 3] (null, 0) 
[No entries to add for 3]
[ 3] [Logs after update for 3]
[ 3] (null, 0) 
[ 3] [Commit index strict for 3 :  1]
[ 3] [Append_entries Response for 3]
[ 3] [     Matching_Index_Strict:  1]
[ 3] [     Success: TRUE]
[ 3] [New_State: NO_CHANGES]
[ 3] [State: FOLLOWER, Term:  1] 
[ 3] [Received_message: RAFT.MESSAGES.APPEND_ENTRIES_REQUEST] 
[ 3] [AppendEntriesRequest] for 3 Checking if log contains an entry at PrevLogTerm whose index matches PrevLogIndex
[ 3] [PrevLogIndex from Message:  1]
[ 3] [PrevLogTerm from message:  1]
[ 3] [ LogUpperBound:  1]
[ 3] [Logs for 3]
[ 3] (null, 0) 
[No entries to add for 3]
[ 3] [Logs after update for 3]
[ 3] (null, 0) 
[ 3] [Commit index strict for 3 :  1]
[ 3] [Append_entries Response for 3]
[ 3] [     Matching_Index_Strict:  1]
[ 3] [     Success: TRUE]
[ 3] [New_State: NO_CHANGES]
[ 3] [State: FOLLOWER, Term:  1] 
[ 3] [Received_message: RAFT.MESSAGES.APPEND_ENTRIES_REQUEST] 
[ 3] [AppendEntriesRequest] for 3 Checking if log contains an entry at PrevLogTerm whose index matches PrevLogIndex
[ 3] [PrevLogIndex from Message:  1]
[ 3] [PrevLogTerm from message:  1]
[ 3] [ LogUpperBound:  1]
[ 3] [Logs for 3]
[ 3] (null, 0) 
[No entries to add for 3]
[ 3] [Logs after update for 3]
[ 3] (null, 0) 
[ 3] [Commit index strict for 3 :  1]
[ 3] [Append_entries Response for 3]
[ 3] [     Matching_Index_Strict:  1]
[ 3] [     Success: TRUE]
[ 3] [New_State: NO_CHANGES]
[ 3] [State: FOLLOWER, Term:  1] 
[ 3] [Received_message: RAFT.MESSAGES.APPEND_ENTRIES_REQUEST] 
[ 3] [AppendEntriesRequest] for 3 Checking if log contains an entry at PrevLogTerm whose index matches PrevLogIndex
[ 3] [PrevLogIndex from Message:  1]
[ 3] [PrevLogTerm from message:  0]
[ 3] [ LogUpperBound:  1]
[ 3] [Logs for 3]
[ 3] (null, 0) 
[ 3] [Adding entries from  1 to  1 ]
[ 3] [Updated entry  1 with  1 on 3]
[ 3] [Logs after update for 3]
[ 3] (TestCmd( 1), 1) 
[ 3] [Commit index strict for 3 :  1]
[ 3] [Append_entries Response for 3]
[ 3] [     Matching_Index_Strict:  1]
[ 3] [     Success: TRUE]
[ 3] [New_State: NO_CHANGES]
[ 3] [State: FOLLOWER, Term:  1] 
[ 3] [Received_message: RAFT.MESSAGES.APPEND_ENTRIES_REQUEST] 
[ 3] [AppendEntriesRequest] for 3 Checking if log contains an entry at PrevLogTerm whose index matches PrevLogIndex
[ 3] [PrevLogIndex from Message:  1]
[ 3] [PrevLogTerm from message:  1]
[ 3] [ LogUpperBound:  2]
[ 3] [Logs for 3]
[ 3] (TestCmd( 1), 1) 
[ 3] [Adding entries from  1 to  2 ]
[ 3] [Updated entry  2 with  1 on 3]
[ 3] [Updated entry  3 with  1 on 3]
[ 3] [Logs after update for 3]
[ 3] (TestCmd( 1), 1) (TestCmd( 100001), 1) (TestCmd( 600001), 1) 
[ 3] [Updated commit to  3 ]
[ 3] [Commit index strict for 3 :  3]
[ 3] [Append_entries Response for 3]
[ 3] [     Matching_Index_Strict:  3]
[ 3] [     Success: TRUE]
[ 3] [New_State: NO_CHANGES]
[ 3] [State: FOLLOWER, Term:  1] 
[ 3] [Received_message: RAFT.MESSAGES.APPEND_ENTRIES_REQUEST] 
[ 3] [AppendEntriesRequest] for 3 Checking if log contains an entry at PrevLogTerm whose index matches PrevLogIndex
[ 3] [PrevLogIndex from Message:  1]
[ 3] [PrevLogTerm from message:  1]
[ 3] [ LogUpperBound:  4]
[ 3] [Logs for 3]
[ 3] (TestCmd( 1), 1) (TestCmd( 100001), 1) (TestCmd( 600001), 1) 
[ 3] [Adding entries from  1 to  3 ]
[ 3] [Updated entry  2 with  1 on 3]
[ 3] [Updated entry  3 with  1 on 3]
[ 3] [Updated entry  4 with  1 on 3]
[ 3] [Logs after update for 3]
[ 3] (TestCmd( 1), 1) (TestCmd( 100001), 1) (TestCmd( 600001), 1) (TestCmd( 200001), 1) 
[ 3] [Updated commit to  4 ]
[ 3] [Commit index strict for 3 :  4]
[ 3] [Append_entries Response for 3]
[ 3] [     Matching_Index_Strict:  4]
[ 3] [     Success: TRUE]
[ 3] [New_State: NO_CHANGES]
[ 3] [State: FOLLOWER, Term:  1] 
[ 3] [Received_message: RAFT.MESSAGES.APPEND_ENTRIES_REQUEST] 
[ 3] [AppendEntriesRequest] for 3 Checking if log contains an entry at PrevLogTerm whose index matches PrevLogIndex
[ 3] [PrevLogIndex from Message:  1]
[ 3] [PrevLogTerm from message:  1]
[ 3] [ LogUpperBound:  5]
[ 3] [Logs for 3]
[ 3] (TestCmd( 1), 1) (TestCmd( 100001), 1) (TestCmd( 600001), 1) (TestCmd( 200001), 1) 
[ 3] [Adding entries from  1 to  4 ]
[ 3] [Updated entry  2 with  1 on 3]
[ 3] [Updated entry  3 with  1 on 3]
[ 3] [Updated entry  4 with  1 on 3]
[ 3] [Updated entry  5 with  1 on 3]
[ 3] [Logs after update for 3]
[ 3] (TestCmd( 1), 1) (TestCmd( 100001), 1) (TestCmd( 600001), 1) (TestCmd( 200001), 1) (TestCmd( 300001), 1) 
[ 3] [Updated commit to  5 ]
[ 3] [Commit index strict for 3 :  5]
[ 3] [Append_entries Response for 3]
[ 3] [     Matching_Index_Strict:  5]
[ 3] [     Success: TRUE]
[ 3] [New_State: NO_CHANGES]
[ 3] [State: FOLLOWER, Term:  1] 
[ 3] [Received_message: RAFT.MESSAGES.APPEND_ENTRIES_REQUEST] 
[ 3] [AppendEntriesRequest] for 3 Checking if log contains an entry at PrevLogTerm whose index matches PrevLogIndex
[ 3] [PrevLogIndex from Message:  1]
[ 3] [PrevLogTerm from message:  1]
[ 3] [ LogUpperBound:  6]
[ 3] [Logs for 3]
[ 3] (TestCmd( 1), 1) (TestCmd( 100001), 1) (TestCmd( 600001), 1) (TestCmd( 200001), 1) (TestCmd( 300001), 1) 
[ 3] [Adding entries from  1 to  5 ]
[ 3] [Updated entry  2 with  1 on 3]
[ 3] [Updated entry  3 with  1 on 3]
[ 3] [Updated entry  4 with  1 on 3]
[ 3] [Updated entry  5 with  1 on 3]
[ 3] [Updated entry  6 with  1 on 3]
[ 3] [Logs after update for 3]
[ 3] (TestCmd( 1), 1) (TestCmd( 100001), 1) (TestCmd( 600001), 1) (TestCmd( 200001), 1) (TestCmd( 300001), 1) (TestCmd( 400001), 1) 
[ 3] [Updated commit to  6 ]
[ 3] [Commit index strict for 3 :  6]
[ 3] [Append_entries Response for 3]
[ 3] [     Matching_Index_Strict:  6]
[ 3] [     Success: TRUE]
[ 3] [New_State: NO_CHANGES]
[ 3] [State: FOLLOWER, Term:  1] 
[ 3] [Received_message: RAFT.MESSAGES.APPEND_ENTRIES_REQUEST] 
[ 3] [AppendEntriesRequest] for 3 Checking if log contains an entry at PrevLogTerm whose index matches PrevLogIndex
[ 3] [PrevLogIndex from Message:  6]
[ 3] [PrevLogTerm from message:  1]
[ 3] [ LogUpperBound:  7]
[ 3] [Logs for 3]
[ 3] (TestCmd( 1), 1) (TestCmd( 100001), 1) (TestCmd( 600001), 1) (TestCmd( 200001), 1) (TestCmd( 300001), 1) (TestCmd( 400001), 1) 
[ 3] [Adding entries from  1 to  2 ]
[ 3] [Updated entry  7 with  1 on 3]
[ 3] [Updated entry  8 with  1 on 3]
[ 3] [Logs after update for 3]
[ 3] (TestCmd( 1), 1) (TestCmd( 100001), 1) (TestCmd( 600001), 1) (TestCmd( 200001), 1) (TestCmd( 300001), 1) (TestCmd( 400001), 1) (TestCmd( 100002), 1) (TestCmd( 600002), 1) 
[ 3] [Updated commit to  8 ]
[ 3] [Commit index strict for 3 :  8]
[ 3] [Append_entries Response for 3]
[ 3] [     Matching_Index_Strict:  8]
[ 3] [     Success: TRUE]
[ 3] [New_State: NO_CHANGES]
[ 3] [State: FOLLOWER, Term:  1] 
[ 3] [Received_message: RAFT.MESSAGES.APPEND_ENTRIES_REQUEST] 
[ 3] [AppendEntriesRequest] for 3 Checking if log contains an entry at PrevLogTerm whose index matches PrevLogIndex
[ 3] [PrevLogIndex from Message:  6]
[ 3] [PrevLogTerm from message:  1]
[ 3] [ LogUpperBound:  9]
[ 3] [Logs for 3]
[ 3] (TestCmd( 1), 1) (TestCmd( 100001), 1) (TestCmd( 600001), 1) (TestCmd( 200001), 1) (TestCmd( 300001), 1) (TestCmd( 400001), 1) (TestCmd( 100002), 1) (TestCmd( 600002), 1) 
[ 3] [Adding entries from  1 to  3 ]
[ 3] [Updated entry  7 with  1 on 3]
[ 3] [Updated entry  8 with  1 on 3]
[ 3] [Updated entry  9 with  1 on 3]
[ 3] [Logs after update for 3]
[ 3] (TestCmd( 1), 1) (TestCmd( 100001), 1) (TestCmd( 600001), 1) (TestCmd( 200001), 1) (TestCmd( 300001), 1) (TestCmd( 400001), 1) (TestCmd( 100002), 1) (TestCmd( 600002), 1) (TestCmd( 300002), 1) 
[ 3] [Updated commit to  9 ]
[ 3] [Commit index strict for 3 :  9]
[ 3] [Append_entries Response for 3]
[ 3] [     Matching_Index_Strict:  9]
[ 3] [     Success: TRUE]
[ 3] [New_State: NO_CHANGES]
[ 3] [State: FOLLOWER, Term:  1] 
[ 3] [Received_message: RAFT.MESSAGES.APPEND_ENTRIES_REQUEST] 
[ 3] [AppendEntriesRequest] for 3 Checking if log contains an entry at PrevLogTerm whose index matches PrevLogIndex
[ 3] [PrevLogIndex from Message:  6]
[ 3] [PrevLogTerm from message:  1]
[ 3] [ LogUpperBound:  10]
[ 3] [Logs for 3]
[ 3] (TestCmd( 1), 1) (TestCmd( 100001), 1) (TestCmd( 600001), 1) (TestCmd( 200001), 1) (TestCmd( 300001), 1) (TestCmd( 400001), 1) (TestCmd( 100002), 1) (TestCmd( 600002), 1) (TestCmd( 300002), 1) 
[ 3] [Adding entries from  1 to  4 ]
[ 3] [Updated entry  7 with  1 on 3]
[ 3] [Updated entry  8 with  1 on 3]
[ 3] [Updated entry  9 with  1 on 3]
[ 3] [Updated entry  10 with  1 on 3]
[ 3] [Logs after update for 3]
[ 3] (TestCmd( 1), 1) (TestCmd( 100001), 1) (TestCmd( 600001), 1) (TestCmd( 200001), 1) (TestCmd( 300001), 1) (TestCmd( 400001), 1) (TestCmd( 100002), 1) (TestCmd( 600002), 1) (TestCmd( 300002), 1) (TestCmd( 300003), 1) 
[ 3] [Updated commit to  10 ]
[ 3] [Commit index strict for 3 :  10]
[ 3] [Append_entries Response for 3]
[ 3] [     Matching_Index_Strict:  10]
[ 3] [     Success: TRUE]
[ 3] [New_State: NO_CHANGES]
[ 3] [State: FOLLOWER, Term:  1] 
[ 3] [Received_message: RAFT.MESSAGES.APPEND_ENTRIES_REQUEST] 
[ 3] [AppendEntriesRequest] for 3 Checking if log contains an entry at PrevLogTerm whose index matches PrevLogIndex
[ 3] [PrevLogIndex from Message:  6]
[ 3] [PrevLogTerm from message:  1]
[ 3] [ LogUpperBound:  11]
[ 3] [Logs for 3]
[ 3] (TestCmd( 1), 1) (TestCmd( 100001), 1) (TestCmd( 600001), 1) (TestCmd( 200001), 1) (TestCmd( 300001), 1) (TestCmd( 400001), 1) (TestCmd( 100002), 1) (TestCmd( 600002), 1) (TestCmd( 300002), 1) (TestCmd( 300003), 1) 
[ 3] [Adding entries from  1 to  5 ]
[ 3] [Updated entry  7 with  1 on 3]
[ 3] [Updated entry  8 with  1 on 3]
[ 3] [Updated entry  9 with  1 on 3]
[ 3] [Updated entry  10 with  1 on 3]
[ 3] [Updated entry  11 with  1 on 3]
[ 3] [Logs after update for 3]
[ 3] (TestCmd( 1), 1) (TestCmd( 100001), 1) (TestCmd( 600001), 1) (TestCmd( 200001), 1) (TestCmd( 300001), 1) (TestCmd( 400001), 1) (TestCmd( 100002), 1) (TestCmd( 600002), 1) (TestCmd( 300002), 1) (TestCmd( 300003), 1) (TestCmd( 300004), 1) 
[ 3] [Updated commit to  11 ]
[ 3] [Commit index strict for 3 :  11]
[ 3] [Append_entries Response for 3]
[ 3] [     Matching_Index_Strict:  11]
[ 3] [     Success: TRUE]
[ 3] [New_State: NO_CHANGES]
[ 3] [State: FOLLOWER, Term:  1] 
[ 3] [Received_message: RAFT.MESSAGES.APPEND_ENTRIES_REQUEST] 
[ 3] [AppendEntriesRequest] for 3 Checking if log contains an entry at PrevLogTerm whose index matches PrevLogIndex
[ 3] [PrevLogIndex from Message:  6]
[ 3] [PrevLogTerm from message:  1]
[ 3] [ LogUpperBound:  12]
[ 3] [Logs for 3]
[ 3] (TestCmd( 1), 1) (TestCmd( 100001), 1) (TestCmd( 600001), 1) (TestCmd( 200001), 1) (TestCmd( 300001), 1) (TestCmd( 400001), 1) (TestCmd( 100002), 1) (TestCmd( 600002), 1) (TestCmd( 300002), 1) (TestCmd( 300003), 1) (TestCmd( 300004), 1) 
[ 3] [Adding entries from  1 to  6 ]
[ 3] [Updated entry  7 with  1 on 3]
[ 3] [Updated entry  8 with  1 on 3]
[ 3] [Updated entry  9 with  1 on 3]
[ 3] [Updated entry  10 with  1 on 3]
[ 3] [Updated entry  11 with  1 on 3]
[ 3] [Updated entry  12 with  1 on 3]
[ 3] [Logs after update for 3]
[ 3] (TestCmd( 1), 1) (TestCmd( 100001), 1) (TestCmd( 600001), 1) (TestCmd( 200001), 1) (TestCmd( 300001), 1) (TestCmd( 400001), 1) (TestCmd( 100002), 1) (TestCmd( 600002), 1) (TestCmd( 300002), 1) (TestCmd( 300003), 1) (TestCmd( 300004), 1) (TestCmd( 300005), 1) 
[ 3] [Updated commit to  12 ]
[ 3] [Commit index strict for 3 :  12]
[ 3] [Append_entries Response for 3]
[ 3] [     Matching_Index_Strict:  12]
[ 3] [     Success: TRUE]
[ 3] [New_State: NO_CHANGES]
[ 3] [State: FOLLOWER, Term:  1] 
[ 3] [Received_message: RAFT.MESSAGES.APPEND_ENTRIES_REQUEST] 
[ 3] [AppendEntriesRequest] for 3 Checking if log contains an entry at PrevLogTerm whose index matches PrevLogIndex
[ 3] [PrevLogIndex from Message:  6]
[ 3] [PrevLogTerm from message:  1]
[ 3] [ LogUpperBound:  13]
[ 3] [Logs for 3]
[ 3] (TestCmd( 1), 1) (TestCmd( 100001), 1) (TestCmd( 600001), 1) (TestCmd( 200001), 1) (TestCmd( 300001), 1) (TestCmd( 400001), 1) (TestCmd( 100002), 1) (TestCmd( 600002), 1) (TestCmd( 300002), 1) (TestCmd( 300003), 1) (TestCmd( 300004), 1) (TestCmd( 300005), 1) 
[ 3] [Adding entries from  1 to  7 ]
[ 3] [Updated entry  7 with  1 on 3]
[ 3] [Updated entry  8 with  1 on 3]
[ 3] [Updated entry  9 with  1 on 3]
[ 3] [Updated entry  10 with  1 on 3]
[ 3] [Updated entry  11 with  1 on 3]
[ 3] [Updated entry  12 with  1 on 3]
[ 3] [Updated entry  13 with  1 on 3]
[ 3] [Logs after update for 3]
[ 3] (TestCmd( 1), 1) (TestCmd( 100001), 1) (TestCmd( 600001), 1) (TestCmd( 200001), 1) (TestCmd( 300001), 1) (TestCmd( 400001), 1) (TestCmd( 100002), 1) (TestCmd( 600002), 1) (TestCmd( 300002), 1) (TestCmd( 300003), 1) (TestCmd( 300004), 1) (TestCmd( 300005), 1) (TestCmd( 300006), 1) 
[ 3] [Updated commit to  13 ]
[ 3] [Commit index strict for 3 :  13]
[ 3] [Append_entries Response for 3]
[ 3] [     Matching_Index_Strict:  13]
[ 3] [     Success: TRUE]
[ 3] [New_State: NO_CHANGES]
[ 3] [State: FOLLOWER, Term:  1] 
[ 3] [Received_message: RAFT.MESSAGES.APPEND_ENTRIES_REQUEST] 
[ 3] [AppendEntriesRequest] for 3 Checking if log contains an entry at PrevLogTerm whose index matches PrevLogIndex
[ 3] [PrevLogIndex from Message:  6]
[ 3] [PrevLogTerm from message:  1]
[ 3] [ LogUpperBound:  14]
[ 3] [Logs for 3]
[ 3] (TestCmd( 1), 1) (TestCmd( 100001), 1) (TestCmd( 600001), 1) (TestCmd( 200001), 1) (TestCmd( 300001), 1) (TestCmd( 400001), 1) (TestCmd( 100002), 1) (TestCmd( 600002), 1) (TestCmd( 300002), 1) (TestCmd( 300003), 1) (TestCmd( 300004), 1) (TestCmd( 300005), 1) (TestCmd( 300006), 1) 
[ 3] [Adding entries from  1 to  8 ]
[ 3] [Updated entry  7 with  1 on 3]
[ 3] [Updated entry  8 with  1 on 3]
[ 3] [Updated entry  9 with  1 on 3]
[ 3] [Updated entry  10 with  1 on 3]
[ 3] [Updated entry  11 with  1 on 3]
[ 3] [Updated entry  12 with  1 on 3]
[ 3] [Updated entry  13 with  1 on 3]
[ 3] [Updated entry  14 with  1 on 3]
[ 3] [Logs after update for 3]
[ 3] (TestCmd( 1), 1) (TestCmd( 100001), 1) (TestCmd( 600001), 1) (TestCmd( 200001), 1) (TestCmd( 300001), 1) (TestCmd( 400001), 1) (TestCmd( 100002), 1) (TestCmd( 600002), 1) (TestCmd( 300002), 1) (TestCmd( 300003), 1) (TestCmd( 300004), 1) (TestCmd( 300005), 1) (TestCmd( 300006), 1) (TestCmd( 300007), 1) 
[ 3] [Updated commit to  14 ]
[ 3] [Commit index strict for 3 :  14]
[ 3] [Append_entries Response for 3]
[ 3] [     Matching_Index_Strict:  14]
[ 3] [     Success: TRUE]
[ 3] [New_State: NO_CHANGES]
[ 3] [State: FOLLOWER, Term:  1] 
[ 3] [Received_message: RAFT.MESSAGES.APPEND_ENTRIES_REQUEST] 
[ 3] [AppendEntriesRequest] for 3 Checking if log contains an entry at PrevLogTerm whose index matches PrevLogIndex
[ 3] [PrevLogIndex from Message:  6]
[ 3] [PrevLogTerm from message:  1]
[ 3] [ LogUpperBound:  15]
[ 3] [Logs for 3]
[ 3] (TestCmd( 1), 1) (TestCmd( 100001), 1) (TestCmd( 600001), 1) (TestCmd( 200001), 1) (TestCmd( 300001), 1) (TestCmd( 400001), 1) (TestCmd( 100002), 1) (TestCmd( 600002), 1) (TestCmd( 300002), 1) (TestCmd( 300003), 1) (TestCmd( 300004), 1) (TestCmd( 300005), 1) (TestCmd( 300006), 1) (TestCmd( 300007), 1) 
[ 3] [Adding entries from  1 to  8 ]
[ 3] [Updated entry  7 with  1 on 3]
[ 3] [Updated entry  8 with  1 on 3]
[ 3] [Updated entry  9 with  1 on 3]
[ 3] [Updated entry  10 with  1 on 3]
[ 3] [Updated entry  11 with  1 on 3]
[ 3] [Updated entry  12 with  1 on 3]
[ 3] [Updated entry  13 with  1 on 3]
[ 3] [Updated entry  14 with  1 on 3]
[ 3] [Logs after update for 3]
[ 3] (TestCmd( 1), 1) (TestCmd( 100001), 1) (TestCmd( 600001), 1) (TestCmd( 200001), 1) (TestCmd( 300001), 1) (TestCmd( 400001), 1) (TestCmd( 100002), 1) (TestCmd( 600002), 1) (TestCmd( 300002), 1) (TestCmd( 300003), 1) (TestCmd( 300004), 1) (TestCmd( 300005), 1) (TestCmd( 300006), 1) (TestCmd( 300007), 1) 
[ 3] [Commit index strict for 3 :  14]
[ 3] [Append_entries Response for 3]
[ 3] [     Matching_Index_Strict:  14]
[ 3] [     Success: TRUE]
[ 3] [New_State: NO_CHANGES]
[ 3] [State: FOLLOWER, Term:  1] 
[ 3] [Received_message: RAFT.MESSAGES.APPEND_ENTRIES_REQUEST] 
[ 3] [AppendEntriesRequest] for 3 Checking if log contains an entry at PrevLogTerm whose index matches PrevLogIndex
[ 3] [PrevLogIndex from Message:  6]
[ 3] [PrevLogTerm from message:  1]
[ 3] [ LogUpperBound:  15]
[ 3] [Logs for 3]
[ 3] (TestCmd( 1), 1) (TestCmd( 100001), 1) (TestCmd( 600001), 1) (TestCmd( 200001), 1) (TestCmd( 300001), 1) (TestCmd( 400001), 1) (TestCmd( 100002), 1) (TestCmd( 600002), 1) (TestCmd( 300002), 1) (TestCmd( 300003), 1) (TestCmd( 300004), 1) (TestCmd( 300005), 1) (TestCmd( 300006), 1) (TestCmd( 300007), 1) 
[ 3] [Adding entries from  1 to  9 ]
[ 3] [Updated entry  7 with  1 on 3]
[ 3] [Updated entry  8 with  1 on 3]
[ 3] [Updated entry  9 with  1 on 3]
[ 3] [Updated entry  10 with  1 on 3]
[ 3] [Updated entry  11 with  1 on 3]
[ 3] [Updated entry  12 with  1 on 3]
[ 3] [Updated entry  13 with  1 on 3]
[ 3] [Updated entry  14 with  1 on 3]
[ 3] [Updated entry  15 with  1 on 3]
[ 3] [Logs after update for 3]
[ 3] (TestCmd( 1), 1) (TestCmd( 100001), 1) (TestCmd( 600001), 1) (TestCmd( 200001), 1) (TestCmd( 300001), 1) (TestCmd( 400001), 1) (TestCmd( 100002), 1) (TestCmd( 600002), 1) (TestCmd( 300002), 1) (TestCmd( 300003), 1) (TestCmd( 300004), 1) (TestCmd( 300005), 1) (TestCmd( 300006), 1) (TestCmd( 300007), 1) (TestCmd( 300008), 1) 
[ 3] [Updated commit to  15 ]
[ 3] [Commit index strict for 3 :  15]
[ 3] [Append_entries Response for 3]
[ 3] [     Matching_Index_Strict:  15]
[ 3] [     Success: TRUE]
[ 3] [New_State: NO_CHANGES]
[ 3] [State: FOLLOWER, Term:  1] 
[ 3] [Received_message: RAFT.MESSAGES.APPEND_ENTRIES_REQUEST] 
[ 3] [AppendEntriesRequest] for 3 Checking if log contains an entry at PrevLogTerm whose index matches PrevLogIndex
[ 3] [PrevLogIndex from Message:  6]
[ 3] [PrevLogTerm from message:  1]
[ 3] [ LogUpperBound:  16]
[ 3] [Logs for 3]
[ 3] (TestCmd( 1), 1) (TestCmd( 100001), 1) (TestCmd( 600001), 1) (TestCmd( 200001), 1) (TestCmd( 300001), 1) (TestCmd( 400001), 1) (TestCmd( 100002), 1) (TestCmd( 600002), 1) (TestCmd( 300002), 1) (TestCmd( 300003), 1) (TestCmd( 300004), 1) (TestCmd( 300005), 1) (TestCmd( 300006), 1) (TestCmd( 300007), 1) (TestCmd( 300008), 1) 
[ 3] [Adding entries from  1 to  10 ]
[ 3] [Updated entry  7 with  1 on 3]
[ 3] [Updated entry  8 with  1 on 3]
[ 3] [Updated entry  9 with  1 on 3]
[ 3] [Updated entry  10 with  1 on 3]
[ 3] [Updated entry  11 with  1 on 3]
[ 3] [Updated entry  12 with  1 on 3]
[ 3] [Updated entry  13 with  1 on 3]
[ 3] [Updated entry  14 with  1 on 3]
[ 3] [Updated entry  15 with  1 on 3]
[ 3] [Updated entry  16 with  1 on 3]
[ 3] [Logs after update for 3]
[ 3] (TestCmd( 1), 1) (TestCmd( 100001), 1) (TestCmd( 600001), 1) (TestCmd( 200001), 1) (TestCmd( 300001), 1) (TestCmd( 400001), 1) (TestCmd( 100002), 1) (TestCmd( 600002), 1) (TestCmd( 300002), 1) (TestCmd( 300003), 1) (TestCmd( 300004), 1) (TestCmd( 300005), 1) (TestCmd( 300006), 1) (TestCmd( 300007), 1) (TestCmd( 300008), 1) (TestCmd( 300009), 1) 
[ 3] [Updated commit to  16 ]
[ 3] [Commit index strict for 3 :  16]
[ 3] [Append_entries Response for 3]
[ 3] [     Matching_Index_Strict:  16]
[ 3] [     Success: TRUE]
[ 3] [New_State: NO_CHANGES]
[ 3] [State: FOLLOWER, Term:  1] 
[ 3] [Received_message: RAFT.MESSAGES.APPEND_ENTRIES_REQUEST] 
[ 3] [AppendEntriesRequest] for 3 Checking if log contains an entry at PrevLogTerm whose index matches PrevLogIndex
[ 3] [PrevLogIndex from Message:  6]
[ 3] [PrevLogTerm from message:  1]
[ 3] [ LogUpperBound:  17]
[ 3] [Logs for 3]
[ 3] (TestCmd( 1), 1) (TestCmd( 100001), 1) (TestCmd( 600001), 1) (TestCmd( 200001), 1) (TestCmd( 300001), 1) (TestCmd( 400001), 1) (TestCmd( 100002), 1) (TestCmd( 600002), 1) (TestCmd( 300002), 1) (TestCmd( 300003), 1) (TestCmd( 300004), 1) (TestCmd( 300005), 1) (TestCmd( 300006), 1) (TestCmd( 300007), 1) (TestCmd( 300008), 1) (TestCmd( 300009), 1) 
[ 3] [Adding entries from  1 to  11 ]
[ 3] [Updated entry  7 with  1 on 3]
[ 3] [Updated entry  8 with  1 on 3]
[ 3] [Updated entry  9 with  1 on 3]
[ 3] [Updated entry  10 with  1 on 3]
[ 3] [Updated entry  11 with  1 on 3]
[ 3] [Updated entry  12 with  1 on 3]
[ 3] [Updated entry  13 with  1 on 3]
[ 3] [Updated entry  14 with  1 on 3]
[ 3] [Updated entry  15 with  1 on 3]
[ 3] [Updated entry  16 with  1 on 3]
[ 3] [Updated entry  17 with  1 on 3]
[ 3] [Logs after update for 3]
[ 3] (TestCmd( 1), 1) (TestCmd( 100001), 1) (TestCmd( 600001), 1) (TestCmd( 200001), 1) (TestCmd( 300001), 1) (TestCmd( 400001), 1) (TestCmd( 100002), 1) (TestCmd( 600002), 1) (TestCmd( 300002), 1) (TestCmd( 300003), 1) (TestCmd( 300004), 1) (TestCmd( 300005), 1) (TestCmd( 300006), 1) (TestCmd( 300007), 1) (TestCmd( 300008), 1) (TestCmd( 300009), 1) (TestCmd( 300010), 1) 
[ 3] [Updated commit to  17 ]
[ 3] [Commit index strict for 3 :  17]
[ 3] [Append_entries Response for 3]
[ 3] [     Matching_Index_Strict:  17]
[ 3] [     Success: TRUE]
[ 3] [New_State: NO_CHANGES]
[ 3] [State: FOLLOWER, Term:  1] 
[ 3] [Received_message: RAFT.MESSAGES.APPEND_ENTRIES_REQUEST] 
[ 3] [AppendEntriesRequest] for 3 Checking if log contains an entry at PrevLogTerm whose index matches PrevLogIndex
[ 3] [PrevLogIndex from Message:  17]
[ 3] [PrevLogTerm from message:  1]
[ 3] [ LogUpperBound:  18]
[ 3] [Logs for 3]
[ 3] (TestCmd( 1), 1) (TestCmd( 100001), 1) (TestCmd( 600001), 1) (TestCmd( 200001), 1) (TestCmd( 300001), 1) (TestCmd( 400001), 1) (TestCmd( 100002), 1) (TestCmd( 600002), 1) (TestCmd( 300002), 1) (TestCmd( 300003), 1) (TestCmd( 300004), 1) (TestCmd( 300005), 1) (TestCmd( 300006), 1) (TestCmd( 300007), 1) (TestCmd( 300008), 1) (TestCmd( 300009), 1) (TestCmd( 300010), 1) 
[ 3] [Adding entries from  1 to  2 ]
[ 3] [Updated entry  18 with  1 on 3]
[ 3] [Updated entry  19 with  1 on 3]
[ 3] [Logs after update for 3]
[ 3] (TestCmd( 1), 1) (TestCmd( 100001), 1) (TestCmd( 600001), 1) (TestCmd( 200001), 1) (TestCmd( 300001), 1) (TestCmd( 400001), 1) (TestCmd( 100002), 1) (TestCmd( 600002), 1) (TestCmd( 300002), 1) (TestCmd( 300003), 1) (TestCmd( 300004), 1) (TestCmd( 300005), 1) (TestCmd( 300006), 1) (TestCmd( 300007), 1) (TestCmd( 300008), 1) (TestCmd( 300009), 1) (TestCmd( 300010), 1) (TestCmd( 300011), 1) (TestCmd( 300012), 1) 
[ 3] [Updated commit to  19 ]
[ 3] [Commit index strict for 3 :  19]
[ 3] [Append_entries Response for 3]
[ 3] [     Matching_Index_Strict:  19]
[ 3] [     Success: TRUE]
[ 3] [New_State: NO_CHANGES]
[ 3] [State: FOLLOWER, Term:  1] 
[ 3] [Received_message: RAFT.MESSAGES.APPEND_ENTRIES_REQUEST] 
[ 3] [AppendEntriesRequest] for 3 Checking if log contains an entry at PrevLogTerm whose index matches PrevLogIndex
[ 3] [PrevLogIndex from Message:  17]
[ 3] [PrevLogTerm from message:  1]
[ 3] [ LogUpperBound:  20]
[ 3] [Logs for 3]
[ 3] (TestCmd( 1), 1) (TestCmd( 100001), 1) (TestCmd( 600001), 1) (TestCmd( 200001), 1) (TestCmd( 300001), 1) (TestCmd( 400001), 1) (TestCmd( 100002), 1) (TestCmd( 600002), 1) (TestCmd( 300002), 1) (TestCmd( 300003), 1) (TestCmd( 300004), 1) (TestCmd( 300005), 1) (TestCmd( 300006), 1) (TestCmd( 300007), 1) (TestCmd( 300008), 1) (TestCmd( 300009), 1) (TestCmd( 300010), 1) (TestCmd( 300011), 1) (TestCmd( 300012), 1) 
[ 3] [Adding entries from  1 to  3 ]
[ 3] [Updated entry  18 with  1 on 3]
[ 3] [Updated entry  19 with  1 on 3]
[ 3] [Updated entry  20 with  1 on 3]
[ 3] [Logs after update for 3]
[ 3] (TestCmd( 1), 1) (TestCmd( 100001), 1) (TestCmd( 600001), 1) (TestCmd( 200001), 1) (TestCmd( 300001), 1) (TestCmd( 400001), 1) (TestCmd( 100002), 1) (TestCmd( 600002), 1) (TestCmd( 300002), 1) (TestCmd( 300003), 1) (TestCmd( 300004), 1) (TestCmd( 300005), 1) (TestCmd( 300006), 1) (TestCmd( 300007), 1) (TestCmd( 300008), 1) (TestCmd( 300009), 1) (TestCmd( 300010), 1) (TestCmd( 300011), 1) (TestCmd( 300012), 1) (TestCmd( 300013), 1) 
[ 3] [Updated commit to  20 ]
[ 3] [Commit index strict for 3 :  20]
[ 3] [Append_entries Response for 3]
[ 3] [     Matching_Index_Strict:  20]
[ 3] [     Success: TRUE]
[ 3] [New_State: NO_CHANGES]
[ 3] [State: FOLLOWER, Term:  1] 
[ 3] [Received_message: RAFT.MESSAGES.APPEND_ENTRIES_REQUEST] 
[ 3] [AppendEntriesRequest] for 3 Checking if log contains an entry at PrevLogTerm whose index matches PrevLogIndex
[ 3] [PrevLogIndex from Message:  20]
[ 3] [PrevLogTerm from message:  1]
[ 3] [ LogUpperBound:  21]
[ 3] [Logs for 3]
[ 3] (TestCmd( 1), 1) (TestCmd( 100001), 1) (TestCmd( 600001), 1) (TestCmd( 200001), 1) (TestCmd( 300001), 1) (TestCmd( 400001), 1) (TestCmd( 100002), 1) (TestCmd( 600002), 1) (TestCmd( 300002), 1) (TestCmd( 300003), 1) (TestCmd( 300004), 1) (TestCmd( 300005), 1) (TestCmd( 300006), 1) (TestCmd( 300007), 1) (TestCmd( 300008), 1) (TestCmd( 300009), 1) (TestCmd( 300010), 1) (TestCmd( 300011), 1) (TestCmd( 300012), 1) (TestCmd( 300013), 1) 
[ 3] [Adding entries from  1 to  2 ]
[ 3] [Updated entry  21 with  1 on 3]
[ 3] [Updated entry  22 with  1 on 3]
[ 3] [Logs after update for 3]
[ 3] (TestCmd( 1), 1) (TestCmd( 100001), 1) (TestCmd( 600001), 1) (TestCmd( 200001), 1) (TestCmd( 300001), 1) (TestCmd( 400001), 1) (TestCmd( 100002), 1) (TestCmd( 600002), 1) (TestCmd( 300002), 1) (TestCmd( 300003), 1) (TestCmd( 300004), 1) (TestCmd( 300005), 1) (TestCmd( 300006), 1) (TestCmd( 300007), 1) (TestCmd( 300008), 1) (TestCmd( 300009), 1) (TestCmd( 300010), 1) (TestCmd( 300011), 1) (TestCmd( 300012), 1) (TestCmd( 300013), 1) (TestCmd( 300014), 1) (TestCmd( 300015), 1) 
[ 3] [Updated commit to  22 ]
[ 3] [Commit index strict for 3 :  22]
[ 3] [Append_entries Response for 3]
[ 3] [     Matching_Index_Strict:  22]
[ 3] [     Success: TRUE]
[ 3] [New_State: NO_CHANGES]
[ 3] [State: FOLLOWER, Term:  1] 
[ 3] [Received_message: RAFT.MESSAGES.APPEND_ENTRIES_REQUEST] 
[ 3] [AppendEntriesRequest] for 3 Checking if log contains an entry at PrevLogTerm whose index matches PrevLogIndex
[ 3] [PrevLogIndex from Message:  22]
[ 3] [PrevLogTerm from message:  1]
[ 3] [ LogUpperBound:  23]
[ 3] [Logs for 3]
[ 3] (TestCmd( 1), 1) (TestCmd( 100001), 1) (TestCmd( 600001), 1) (TestCmd( 200001), 1) (TestCmd( 300001), 1) (TestCmd( 400001), 1) (TestCmd( 100002), 1) (TestCmd( 600002), 1) (TestCmd( 300002), 1) (TestCmd( 300003), 1) (TestCmd( 300004), 1) (TestCmd( 300005), 1) (TestCmd( 300006), 1) (TestCmd( 300007), 1) (TestCmd( 300008), 1) (TestCmd( 300009), 1) (TestCmd( 300010), 1) (TestCmd( 300011), 1) (TestCmd( 300012), 1) (TestCmd( 300013), 1) (TestCmd( 300014), 1) (TestCmd( 300015), 1) 
[No entries to add for 3]
[ 3] [Logs after update for 3]
[ 3] (TestCmd( 1), 1) (TestCmd( 100001), 1) (TestCmd( 600001), 1) (TestCmd( 200001), 1) (TestCmd( 300001), 1) (TestCmd( 400001), 1) (TestCmd( 100002), 1) (TestCmd( 600002), 1) (TestCmd( 300002), 1) (TestCmd( 300003), 1) (TestCmd( 300004), 1) (TestCmd( 300005), 1) (TestCmd( 300006), 1) (TestCmd( 300007), 1) (TestCmd( 300008), 1) (TestCmd( 300009), 1) (TestCmd( 300010), 1) (TestCmd( 300011), 1) (TestCmd( 300012), 1) (TestCmd( 300013), 1) (TestCmd( 300014), 1) (TestCmd( 300015), 1) 
[ 3] [Updated commit to  23 ]
[ 3] [Commit index strict for 3 :  23]
[ 3] [Append_entries Response for 3]
[ 3] [     Matching_Index_Strict:  22]
[ 3] [     Success: TRUE]
[ 3] [New_State: NO_CHANGES]
[ 3] [State: FOLLOWER, Term:  1] 
[ 3] [Received_message: RAFT.MESSAGES.APPEND_ENTRIES_REQUEST] 
[ 3] [AppendEntriesRequest] for 3 Checking if log contains an entry at PrevLogTerm whose index matches PrevLogIndex
[ 3] [PrevLogIndex from Message:  22]
[ 3] [PrevLogTerm from message:  1]
[ 3] [ LogUpperBound:  23]
[ 3] [Logs for 3]
[ 3] (TestCmd( 1), 1) (TestCmd( 100001), 1) (TestCmd( 600001), 1) (TestCmd( 200001), 1) (TestCmd( 300001), 1) (TestCmd( 400001), 1) (TestCmd( 100002), 1) (TestCmd( 600002), 1) (TestCmd( 300002), 1) (TestCmd( 300003), 1) (TestCmd( 300004), 1) (TestCmd( 300005), 1) (TestCmd( 300006), 1) (TestCmd( 300007), 1) (TestCmd( 300008), 1) (TestCmd( 300009), 1) (TestCmd( 300010), 1) (TestCmd( 300011), 1) (TestCmd( 300012), 1) (TestCmd( 300013), 1) (TestCmd( 300014), 1) (TestCmd( 300015), 1) 
[No entries to add for 3]
[ 3] [Logs after update for 3]
[ 3] (TestCmd( 1), 1) (TestCmd( 100001), 1) (TestCmd( 600001), 1) (TestCmd( 200001), 1) (TestCmd( 300001), 1) (TestCmd( 400001), 1) (TestCmd( 100002), 1) (TestCmd( 600002), 1) (TestCmd( 300002), 1) (TestCmd( 300003), 1) (TestCmd( 300004), 1) (TestCmd( 300005), 1) (TestCmd( 300006), 1) (TestCmd( 300007), 1) (TestCmd( 300008), 1) (TestCmd( 300009), 1) (TestCmd( 300010), 1) (TestCmd( 300011), 1) (TestCmd( 300012), 1) (TestCmd( 300013), 1) (TestCmd( 300014), 1) (TestCmd( 300015), 1) 
[ 3] [Commit index strict for 3 :  23]
[ 3] [Append_entries Response for 3]
[ 3] [     Matching_Index_Strict:  22]
[ 3] [     Success: TRUE]
[ 3] [New_State: NO_CHANGES]
[ 3] [State: FOLLOWER, Term:  1] 
[ 3] [Received_message: RAFT.MESSAGES.APPEND_ENTRIES_REQUEST] 
[ 3] [AppendEntriesRequest] for 3 Checking if log contains an entry at PrevLogTerm whose index matches PrevLogIndex
[ 3] [PrevLogIndex from Message:  22]
[ 3] [PrevLogTerm from message:  1]
[ 3] [ LogUpperBound:  23]
[ 3] [Logs for 3]
[ 3] (TestCmd( 1), 1) (TestCmd( 100001), 1) (TestCmd( 600001), 1) (TestCmd( 200001), 1) (TestCmd( 300001), 1) (TestCmd( 400001), 1) (TestCmd( 100002), 1) (TestCmd( 600002), 1) (TestCmd( 300002), 1) (TestCmd( 300003), 1) (TestCmd( 300004), 1) (TestCmd( 300005), 1) (TestCmd( 300006), 1) (TestCmd( 300007), 1) (TestCmd( 300008), 1) (TestCmd( 300009), 1) (TestCmd( 300010), 1) (TestCmd( 300011), 1) (TestCmd( 300012), 1) (TestCmd( 300013), 1) (TestCmd( 300014), 1) (TestCmd( 300015), 1) 
[No entries to add for 3]
[ 3] [Logs after update for 3]
[ 3] (TestCmd( 1), 1) (TestCmd( 100001), 1) (TestCmd( 600001), 1) (TestCmd( 200001), 1) (TestCmd( 300001), 1) (TestCmd( 400001), 1) (TestCmd( 100002), 1) (TestCmd( 600002), 1) (TestCmd( 300002), 1) (TestCmd( 300003), 1) (TestCmd( 300004), 1) (TestCmd( 300005), 1) (TestCmd( 300006), 1) (TestCmd( 300007), 1) (TestCmd( 300008), 1) (TestCmd( 300009), 1) (TestCmd( 300010), 1) (TestCmd( 300011), 1) (TestCmd( 300012), 1) (TestCmd( 300013), 1) (TestCmd( 300014), 1) (TestCmd( 300015), 1) 
[ 3] [Commit index strict for 3 :  23]
[ 3] [Append_entries Response for 3]
[ 3] [     Matching_Index_Strict:  22]
[ 3] [     Success: TRUE]
[ 3] [New_State: NO_CHANGES]
audit: messages= 73 bytes= 11136 rate= 1.79580E+03 B/s
state: FOLLOWER epoch= 102 snapshot= 1@ 0 application_state=TestAppState(Sum= 6500129)
[ 3] [State: FOLLOWER, Term:  1] 
[ 3] [Received_message: RAFT.MESSAGES.APPEND_ENTRIES_REQUEST] 
[ 3] [AppendEntriesRequest] for 3 Checking if log contains an entry at PrevLogTerm whose index matches PrevLogIndex
[ 3] [PrevLogIndex from Message:  22]
[ 3] [PrevLogTerm from message:  1]
[ 3] [ LogUpperBound:  23]
[ 3] [Logs for 3]
[ 3] (TestCmd( 1), 1) (TestCmd( 100001), 1) (TestCmd( 600001), 1) (TestCmd( 200001), 1) (TestCmd( 300001), 1) (TestCmd( 400001), 1) (TestCmd( 100002), 1) (TestCmd( 600002), 1) (TestCmd( 300002), 1) (TestCmd( 300003), 1) (TestCmd( 300004), 1) (TestCmd( 300005), 1) (TestCmd( 300006), 1) (TestCmd( 300007), 1) (TestCmd( 300008), 1) (TestCmd( 300009), 1) (TestCmd( 300010), 1) (TestCmd( 300011), 1) (TestCmd( 300012), 1) (TestCmd( 300013), 1) (TestCmd( 300014), 1) (TestCmd( 300015), 1) 
[No entries to add for 3]
[ 3] [Logs after update for 3]
[ 3] (TestCmd( 1), 1) (TestCmd( 100001), 1) (TestCmd( 600001), 1) (TestCmd( 200001), 1) (TestCmd( 300001), 1) (TestCmd( 400001), 1) (TestCmd( 100002), 1) (TestCmd( 600002), 1) (TestCmd( 300002), 1) (TestCmd( 300003), 1) (TestCmd( 300004), 1) (TestCmd( 300005), 1) (TestCmd( 300006), 1) (TestCmd( 300007), 1) (TestCmd( 300008), 1) (TestCmd( 300009), 1) (TestCmd( 300010), 1) (TestCmd( 300011), 1) (TestCmd( 300012), 1) (TestCmd( 300013), 1) (TestCmd( 300014), 1) (TestCmd( 300015), 1) 
[ 3] [Commit index strict for 3 :  23]
[ 3] [Append_entries Response for 3]
[ 3] [     Matching_Index_Strict:  22]
[ 3] [     Success: TRUE]
[ 3] [New_State: NO_CHANGES]
[ 3] [State: FOLLOWER, Term:  1] 
[ 3] [Received_message: RAFT.MESSAGES.APPEND_ENTRIES_REQUEST] 
[ 3] [AppendEntriesRequest] for 3 Checking if log contains an entry at PrevLogTerm whose index matches PrevLogIndex
[ 3] [PrevLogIndex from Message:  22]
[ 3] [PrevLogTerm from message:  1]
[ 3] [ LogUpperBound:  23]
[ 3] [Logs for 3]
[ 3] (TestCmd( 1), 1) (TestCmd( 100001), 1) (TestCmd( 600001), 1) (TestCmd( 200001), 1) (TestCmd( 300001), 1) (TestCmd( 400001), 1) (TestCmd( 100002), 1) (TestCmd( 600002), 1) (TestCmd( 300002), 1) (TestCmd( 300003), 1) (TestCmd( 300004), 1) (TestCmd( 300005), 1) (TestCmd( 300006), 1) (TestCmd( 300007), 1) (TestCmd( 300008), 1) (TestCmd( 300009), 1) (TestCmd( 300010), 1) (TestCmd( 300011), 1) (TestCmd( 300012), 1) (TestCmd( 300013), 1) (TestCmd( 300014), 1) (TestCmd( 300015), 1) 
[No entries to add for 3]
[ 3] [Logs after update for 3]
[ 3] (TestCmd( 1), 1) (TestCmd( 100001), 1) (TestCmd( 600001), 1) (TestCmd( 200001), 1) (TestCmd( 300001), 1) (TestCmd( 400001), 1) (TestCmd( 100002), 1) (TestCmd( 600002), 1) (TestCmd( 300002), 1) (TestCmd( 300003), 1) (TestCmd( 300004), 1) (TestCmd( 300005), 1) (TestCmd( 300006), 1) (TestCmd( 300007), 1) (TestCmd( 300008), 1) (TestCmd( 300009), 1) (TestCmd( 300010), 1) (TestCmd( 300011), 1) (TestCmd( 300012), 1) (TestCmd( 300013), 1) (TestCmd( 300014), 1) (TestCmd( 300015), 1) 
[ 3] [Commit index strict for 3 :  23]
[ 3] [Append_entries Response for 3]
[ 3] [     Matching_Index_Strict:  22]
[ 3] [     Success: TRUE]
[ 3] [New_State: NO_CHANGES]
[ 3] [State: FOLLOWER, Term:  1] 
[ 3] [Received_message: RAFT.MESSAGES.APPEND_ENTRIES_REQUEST] 
[ 3] [AppendEntriesRequest] for 3 Checking if log contains an entry at PrevLogTerm whose index matches PrevLogIndex
[ 3] [PrevLogIndex from Message:  22]
[ 3] [PrevLogTerm from message:  1]
[ 3] [ LogUpperBound:  23]
[ 3] [Logs for 3]
[ 3] (TestCmd( 1), 1) (TestCmd( 100001), 1) (TestCmd( 600001), 1) (TestCmd( 200001), 1) (TestCmd( 300001), 1) (TestCmd( 400001), 1) (TestCmd( 100002), 1) (TestCmd( 600002), 1) (TestCmd( 300002), 1) (TestCmd( 300003), 1) (TestCmd( 300004), 1) (TestCmd( 300005), 1) (TestCmd( 300006), 1) (TestCmd( 300007), 1) (TestCmd( 300008), 1) (TestCmd( 300009), 1) (TestCmd( 300010), 1) (TestCmd( 300011), 1) (TestCmd( 300012), 1) (TestCmd( 300013), 1) (TestCmd( 300014), 1) (TestCmd( 300015), 1) 
[No entries to add for 3]
[ 3] [Logs after update for 3]
[ 3] (TestCmd( 1), 1) (TestCmd( 100001), 1) (TestCmd( 600001), 1) (TestCmd( 200001), 1) (TestCmd( 300001), 1) (TestCmd( 400001), 1) (TestCmd( 100002), 1) (TestCmd( 600002), 1) (TestCmd( 300002), 1) (TestCmd( 300003), 1) (TestCmd( 300004), 1) (TestCmd( 300005), 1) (TestCmd( 300006), 1) (TestCmd( 300007), 1) (TestCmd( 300008), 1) (TestCmd( 300009), 1) (TestCmd( 300010), 1) (TestCmd( 300011), 1) (TestCmd( 300012), 1) (TestCmd( 300013), 1) (TestCmd( 300014), 1) (TestCmd( 300015), 1) 
[ 3] [Commit index strict for 3 :  23]
[ 3] [Append_entries Response for 3]
[ 3] [     Matching_Index_Strict:  22]
[ 3] [     Success: TRUE]
[ 3] [New_State: NO_CHANGES]
[ 3] [State: FOLLOWER, Term:  1] 
[ 3] [Received_message: RAFT.MESSAGES.APPEND_ENTRIES_REQUEST] 
[ 3] [AppendEntriesRequest] for 3 Checking if log contains an entry at PrevLogTerm whose index matches PrevLogIndex
[ 3] [PrevLogIndex from Message:  22]
[ 3] [PrevLogTerm from message:  1]
[ 3] [ LogUpperBound:  23]
[ 3] [Logs for 3]
[ 3] (TestCmd( 1), 1) (TestCmd( 100001), 1) (TestCmd( 600001), 1) (TestCmd( 200001), 1) (TestCmd( 300001), 1) (TestCmd( 400001), 1) (TestCmd( 100002), 1) (TestCmd( 600002), 1) (TestCmd( 300002), 1) (TestCmd( 300003), 1) (TestCmd( 300004), 1) (TestCmd( 300005), 1) (TestCmd( 300006), 1) (TestCmd( 300007), 1) (TestCmd( 300008), 1) (TestCmd( 300009), 1) (TestCmd( 300010), 1) (TestCmd( 300011), 1) (TestCmd( 300012), 1) (TestCmd( 300013), 1) (TestCmd( 300014), 1) (TestCmd( 300015), 1) 
[No entries to add for 3]
[ 3] [Logs after update for 3]
[ 3] (TestCmd( 1), 1) (TestCmd( 100001), 1) (TestCmd( 600001), 1) (TestCmd( 200001), 1) (TestCmd( 300001), 1) (TestCmd( 400001), 1) (TestCmd( 100002), 1) (TestCmd( 600002), 1) (TestCmd( 300002), 1) (TestCmd( 300003), 1) (TestCmd( 300004), 1) (TestCmd( 300005), 1) (TestCmd( 300006), 1) (TestCmd( 300007), 1) (TestCmd( 300008), 1) (TestCmd( 300009), 1) (TestCmd( 300010), 1) (TestCmd( 300011), 1) (TestCmd( 300012), 1) (TestCmd( 300013), 1) (TestCmd( 300014), 1) (TestCmd( 300015), 1) 
[ 3] [Commit index strict for 3 :  23]
[ 3] [Append_entries Response for 3]
[ 3] [     Matching_Index_Strict:  22]
[ 3] [     Success: TRUE]
[ 3] [New_State: NO_CHANGES]
[ 3] [State: FOLLOWER, Term:  1] 
[ 3] [Received_message: RAFT.MESSAGES.APPEND_ENTRIES_REQUEST] 
[ 3] [AppendEntriesRequest] for 3 Checking if log contains an entry at PrevLogTerm whose index matches PrevLogIndex
[ 3] [PrevLogIndex from Message:  22]
[ 3] [PrevLogTerm from message:  1]
[ 3] [ LogUpperBound:  23]
[ 3] [Logs for 3]
[ 3] (TestCmd( 1), 1) (TestCmd( 100001), 1) (TestCmd( 600001), 1) (TestCmd( 200001), 1) (TestCmd( 300001), 1) (TestCmd( 400001), 1) (TestCmd( 100002), 1) (TestCmd( 600002), 1) (TestCmd( 300002), 1) (TestCmd( 300003), 1) (TestCmd( 300004), 1) (TestCmd( 300005), 1) (TestCmd( 300006), 1) (TestCmd( 300007), 1) (TestCmd( 300008), 1) (TestCmd( 300009), 1) (TestCmd( 300010), 1) (TestCmd( 300011), 1) (TestCmd( 300012), 1) (TestCmd( 300013), 1) (TestCmd( 300014), 1) (TestCmd( 300015), 1) 
[No entries to add for 3]
[ 3] [Logs after update for 3]
[ 3] (TestCmd( 1), 1) (TestCmd( 100001), 1) (TestCmd( 600001), 1) (TestCmd( 200001), 1) (TestCmd( 300001), 1) (TestCmd( 400001), 1) (TestCmd( 100002), 1) (TestCmd( 600002), 1) (TestCmd( 300002), 1) (TestCmd( 300003), 1) (TestCmd( 300004), 1) (TestCmd( 300005), 1) (TestCmd( 300006), 1) (TestCmd( 300007), 1) (TestCmd( 300008), 1) (TestCmd( 300009), 1) (TestCmd( 300010), 1) (TestCmd( 300011), 1) (TestCmd( 300012), 1) (TestCmd( 300013), 1) (TestCmd( 300014), 1) (TestCmd( 300015), 1) 
[ 3] [Commit index strict for 3 :  23]
[ 3] [Append_entries Response for 3]
[ 3] [     Matching_Index_Strict:  22]
[ 3] [     Success: TRUE]
[ 3] [New_State: NO_CHANGES]
[ 3] [State: FOLLOWER, Term:  1] 
[ 3] [Received_message: RAFT.MESSAGES.APPEND_ENTRIES_REQUEST] 
[ 3] [AppendEntriesRequest] for 3 Checking if log contains an entry at PrevLogTerm whose index matches PrevLogIndex
[ 3] [PrevLogIndex from Message:  22]
[ 3] [PrevLogTerm from message:  1]
[ 3] [ LogUpperBound:  23]
[ 3] [Logs for 3]
[ 3] (TestCmd( 1), 1) (TestCmd( 100001), 1) (TestCmd( 600001), 1) (TestCmd( 200001), 1) (TestCmd( 300001), 1) (TestCmd( 400001), 1) (TestCmd( 100002), 1) (TestCmd( 600002), 1) (TestCmd( 300002), 1) (TestCmd( 300003), 1) (TestCmd( 300004), 1) (TestCmd( 300005), 1) (TestCmd( 300006), 1) (TestCmd( 300007), 1) (TestCmd( 300008), 1) (TestCmd( 300009), 1) (TestCmd( 300010), 1) (TestCmd( 300011), 1) (TestCmd( 300012), 1) (TestCmd( 300013), 1) (TestCmd( 300014), 1) (TestCmd( 300015), 1) 
[No entries to add for 3]
[ 3] [Logs after update for 3]
[ 3] (TestCmd( 1), 1) (TestCmd( 100001), 1) (TestCmd( 600001), 1) (TestCmd( 200001), 1) (TestCmd( 300001), 1) (TestCmd( 400001), 1) (TestCmd( 100002), 1) (TestCmd( 600002), 1) (TestCmd( 300002), 1) (TestCmd( 300003), 1) (TestCmd( 300004), 1) (TestCmd( 300005), 1) (TestCmd( 300006), 1) (TestCmd( 300007), 1) (TestCmd( 300008), 1) (TestCmd( 300009), 1) (TestCmd( 300010), 1) (TestCmd( 300011), 1) (TestCmd( 300012), 1) (TestCmd( 300013), 1) (TestCmd( 300014), 1) (TestCmd( 300015), 1) 
[ 3] [Commit index strict for 3 :  23]
[ 3] [Append_entries Response for 3]
[ 3] [     Matching_Index_Strict:  22]
[ 3] [     Success: TRUE]
[ 3] [New_State: NO_CHANGES]
[node 3 epoch= 125] <- client A register
[ 3] [State: FOLLOWER, Term:  1] 
[ 3] [Received_message: RAFT.MESSAGES.REQUEST_REGISTER_CLIENT] 
[ 3] [New_State: NO_CHANGES]
[node 3 epoch= 125] <- client C register
[ 3] [State: FOLLOWER, Term:  1] 
[ 3] [Received_message: RAFT.MESSAGES.REQUEST_REGISTER_CLIENT] 
[ 3] [New_State: NO_CHANGES]
[node 3 epoch= 125] <- client E register
[ 3] [State: FOLLOWER, Term:  1] 
[ 3] [Received_message: RAFT.MESSAGES.REQUEST_REGISTER_CLIENT] 
[ 3] [New_State: NO_CHANGES]
[ 3] [State: FOLLOWER, Term:  1] 
[ 3] [Received_message: RAFT.MESSAGES.APPEND_ENTRIES_REQUEST] 
[ 3] [AppendEntriesRequest] for 3 Checking if log contains an entry at PrevLogTerm whose index matches PrevLogIndex
[ 3] [PrevLogIndex from Message:  22]
[ 3] [PrevLogTerm from message:  1]
[ 3] [ LogUpperBound:  23]
[ 3] [Logs for 3]
[ 3] (TestCmd( 1), 1) (TestCmd( 100001), 1) (TestCmd( 600001), 1) (TestCmd( 200001), 1) (TestCmd( 300001), 1) (TestCmd( 400001), 1) (TestCmd( 100002), 1) (TestCmd( 600002), 1) (TestCmd( 300002), 1) (TestCmd( 300003), 1) (TestCmd( 300004), 1) (TestCmd( 300005), 1) (TestCmd( 300006), 1) (TestCmd( 300007), 1) (TestCmd( 300008), 1) (TestCmd( 300009), 1) (TestCmd( 300010), 1) (TestCmd( 300011), 1) (TestCmd( 300012), 1) (TestCmd( 300013), 1) (TestCmd( 300014), 1) (TestCmd( 300015), 1) 
[No entries to add for 3]
[ 3] [Logs after update for 3]
[ 3] (TestCmd( 1), 1) (TestCmd( 100001), 1) (TestCmd( 600001), 1) (TestCmd( 200001), 1) (TestCmd( 300001), 1) (TestCmd( 400001), 1) (TestCmd( 100002), 1) (TestCmd( 600002), 1) (TestCmd( 300002), 1) (TestCmd( 300003), 1) (TestCmd( 300004), 1) (TestCmd( 300005), 1) (TestCmd( 300006), 1) (TestCmd( 300007), 1) (TestCmd( 300008), 1) (TestCmd( 300009), 1) (TestCmd( 300010), 1) (TestCmd( 300011), 1) (TestCmd( 300012), 1) (TestCmd( 300013), 1) (TestCmd( 300014), 1) (TestCmd( 300015), 1) 
[ 3] [Commit index strict for 3 :  23]
[ 3] [Append_entries Response for 3]
[ 3] [     Matching_Index_Strict:  22]
[ 3] [     Success: TRUE]
[ 3] [New_State: NO_CHANGES]
[ 3] [State: FOLLOWER, Term:  1] 
[ 3] [Received_message: RAFT.MESSAGES.APPEND_ENTRIES_REQUEST] 
[ 3] [AppendEntriesRequest] for 3 Checking if log contains an entry at PrevLogTerm whose index matches PrevLogIndex
[ 3] [PrevLogIndex from Message:  22]
[ 3] [PrevLogTerm from message:  1]
[ 3] [ LogUpperBound:  23]
[ 3] [Logs for 3]
[ 3] (TestCmd( 1), 1) (TestCmd( 100001), 1) (TestCmd( 600001), 1) (TestCmd( 200001), 1) (TestCmd( 300001), 1) (TestCmd( 400001), 1) (TestCmd( 100002), 1) (TestCmd( 600002), 1) (TestCmd( 300002), 1) (TestCmd( 300003), 1) (TestCmd( 300004), 1) (TestCmd( 300005), 1) (TestCmd( 300006), 1) (TestCmd( 300007), 1) (TestCmd( 300008), 1) (TestCmd( 300009), 1) (TestCmd( 300010), 1) (TestCmd( 300011), 1) (TestCmd( 300012), 1) (TestCmd( 300013), 1) (TestCmd( 300014), 1) (TestCmd( 300015), 1) 
[No entries to add for 3]
[ 3] [Logs after update for 3]
[ 3] (TestCmd( 1), 1) (TestCmd( 100001), 1) (TestCmd( 600001), 1) (TestCmd( 200001), 1) (TestCmd( 300001), 1) (TestCmd( 400001), 1) (TestCmd( 100002), 1) (TestCmd( 600002), 1) (TestCmd( 300002), 1) (TestCmd( 300003), 1) (TestCmd( 300004), 1) (TestCmd( 300005), 1) (TestCmd( 300006), 1) (TestCmd( 300007), 1) (TestCmd( 300008), 1) (TestCmd( 300009), 1) (TestCmd( 300010), 1) (TestCmd( 300011), 1) (TestCmd( 300012), 1) (TestCmd( 300013), 1) (TestCmd( 300014), 1) (TestCmd( 300015), 1) 
[ 3] [Commit index strict for 3 :  23]
[ 3] [Append_entries Response for 3]
[ 3] [     Matching_Index_Strict:  22]
[ 3] [     Success: TRUE]
[ 3] [New_State: NO_CHANGES]
[ 3] [State: FOLLOWER, Term:  1] 
[ 3] [Received_message: RAFT.MESSAGES.APPEND_ENTRIES_REQUEST] 
[ 3] [AppendEntriesRequest] for 3 Checking if log contains an entry at PrevLogTerm whose index matches PrevLogIndex
[ 3] [PrevLogIndex from Message:  22]
[ 3] [PrevLogTerm from message:  1]
[ 3] [ LogUpperBound:  23]
[ 3] [Logs for 3]
[ 3] (TestCmd( 1), 1) (TestCmd( 100001), 1) (TestCmd( 600001), 1) (TestCmd( 200001), 1) (TestCmd( 300001), 1) (TestCmd( 400001), 1) (TestCmd( 100002), 1) (TestCmd( 600002), 1) (TestCmd( 300002), 1) (TestCmd( 300003), 1) (TestCmd( 300004), 1) (TestCmd( 300005), 1) (TestCmd( 300006), 1) (TestCmd( 300007), 1) (TestCmd( 300008), 1) (TestCmd( 300009), 1) (TestCmd( 300010), 1) (TestCmd( 300011), 1) (TestCmd( 300012), 1) (TestCmd( 300013), 1) (TestCmd( 300014), 1) (TestCmd( 300015), 1) 
[No entries to add for 3]
[ 3] [Logs after update for 3]
[ 3] (TestCmd( 1), 1) (TestCmd( 100001), 1) (TestCmd( 600001), 1) (TestCmd( 200001), 1) (TestCmd( 300001), 1) (TestCmd( 400001), 1) (TestCmd( 100002), 1) (TestCmd( 600002), 1) (TestCmd( 300002), 1) (TestCmd( 300003), 1) (TestCmd( 300004), 1) (TestCmd( 300005), 1) (TestCmd( 300006), 1) (TestCmd( 300007), 1) (TestCmd( 300008), 1) (TestCmd( 300009), 1) (TestCmd( 300010), 1) (TestCmd( 300011), 1) (TestCmd( 300012), 1) (TestCmd( 300013), 1) (TestCmd( 300014), 1) (TestCmd( 300015), 1) 
[ 3] [Commit index strict for 3 :  23]
[ 3] [Append_entries Response for 3]
[ 3] [     Matching_Index_Strict:  22]
[ 3] [     Success: TRUE]
[ 3] [New_State: NO_CHANGES]
[ 3] [State: FOLLOWER, Term:  1] 
[ 3] [Received_message: RAFT.MESSAGES.APPEND_ENTRIES_REQUEST] 
[ 3] [AppendEntriesRequest] for 3 Checking if log contains an entry at PrevLogTerm whose index matches PrevLogIndex
[ 3] [PrevLogIndex from Message:  22]
[ 3] [PrevLogTerm from message:  1]
[ 3] [ LogUpperBound:  23]
[ 3] [Logs for 3]
[ 3] (TestCmd( 1), 1) (TestCmd( 100001), 1) (TestCmd( 600001), 1) (TestCmd( 200001), 1) (TestCmd( 300001), 1) (TestCmd( 400001), 1) (TestCmd( 100002), 1) (TestCmd( 600002), 1) (TestCmd( 300002), 1) (TestCmd( 300003), 1) (TestCmd( 300004), 1) (TestCmd( 300005), 1) (TestCmd( 300006), 1) (TestCmd( 300007), 1) (TestCmd( 300008), 1) (TestCmd( 300009), 1) (TestCmd( 300010), 1) (TestCmd( 300011), 1) (TestCmd( 300012), 1) (TestCmd( 300013), 1) (TestCmd( 300014), 1) (TestCmd( 300015), 1) 
[No entries to add for 3]
[ 3] [Logs after update for 3]
[ 3] (TestCmd( 1), 1) (TestCmd( 100001), 1) (TestCmd( 600001), 1) (TestCmd( 200001), 1) (TestCmd( 300001), 1) (TestCmd( 400001), 1) (TestCmd( 100002), 1) (TestCmd( 600002), 1) (TestCmd( 300002), 1) (TestCmd( 300003), 1) (TestCmd( 300004), 1) (TestCmd( 300005), 1) (TestCmd( 300006), 1) (TestCmd( 300007), 1) (TestCmd( 300008), 1) (TestCmd( 300009), 1) (TestCmd( 300010), 1) (TestCmd( 300011), 1) (TestCmd( 300012), 1) (TestCmd( 300013), 1) (TestCmd( 300014), 1) (TestCmd( 300015), 1) 
[ 3] [Commit index strict for 3 :  23]
[ 3] [Append_entries Response for 3]
[ 3] [     Matching_Index_Strict:  22]
[ 3] [     Success: TRUE]
[ 3] [New_State: NO_CHANGES]
[ 3] [State: FOLLOWER, Term:  1] 
[ 3] [Received_message: RAFT.MESSAGES.APPEND_ENTRIES_REQUEST] 
[ 3] [AppendEntriesRequest] for 3 Checking if log contains an entry at PrevLogTerm whose index matches PrevLogIndex
[ 3] [PrevLogIndex from Message:  22]
[ 3] [PrevLogTerm from message:  1]
[ 3] [ LogUpperBound:  23]
[ 3] [Logs for 3]
[ 3] (TestCmd( 1), 1) (TestCmd( 100001), 1) (TestCmd( 600001), 1) (TestCmd( 200001), 1) (TestCmd( 300001), 1) (TestCmd( 400001), 1) (TestCmd( 100002), 1) (TestCmd( 600002), 1) (TestCmd( 300002), 1) (TestCmd( 300003), 1) (TestCmd( 300004), 1) (TestCmd( 300005), 1) (TestCmd( 300006), 1) (TestCmd( 300007), 1) (TestCmd( 300008), 1) (TestCmd( 300009), 1) (TestCmd( 300010), 1) (TestCmd( 300011), 1) (TestCmd( 300012), 1) (TestCmd( 300013), 1) (TestCmd( 300014), 1) (TestCmd( 300015), 1) 
[No entries to add for 3]
[ 3] [Logs after update for 3]
[ 3] (TestCmd( 1), 1) (TestCmd( 100001), 1) (TestCmd( 600001), 1) (TestCmd( 200001), 1) (TestCmd( 300001), 1) (TestCmd( 400001), 1) (TestCmd( 100002), 1) (TestCmd( 600002), 1) (TestCmd( 300002), 1) (TestCmd( 300003), 1) (TestCmd( 300004), 1) (TestCmd( 300005), 1) (TestCmd( 300006), 1) (TestCmd( 300007), 1) (TestCmd( 300008), 1) (TestCmd( 300009), 1) (TestCmd( 300010), 1) (TestCmd( 300011), 1) (TestCmd( 300012), 1) (TestCmd( 300013), 1) (TestCmd( 300014), 1) (TestCmd( 300015), 1) 
[ 3] [Commit index strict for 3 :  23]
[ 3] [Append_entries Response for 3]
[ 3] [     Matching_Index_Strict:  22]
[ 3] [     Success: TRUE]
[ 3] [New_State: NO_CHANGES]
[ 3] [State: FOLLOWER, Term:  1] 
[ 3] [Received_message: RAFT.MESSAGES.APPEND_ENTRIES_REQUEST] 
[ 3] [AppendEntriesRequest] for 3 Checking if log contains an entry at PrevLogTerm whose index matches PrevLogIndex
[ 3] [PrevLogIndex from Message:  22]
[ 3] [PrevLogTerm from message:  1]
[ 3] [ LogUpperBound:  23]
[ 3] [Logs for 3]
[ 3] (TestCmd( 1), 1) (TestCmd( 100001), 1) (TestCmd( 600001), 1) (TestCmd( 200001), 1) (TestCmd( 300001), 1) (TestCmd( 400001), 1) (TestCmd( 100002), 1) (TestCmd( 600002), 1) (TestCmd( 300002), 1) (TestCmd( 300003), 1) (TestCmd( 300004), 1) (TestCmd( 300005), 1) (TestCmd( 300006), 1) (TestCmd( 300007), 1) (TestCmd( 300008), 1) (TestCmd( 300009), 1) (TestCmd( 300010), 1) (TestCmd( 300011), 1) (TestCmd( 300012), 1) (TestCmd( 300013), 1) (TestCmd( 300014), 1) (TestCmd( 300015), 1) 
[No entries to add for 3]
[ 3] [Logs after update for 3]
[ 3] (TestCmd( 1), 1) (TestCmd( 100001), 1) (TestCmd( 600001), 1) (TestCmd( 200001), 1) (TestCmd( 300001), 1) (TestCmd( 400001), 1) (TestCmd( 100002), 1) (TestCmd( 600002), 1) (TestCmd( 300002), 1) (TestCmd( 300003), 1) (TestCmd( 300004), 1) (TestCmd( 300005), 1) (TestCmd( 300006), 1) (TestCmd( 300007), 1) (TestCmd( 300008), 1) (TestCmd( 300009), 1) (TestCmd( 300010), 1) (TestCmd( 300011), 1) (TestCmd( 300012), 1) (TestCmd( 300013), 1) (TestCmd( 300014), 1) (TestCmd( 300015), 1) 
[ 3] [Commit index strict for 3 :  23]
[ 3] [Append_entries Response for 3]
[ 3] [     Matching_Index_Strict:  22]
[ 3] [     Success: TRUE]
[ 3] [New_State: NO_CHANGES]
[ 3] [State: FOLLOWER, Term:  1] 
[ 3] [Received_message: RAFT.MESSAGES.APPEND_ENTRIES_REQUEST] 
[ 3] [AppendEntriesRequest] for 3 Checking if log contains an entry at PrevLogTerm whose index matches PrevLogIndex
[ 3] [PrevLogIndex from Message:  22]
[ 3] [PrevLogTerm from message:  1]
[ 3] [ LogUpperBound:  23]
[ 3] [Logs for 3]
[ 3] (TestCmd( 1), 1) (TestCmd( 100001), 1) (TestCmd( 600001), 1) (TestCmd( 200001), 1) (TestCmd( 300001), 1) (TestCmd( 400001), 1) (TestCmd( 100002), 1) (TestCmd( 600002), 1) (TestCmd( 300002), 1) (TestCmd( 300003), 1) (TestCmd( 300004), 1) (TestCmd( 300005), 1) (TestCmd( 300006), 1) (TestCmd( 300007), 1) (TestCmd( 300008), 1) (TestCmd( 300009), 1) (TestCmd( 300010), 1) (TestCmd( 300011), 1) (TestCmd( 300012), 1) (TestCmd( 300013), 1) (TestCmd( 300014), 1) (TestCmd( 300015), 1) 
[No entries to add for 3]
[ 3] [Logs after update for 3]
[ 3] (TestCmd( 1), 1) (TestCmd( 100001), 1) (TestCmd( 600001), 1) (TestCmd( 200001), 1) (TestCmd( 300001), 1) (TestCmd( 400001), 1) (TestCmd( 100002), 1) (TestCmd( 600002), 1) (TestCmd( 300002), 1) (TestCmd( 300003), 1) (TestCmd( 300004), 1) (TestCmd( 300005), 1) (TestCmd( 300006), 1) (TestCmd( 300007), 1) (TestCmd( 300008), 1) (TestCmd( 300009), 1) (TestCmd( 300010), 1) (TestCmd( 300011), 1) (TestCmd( 300012), 1) (TestCmd( 300013), 1) (TestCmd( 300014), 1) (TestCmd( 300015), 1) 
[ 3] [Commit index strict for 3 :  23]
[ 3] [Append_entries Response for 3]
[ 3] [     Matching_Index_Strict:  22]
[ 3] [     Success: TRUE]
[ 3] [New_State: NO_CHANGES]
[ 3] [State: FOLLOWER, Term:  1] 
[ 3] [Received_message: RAFT.MESSAGES.APPEND_ENTRIES_REQUEST] 
[ 3] [AppendEntriesRequest] for 3 Checking if log contains an entry at PrevLogTerm whose index matches PrevLogIndex
[ 3] [PrevLogIndex from Message:  22]
[ 3] [PrevLogTerm from message:  1]
[ 3] [ LogUpperBound:  23]
[ 3] [Logs for 3]
[ 3] (TestCmd( 1), 1) (TestCmd( 100001), 1) (TestCmd( 600001), 1) (TestCmd( 200001), 1) (TestCmd( 300001), 1) (TestCmd( 400001), 1) (TestCmd( 100002), 1) (TestCmd( 600002), 1) (TestCmd( 300002), 1) (TestCmd( 300003), 1) (TestCmd( 300004), 1) (TestCmd( 300005), 1) (TestCmd( 300006), 1) (TestCmd( 300007), 1) (TestCmd( 300008), 1) (TestCmd( 300009), 1) (TestCmd( 300010), 1) (TestCmd( 300011), 1) (TestCmd( 300012), 1) (TestCmd( 300013), 1) (TestCmd( 300014), 1) (TestCmd( 300015), 1) 
[No entries to add for 3]
[ 3] [Logs after update for 3]
[ 3] (TestCmd( 1), 1) (TestCmd( 100001), 1) (TestCmd( 600001), 1) (TestCmd( 200001), 1) (TestCmd( 300001), 1) (TestCmd( 400001), 1) (TestCmd( 100002), 1) (TestCmd( 600002), 1) (TestCmd( 300002), 1) (TestCmd( 300003), 1) (TestCmd( 300004), 1) (TestCmd( 300005), 1) (TestCmd( 300006), 1) (TestCmd( 300007), 1) (TestCmd( 300008), 1) (TestCmd( 300009), 1) (TestCmd( 300010), 1) (TestCmd( 300011), 1) (TestCmd( 300012), 1) (TestCmd( 300013), 1) (TestCmd( 300014), 1) (TestCmd( 300015), 1) 
[ 3] [Commit index strict for 3 :  23]
[ 3] [Append_entries Response for 3]
[ 3] [     Matching_Index_Strict:  22]
[ 3] [     Success: TRUE]
[ 3] [New_State: NO_CHANGES]
[ 3] [State: FOLLOWER, Term:  1] 
[ 3] [Received_message: RAFT.MESSAGES.APPEND_ENTRIES_REQUEST] 
[ 3] [AppendEntriesRequest] for 3 Checking if log contains an entry at PrevLogTerm whose index matches PrevLogIndex
[ 3] [PrevLogIndex from Message:  22]
[ 3] [PrevLogTerm from message:  1]
[ 3] [ LogUpperBound:  23]
[ 3] [Logs for 3]
[ 3] (TestCmd( 1), 1) (TestCmd( 100001), 1) (TestCmd( 600001), 1) (TestCmd( 200001), 1) (TestCmd( 300001), 1) (TestCmd( 400001), 1) (TestCmd( 100002), 1) (TestCmd( 600002), 1) (TestCmd( 300002), 1) (TestCmd( 300003), 1) (TestCmd( 300004), 1) (TestCmd( 300005), 1) (TestCmd( 300006), 1) (TestCmd( 300007), 1) (TestCmd( 300008), 1) (TestCmd( 300009), 1) (TestCmd( 300010), 1) (TestCmd( 300011), 1) (TestCmd( 300012), 1) (TestCmd( 300013), 1) (TestCmd( 300014), 1) (TestCmd( 300015), 1) 
[No entries to add for 3]
[ 3] [Logs after update for 3]
[ 3] (TestCmd( 1), 1) (TestCmd( 100001), 1) (TestCmd( 600001), 1) (TestCmd( 200001), 1) (TestCmd( 300001), 1) (TestCmd( 400001), 1) (TestCmd( 100002), 1) (TestCmd( 600002), 1) (TestCmd( 300002), 1) (TestCmd( 300003), 1) (TestCmd( 300004), 1) (TestCmd( 300005), 1) (TestCmd( 300006), 1) (TestCmd( 300007), 1) (TestCmd( 300008), 1) (TestCmd( 300009), 1) (TestCmd( 300010), 1) (TestCmd( 300011), 1) (TestCmd( 300012), 1) (TestCmd( 300013), 1) (TestCmd( 300014), 1) (TestCmd( 300015), 1) 
[ 3] [Commit index strict for 3 :  23]
[ 3] [Append_entries Response for 3]
[ 3] [     Matching_Index_Strict:  22]
[ 3] [     Success: TRUE]
[ 3] [New_State: NO_CHANGES]
[ 3] [State: FOLLOWER, Term:  1] 
[ 3] [Received_message: RAFT.MESSAGES.APPEND_ENTRIES_REQUEST] 
[ 3] [AppendEntriesRequest] for 3 Checking if log contains an entry at PrevLogTerm whose index matches PrevLogIndex
[ 3] [PrevLogIndex from Message:  22]
[ 3] [PrevLogTerm from message:  1]
[ 3] [ LogUpperBound:  23]
[ 3] [Logs for 3]
[ 3] (TestCmd( 1), 1) (TestCmd( 100001), 1) (TestCmd( 600001), 1) (TestCmd( 200001), 1) (TestCmd( 300001), 1) (TestCmd( 400001), 1) (TestCmd( 100002), 1) (TestCmd( 600002), 1) (TestCmd( 300002), 1) (TestCmd( 300003), 1) (TestCmd( 300004), 1) (TestCmd( 300005), 1) (TestCmd( 300006), 1) (TestCmd( 300007), 1) (TestCmd( 300008), 1) (TestCmd( 300009), 1) (TestCmd( 300010), 1) (TestCmd( 300011), 1) (TestCmd( 300012), 1) (TestCmd( 300013), 1) (TestCmd( 300014), 1) (TestCmd( 300015), 1) 
[No entries to add for 3]
[ 3] [Logs after update for 3]
[ 3] (TestCmd( 1), 1) (TestCmd( 100001), 1) (TestCmd( 600001), 1) (TestCmd( 200001), 1) (TestCmd( 300001), 1) (TestCmd( 400001), 1) (TestCmd( 100002), 1) (TestCmd( 600002), 1) (TestCmd( 300002), 1) (TestCmd( 300003), 1) (TestCmd( 300004), 1) (TestCmd( 300005), 1) (TestCmd( 300006), 1) (TestCmd( 300007), 1) (TestCmd( 300008), 1) (TestCmd( 300009), 1) (TestCmd( 300010), 1) (TestCmd( 300011), 1) (TestCmd( 300012), 1) (TestCmd( 300013), 1) (TestCmd( 300014), 1) (TestCmd( 300015), 1) 
[ 3] [Commit index strict for 3 :  23]
[ 3] [Append_entries Response for 3]
[ 3] [     Matching_Index_Strict:  22]
[ 3] [     Success: TRUE]
[ 3] [New_State: NO_CHANGES]
[ 3] [State: FOLLOWER, Term:  1] 
[ 3] [Received_message: RAFT.MESSAGES.APPEND_ENTRIES_REQUEST] 
[ 3] [AppendEntriesRequest] for 3 Checking if log contains an entry at PrevLogTerm whose index matches PrevLogIndex
[ 3] [PrevLogIndex from Message:  22]
[ 3] [PrevLogTerm from message:  1]
[ 3] [ LogUpperBound:  23]
[ 3] [Logs for 3]
[ 3] (TestCmd( 1), 1) (TestCmd( 100001), 1) (TestCmd( 600001), 1) (TestCmd( 200001), 1) (TestCmd( 300001), 1) (TestCmd( 400001), 1) (TestCmd( 100002), 1) (TestCmd( 600002), 1) (TestCmd( 300002), 1) (TestCmd( 300003), 1) (TestCmd( 300004), 1) (TestCmd( 300005), 1) (TestCmd( 300006), 1) (TestCmd( 300007), 1) (TestCmd( 300008), 1) (TestCmd( 300009), 1) (TestCmd( 300010), 1) (TestCmd( 300011), 1) (TestCmd( 300012), 1) (TestCmd( 300013), 1) (TestCmd( 300014), 1) (TestCmd( 300015), 1) 
[No entries to add for 3]
[ 3] [Logs after update for 3]
[ 3] (TestCmd( 1), 1) (TestCmd( 100001), 1) (TestCmd( 600001), 1) (TestCmd( 200001), 1) (TestCmd( 300001), 1) (TestCmd( 400001), 1) (TestCmd( 100002), 1) (TestCmd( 600002), 1) (TestCmd( 300002), 1) (TestCmd( 300003), 1) (TestCmd( 300004), 1) (TestCmd( 300005), 1) (TestCmd( 300006), 1) (TestCmd( 300007), 1) (TestCmd( 300008), 1) (TestCmd( 300009), 1) (TestCmd( 300010), 1) (TestCmd( 300011), 1) (TestCmd( 300012), 1) (TestCmd( 300013), 1) (TestCmd( 300014), 1) (TestCmd( 300015), 1) 
[ 3] [Commit index strict for 3 :  23]
[ 3] [Append_entries Response for 3]
[ 3] [     Matching_Index_Strict:  22]
[ 3] [     Success: TRUE]
[ 3] [New_State: NO_CHANGES]
[node 3 epoch= 166] <- client F register
[ 3] [State: FOLLOWER, Term:  1] 
[ 3] [Received_message: RAFT.MESSAGES.REQUEST_REGISTER_CLIENT] 
[ 3] [New_State: NO_CHANGES]
[node 3 epoch= 166] <- client B register
[ 3] [State: FOLLOWER, Term:  1] 
[ 3] [Received_message: RAFT.MESSAGES.REQUEST_REGISTER_CLIENT] 
[ 3] [New_State: NO_CHANGES]
[ 3] [State: FOLLOWER, Term:  1] 
[ 3] [Received_message: RAFT.MESSAGES.APPEND_ENTRIES_REQUEST] 
[ 3] [AppendEntriesRequest] for 3 Checking if log contains an entry at PrevLogTerm whose index matches PrevLogIndex
[ 3] [PrevLogIndex from Message:  22]
[ 3] [PrevLogTerm from message:  1]
[ 3] [ LogUpperBound:  23]
[ 3] [Logs for 3]
[ 3] (TestCmd( 1), 1) (TestCmd( 100001), 1) (TestCmd( 600001), 1) (TestCmd( 200001), 1) (TestCmd( 300001), 1) (TestCmd( 400001), 1) (TestCmd( 100002), 1) (TestCmd( 600002), 1) (TestCmd( 300002), 1) (TestCmd( 300003), 1) (TestCmd( 300004), 1) (TestCmd( 300005), 1) (TestCmd( 300006), 1) (TestCmd( 300007), 1) (TestCmd( 300008), 1) (TestCmd( 300009), 1) (TestCmd( 300010), 1) (TestCmd( 300011), 1) (TestCmd( 300012), 1) (TestCmd( 300013), 1) (TestCmd( 300014), 1) (TestCmd( 300015), 1) 
[No entries to add for 3]
[ 3] [Logs after update for 3]
[ 3] (TestCmd( 1), 1) (TestCmd( 100001), 1) (TestCmd( 600001), 1) (TestCmd( 200001), 1) (TestCmd( 300001), 1) (TestCmd( 400001), 1) (TestCmd( 100002), 1) (TestCmd( 600002), 1) (TestCmd( 300002), 1) (TestCmd( 300003), 1) (TestCmd( 300004), 1) (TestCmd( 300005), 1) (TestCmd( 300006), 1) (TestCmd( 300007), 1) (TestCmd( 300008), 1) (TestCmd( 300009), 1) (TestCmd( 300010), 1) (TestCmd( 300011), 1) (TestCmd( 300012), 1) (TestCmd( 300013), 1) (TestCmd( 300014), 1) (TestCmd( 300015), 1) 
[ 3] [Commit index strict for 3 :  23]
[ 3] [Append_entries Response for 3]
[ 3] [     Matching_Index_Strict:  22]
[ 3] [     Success: TRUE]
[ 3] [New_State: NO_CHANGES]
[ 3] [State: FOLLOWER, Term:  1] 
[ 3] [Received_message: RAFT.MESSAGES.APPEND_ENTRIES_REQUEST] 
[ 3] [AppendEntriesRequest] for 3 Checking if log contains an entry at PrevLogTerm whose index matches PrevLogIndex
[ 3] [PrevLogIndex from Message:  22]
[ 3] [PrevLogTerm from message:  1]
[ 3] [ LogUpperBound:  23]
[ 3] [Logs for 3]
[ 3] (TestCmd( 1), 1) (TestCmd( 100001), 1) (TestCmd( 600001), 1) (TestCmd( 200001), 1) (TestCmd( 300001), 1) (TestCmd( 400001), 1) (TestCmd( 100002), 1) (TestCmd( 600002), 1) (TestCmd( 300002), 1) (TestCmd( 300003), 1) (TestCmd( 300004), 1) (TestCmd( 300005), 1) (TestCmd( 300006), 1) (TestCmd( 300007), 1) (TestCmd( 300008), 1) (TestCmd( 300009), 1) (TestCmd( 300010), 1) (TestCmd( 300011), 1) (TestCmd( 300012), 1) (TestCmd( 300013), 1) (TestCmd( 300014), 1) (TestCmd( 300015), 1) 
[No entries to add for 3]
[ 3] [Logs after update for 3]
[ 3] (TestCmd( 1), 1) (TestCmd( 100001), 1) (TestCmd( 600001), 1) (TestCmd( 200001), 1) (TestCmd( 300001), 1) (TestCmd( 400001), 1) (TestCmd( 100002), 1) (TestCmd( 600002), 1) (TestCmd( 300002), 1) (TestCmd( 300003), 1) (TestCmd( 300004), 1) (TestCmd( 300005), 1) (TestCmd( 300006), 1) (TestCmd( 300007), 1) (TestCmd( 300008), 1) (TestCmd( 300009), 1) (TestCmd( 300010), 1) (TestCmd( 300011), 1) (TestCmd( 300012), 1) (TestCmd( 300013), 1) (TestCmd( 300014), 1) (TestCmd( 300015), 1) 
[ 3] [Commit index strict for 3 :  23]
[ 3] [Append_entries Response for 3]
[ 3] [     Matching_Index_Strict:  22]
[ 3] [     Success: TRUE]
[ 3] [New_State: NO_CHANGES]
[ 3] [State: FOLLOWER, Term:  1] 
[ 3] [Received_message: RAFT.MESSAGES.APPEND_ENTRIES_REQUEST] 
[ 3] [AppendEntriesRequest] for 3 Checking if log contains an entry at PrevLogTerm whose index matches PrevLogIndex
[ 3] [PrevLogIndex from Message:  22]
[ 3] [PrevLogTerm from message:  1]
[ 3] [ LogUpperBound:  23]
[ 3] [Logs for 3]
[ 3] (TestCmd( 1), 1) (TestCmd( 100001), 1) (TestCmd( 600001), 1) (TestCmd( 200001), 1) (TestCmd( 300001), 1) (TestCmd( 400001), 1) (TestCmd( 100002), 1) (TestCmd( 600002), 1) (TestCmd( 300002), 1) (TestCmd( 300003), 1) (TestCmd( 300004), 1) (TestCmd( 300005), 1) (TestCmd( 300006), 1) (TestCmd( 300007), 1) (TestCmd( 300008), 1) (TestCmd( 300009), 1) (TestCmd( 300010), 1) (TestCmd( 300011), 1) (TestCmd( 300012), 1) (TestCmd( 300013), 1) (TestCmd( 300014), 1) (TestCmd( 300015), 1) 
[No entries to add for 3]
[ 3] [Logs after update for 3]
[ 3] (TestCmd( 1), 1) (TestCmd( 100001), 1) (TestCmd( 600001), 1) (TestCmd( 200001), 1) (TestCmd( 300001), 1) (TestCmd( 400001), 1) (TestCmd( 100002), 1) (TestCmd( 600002), 1) (TestCmd( 300002), 1) (TestCmd( 300003), 1) (TestCmd( 300004), 1) (TestCmd( 300005), 1) (TestCmd( 300006), 1) (TestCmd( 300007), 1) (TestCmd( 300008), 1) (TestCmd( 300009), 1) (TestCmd( 300010), 1) (TestCmd( 300011), 1) (TestCmd( 300012), 1) (TestCmd( 300013), 1) (TestCmd( 300014), 1) (TestCmd( 300015), 1) 
[ 3] [Commit index strict for 3 :  23]
[ 3] [Append_entries Response for 3]
[ 3] [     Matching_Index_Strict:  22]
[ 3] [     Success: TRUE]
[ 3] [New_State: NO_CHANGES]
[ 3] [State: FOLLOWER, Term:  1] 
[ 3] [Received_message: RAFT.MESSAGES.APPEND_ENTRIES_REQUEST] 
[ 3] [AppendEntriesRequest] for 3 Checking if log contains an entry at PrevLogTerm whose index matches PrevLogIndex
[ 3] [PrevLogIndex from Message:  22]
[ 3] [PrevLogTerm from message:  1]
[ 3] [ LogUpperBound:  23]
[ 3] [Logs for 3]
[ 3] (TestCmd( 1), 1) (TestCmd( 100001), 1) (TestCmd( 600001), 1) (TestCmd( 200001), 1) (TestCmd( 300001), 1) (TestCmd( 400001), 1) (TestCmd( 100002), 1) (TestCmd( 600002), 1) (TestCmd( 300002), 1) (TestCmd( 300003), 1) (TestCmd( 300004), 1) (TestCmd( 300005), 1) (TestCmd( 300006), 1) (TestCmd( 300007), 1) (TestCmd( 300008), 1) (TestCmd( 300009), 1) (TestCmd( 300010), 1) (TestCmd( 300011), 1) (TestCmd( 300012), 1) (TestCmd( 300013), 1) (TestCmd( 300014), 1) (TestCmd( 300015), 1) 
[No entries to add for 3]
[ 3] [Logs after update for 3]
[ 3] (TestCmd( 1), 1) (TestCmd( 100001), 1) (TestCmd( 600001), 1) (TestCmd( 200001), 1) (TestCmd( 300001), 1) (TestCmd( 400001), 1) (TestCmd( 100002), 1) (TestCmd( 600002), 1) (TestCmd( 300002), 1) (TestCmd( 300003), 1) (TestCmd( 300004), 1) (TestCmd( 300005), 1) (TestCmd( 300006), 1) (TestCmd( 300007), 1) (TestCmd( 300008), 1) (TestCmd( 300009), 1) (TestCmd( 300010), 1) (TestCmd( 300011), 1) (TestCmd( 300012), 1) (TestCmd( 300013), 1) (TestCmd( 300014), 1) (TestCmd( 300015), 1) 
[ 3] [Commit index strict for 3 :  23]
[ 3] [Append_entries Response for 3]
[ 3] [     Matching_Index_Strict:  22]
[ 3] [     Success: TRUE]
[ 3] [New_State: NO_CHANGES]
[ 3] [State: FOLLOWER, Term:  1] 
[ 3] [Received_message: RAFT.MESSAGES.APPEND_ENTRIES_REQUEST] 
[ 3] [AppendEntriesRequest] for 3 Checking if log contains an entry at PrevLogTerm whose index matches PrevLogIndex
[ 3] [PrevLogIndex from Message:  22]
[ 3] [PrevLogTerm from message:  1]
[ 3] [ LogUpperBound:  23]
[ 3] [Logs for 3]
[ 3] (TestCmd( 1), 1) (TestCmd( 100001), 1) (TestCmd( 600001), 1) (TestCmd( 200001), 1) (TestCmd( 300001), 1) (TestCmd( 400001), 1) (TestCmd( 100002), 1) (TestCmd( 600002), 1) (TestCmd( 300002), 1) (TestCmd( 300003), 1) (TestCmd( 300004), 1) (TestCmd( 300005), 1) (TestCmd( 300006), 1) (TestCmd( 300007), 1) (TestCmd( 300008), 1) (TestCmd( 300009), 1) (TestCmd( 300010), 1) (TestCmd( 300011), 1) (TestCmd( 300012), 1) (TestCmd( 300013), 1) (TestCmd( 300014), 1) (TestCmd( 300015), 1) 
[No entries to add for 3]
[ 3] [Logs after update for 3]
[ 3] (TestCmd( 1), 1) (TestCmd( 100001), 1) (TestCmd( 600001), 1) (TestCmd( 200001), 1) (TestCmd( 300001), 1) (TestCmd( 400001), 1) (TestCmd( 100002), 1) (TestCmd( 600002), 1) (TestCmd( 300002), 1) (TestCmd( 300003), 1) (TestCmd( 300004), 1) (TestCmd( 300005), 1) (TestCmd( 300006), 1) (TestCmd( 300007), 1) (TestCmd( 300008), 1) (TestCmd( 300009), 1) (TestCmd( 300010), 1) (TestCmd( 300011), 1) (TestCmd( 300012), 1) (TestCmd( 300013), 1) (TestCmd( 300014), 1) (TestCmd( 300015), 1) 
[ 3] [Commit index strict for 3 :  23]
[ 3] [Append_entries Response for 3]
[ 3] [     Matching_Index_Strict:  22]
[ 3] [     Success: TRUE]
[ 3] [New_State: NO_CHANGES]
[ 3] [State: FOLLOWER, Term:  1] 
[ 3] [Received_message: RAFT.MESSAGES.APPEND_ENTRIES_REQUEST] 
[ 3] [AppendEntriesRequest] for 3 Checking if log contains an entry at PrevLogTerm whose index matches PrevLogIndex
[ 3] [PrevLogIndex from Message:  22]
[ 3] [PrevLogTerm from message:  1]
[ 3] [ LogUpperBound:  23]
[ 3] [Logs for 3]
[ 3] (TestCmd( 1), 1) (TestCmd( 100001), 1) (TestCmd( 600001), 1) (TestCmd( 200001), 1) (TestCmd( 300001), 1) (TestCmd( 400001), 1) (TestCmd( 100002), 1) (TestCmd( 600002), 1) (TestCmd( 300002), 1) (TestCmd( 300003), 1) (TestCmd( 300004), 1) (TestCmd( 300005), 1) (TestCmd( 300006), 1) (TestCmd( 300007), 1) (TestCmd( 300008), 1) (TestCmd( 300009), 1) (TestCmd( 300010), 1) (TestCmd( 300011), 1) (TestCmd( 300012), 1) (TestCmd( 300013), 1) (TestCmd( 300014), 1) (TestCmd( 300015), 1) 
[No entries to add for 3]
[ 3] [Logs after update for 3]
[ 3] (TestCmd( 1), 1) (TestCmd( 100001), 1) (TestCmd( 600001), 1) (TestCmd( 200001), 1) (TestCmd( 300001), 1) (TestCmd( 400001), 1) (TestCmd( 100002), 1) (TestCmd( 600002), 1) (TestCmd( 300002), 1) (TestCmd( 300003), 1) (TestCmd( 300004), 1) (TestCmd( 300005), 1) (TestCmd( 300006), 1) (TestCmd( 300007), 1) (TestCmd( 300008), 1) (TestCmd( 300009), 1) (TestCmd( 300010), 1) (TestCmd( 300011), 1) (TestCmd( 300012), 1) (TestCmd( 300013), 1) (TestCmd( 300014), 1) (TestCmd( 300015), 1) 
[ 3] [Commit index strict for 3 :  23]
[ 3] [Append_entries Response for 3]
[ 3] [     Matching_Index_Strict:  22]
[ 3] [     Success: TRUE]
[ 3] [New_State: NO_CHANGES]
[ 3] [State: FOLLOWER, Term:  1] 
[ 3] [Received_message: RAFT.MESSAGES.APPEND_ENTRIES_REQUEST] 
[ 3] [AppendEntriesRequest] for 3 Checking if log contains an entry at PrevLogTerm whose index matches PrevLogIndex
[ 3] [PrevLogIndex from Message:  22]
[ 3] [PrevLogTerm from message:  1]
[ 3] [ LogUpperBound:  23]
[ 3] [Logs for 3]
[ 3] (TestCmd( 1), 1) (TestCmd( 100001), 1) (TestCmd( 600001), 1) (TestCmd( 200001), 1) (TestCmd( 300001), 1) (TestCmd( 400001), 1) (TestCmd( 100002), 1) (TestCmd( 600002), 1) (TestCmd( 300002), 1) (TestCmd( 300003), 1) (TestCmd( 300004), 1) (TestCmd( 300005), 1) (TestCmd( 300006), 1) (TestCmd( 300007), 1) (TestCmd( 300008), 1) (TestCmd( 300009), 1) (TestCmd( 300010), 1) (TestCmd( 300011), 1) (TestCmd( 300012), 1) (TestCmd( 300013), 1) (TestCmd( 300014), 1) (TestCmd( 300015), 1) 
[No entries to add for 3]
[ 3] [Logs after update for 3]
[ 3] (TestCmd( 1), 1) (TestCmd( 100001), 1) (TestCmd( 600001), 1) (TestCmd( 200001), 1) (TestCmd( 300001), 1) (TestCmd( 400001), 1) (TestCmd( 100002), 1) (TestCmd( 600002), 1) (TestCmd( 300002), 1) (TestCmd( 300003), 1) (TestCmd( 300004), 1) (TestCmd( 300005), 1) (TestCmd( 300006), 1) (TestCmd( 300007), 1) (TestCmd( 300008), 1) (TestCmd( 300009), 1) (TestCmd( 300010), 1) (TestCmd( 300011), 1) (TestCmd( 300012), 1) (TestCmd( 300013), 1) (TestCmd( 300014), 1) (TestCmd( 300015), 1) 
[ 3] [Commit index strict for 3 :  23]
[ 3] [Append_entries Response for 3]
[ 3] [     Matching_Index_Strict:  22]
[ 3] [     Success: TRUE]
[ 3] [New_State: NO_CHANGES]
[ 3] [State: FOLLOWER, Term:  1] 
[ 3] [Received_message: RAFT.MESSAGES.APPEND_ENTRIES_REQUEST] 
[ 3] [AppendEntriesRequest] for 3 Checking if log contains an entry at PrevLogTerm whose index matches PrevLogIndex
[ 3] [PrevLogIndex from Message:  22]
[ 3] [PrevLogTerm from message:  1]
[ 3] [ LogUpperBound:  23]
[ 3] [Logs for 3]
[ 3] (TestCmd( 1), 1) (TestCmd( 100001), 1) (TestCmd( 600001), 1) (TestCmd( 200001), 1) (TestCmd( 300001), 1) (TestCmd( 400001), 1) (TestCmd( 100002), 1) (TestCmd( 600002), 1) (TestCmd( 300002), 1) (TestCmd( 300003), 1) (TestCmd( 300004), 1) (TestCmd( 300005), 1) (TestCmd( 300006), 1) (TestCmd( 300007), 1) (TestCmd( 300008), 1) (TestCmd( 300009), 1) (TestCmd( 300010), 1) (TestCmd( 300011), 1) (TestCmd( 300012), 1) (TestCmd( 300013), 1) (TestCmd( 300014), 1) (TestCmd( 300015), 1) 
[No entries to add for 3]
[ 3] [Logs after update for 3]
[ 3] (TestCmd( 1), 1) (TestCmd( 100001), 1) (TestCmd( 600001), 1) (TestCmd( 200001), 1) (TestCmd( 300001), 1) (TestCmd( 400001), 1) (TestCmd( 100002), 1) (TestCmd( 600002), 1) (TestCmd( 300002), 1) (TestCmd( 300003), 1) (TestCmd( 300004), 1) (TestCmd( 300005), 1) (TestCmd( 300006), 1) (TestCmd( 300007), 1) (TestCmd( 300008), 1) (TestCmd( 300009), 1) (TestCmd( 300010), 1) (TestCmd( 300011), 1) (TestCmd( 300012), 1) (TestCmd( 300013), 1) (TestCmd( 300014), 1) (TestCmd( 300015), 1) 
[ 3] [Commit index strict for 3 :  23]
[ 3] [Append_entries Response for 3]
[ 3] [     Matching_Index_Strict:  22]
[ 3] [     Success: TRUE]
[ 3] [New_State: NO_CHANGES]
[ 3] [State: FOLLOWER, Term:  1] 
[ 3] [Received_message: RAFT.MESSAGES.APPEND_ENTRIES_REQUEST] 
[ 3] [AppendEntriesRequest] for 3 Checking if log contains an entry at PrevLogTerm whose index matches PrevLogIndex
[ 3] [PrevLogIndex from Message:  22]
[ 3] [PrevLogTerm from message:  1]
[ 3] [ LogUpperBound:  23]
[ 3] [Logs for 3]
[ 3] (TestCmd( 1), 1) (TestCmd( 100001), 1) (TestCmd( 600001), 1) (TestCmd( 200001), 1) (TestCmd( 300001), 1) (TestCmd( 400001), 1) (TestCmd( 100002), 1) (TestCmd( 600002), 1) (TestCmd( 300002), 1) (TestCmd( 300003), 1) (TestCmd( 300004), 1) (TestCmd( 300005), 1) (TestCmd( 300006), 1) (TestCmd( 300007), 1) (TestCmd( 300008), 1) (TestCmd( 300009), 1) (TestCmd( 300010), 1) (TestCmd( 300011), 1) (TestCmd( 300012), 1) (TestCmd( 300013), 1) (TestCmd( 300014), 1) (TestCmd( 300015), 1) 
[No entries to add for 3]
[ 3] [Logs after update for 3]
[ 3] (TestCmd( 1), 1) (TestCmd( 100001), 1) (TestCmd( 600001), 1) (TestCmd( 200001), 1) (TestCmd( 300001), 1) (TestCmd( 400001), 1) (TestCmd( 100002), 1) (TestCmd( 600002), 1) (TestCmd( 300002), 1) (TestCmd( 300003), 1) (TestCmd( 300004), 1) (TestCmd( 300005), 1) (TestCmd( 300006), 1) (TestCmd( 300007), 1) (TestCmd( 300008), 1) (TestCmd( 300009), 1) (TestCmd( 300010), 1) (TestCmd( 300011), 1) (TestCmd( 300012), 1) (TestCmd( 300013), 1) (TestCmd( 300014), 1) (TestCmd( 300015), 1) 
[ 3] [Commit index strict for 3 :  23]
[ 3] [Append_entries Response for 3]
[ 3] [     Matching_Index_Strict:  22]
[ 3] [     Success: TRUE]
[ 3] [New_State: NO_CHANGES]
[ 3] [State: FOLLOWER, Term:  1] 
[ 3] [Received_message: RAFT.MESSAGES.APPEND_ENTRIES_REQUEST] 
[ 3] [AppendEntriesRequest] for 3 Checking if log contains an entry at PrevLogTerm whose index matches PrevLogIndex
[ 3] [PrevLogIndex from Message:  22]
[ 3] [PrevLogTerm from message:  1]
[ 3] [ LogUpperBound:  23]
[ 3] [Logs for 3]
[ 3] (TestCmd( 1), 1) (TestCmd( 100001), 1) (TestCmd( 600001), 1) (TestCmd( 200001), 1) (TestCmd( 300001), 1) (TestCmd( 400001), 1) (TestCmd( 100002), 1) (TestCmd( 600002), 1) (TestCmd( 300002), 1) (TestCmd( 300003), 1) (TestCmd( 300004), 1) (TestCmd( 300005), 1) (TestCmd( 300006), 1) (TestCmd( 300007), 1) (TestCmd( 300008), 1) (TestCmd( 300009), 1) (TestCmd( 300010), 1) (TestCmd( 300011), 1) (TestCmd( 300012), 1) (TestCmd( 300013), 1) (TestCmd( 300014), 1) (TestCmd( 300015), 1) 
[No entries to add for 3]
[ 3] [Logs after update for 3]
[ 3] (TestCmd( 1), 1) (TestCmd( 100001), 1) (TestCmd( 600001), 1) (TestCmd( 200001), 1) (TestCmd( 300001), 1) (TestCmd( 400001), 1) (TestCmd( 100002), 1) (TestCmd( 600002), 1) (TestCmd( 300002), 1) (TestCmd( 300003), 1) (TestCmd( 300004), 1) (TestCmd( 300005), 1) (TestCmd( 300006), 1) (TestCmd( 300007), 1) (TestCmd( 300008), 1) (TestCmd( 300009), 1) (TestCmd( 300010), 1) (TestCmd( 300011), 1) (TestCmd( 300012), 1) (TestCmd( 300013), 1) (TestCmd( 300014), 1) (TestCmd( 300015), 1) 
[ 3] [Commit index strict for 3 :  23]
[ 3] [Append_entries Response for 3]
[ 3] [     Matching_Index_Strict:  22]
[ 3] [     Success: TRUE]
[ 3] [New_State: NO_CHANGES]
[ 3] [State: FOLLOWER, Term:  1] 
[ 3] [Received_message: RAFT.MESSAGES.APPEND_ENTRIES_REQUEST] 
[ 3] [AppendEntriesRequest] for 3 Checking if log contains an entry at PrevLogTerm whose index matches PrevLogIndex
[ 3] [PrevLogIndex from Message:  22]
[ 3] [PrevLogTerm from message:  1]
[ 3] [ LogUpperBound:  23]
[ 3] [Logs for 3]
[ 3] (TestCmd( 1), 1) (TestCmd( 100001), 1) (TestCmd( 600001), 1) (TestCmd( 200001), 1) (TestCmd( 300001), 1) (TestCmd( 400001), 1) (TestCmd( 100002), 1) (TestCmd( 600002), 1) (TestCmd( 300002), 1) (TestCmd( 300003), 1) (TestCmd( 300004), 1) (TestCmd( 300005), 1) (TestCmd( 300006), 1) (TestCmd( 300007), 1) (TestCmd( 300008), 1) (TestCmd( 300009), 1) (TestCmd( 300010), 1) (TestCmd( 300011), 1) (TestCmd( 300012), 1) (TestCmd( 300013), 1) (TestCmd( 300014), 1) (TestCmd( 300015), 1) 
[No entries to add for 3]
[ 3] [Logs after update for 3]
[ 3] (TestCmd( 1), 1) (TestCmd( 100001), 1) (TestCmd( 600001), 1) (TestCmd( 200001), 1) (TestCmd( 300001), 1) (TestCmd( 400001), 1) (TestCmd( 100002), 1) (TestCmd( 600002), 1) (TestCmd( 300002), 1) (TestCmd( 300003), 1) (TestCmd( 300004), 1) (TestCmd( 300005), 1) (TestCmd( 300006), 1) (TestCmd( 300007), 1) (TestCmd( 300008), 1) (TestCmd( 300009), 1) (TestCmd( 300010), 1) (TestCmd( 300011), 1) (TestCmd( 300012), 1) (TestCmd( 300013), 1) (TestCmd( 300014), 1) (TestCmd( 300015), 1) 
[ 3] [Commit index strict for 3 :  23]
[ 3] [Append_entries Response for 3]
[ 3] [     Matching_Index_Strict:  22]
[ 3] [     Success: TRUE]
[ 3] [New_State: NO_CHANGES]
[ 3] [State: FOLLOWER, Term:  1] 
[ 3] [Received_message: RAFT.MESSAGES.APPEND_ENTRIES_REQUEST] 
[ 3] [AppendEntriesRequest] for 3 Checking if log contains an entry at PrevLogTerm whose index matches PrevLogIndex
[ 3] [PrevLogIndex from Message:  22]
[ 3] [PrevLogTerm from message:  1]
[ 3] [ LogUpperBound:  23]
[ 3] [Logs for 3]
[ 3] (TestCmd( 1), 1) (TestCmd( 100001), 1) (TestCmd( 600001), 1) (TestCmd( 200001), 1) (TestCmd( 300001), 1) (TestCmd( 400001), 1) (TestCmd( 100002), 1) (TestCmd( 600002), 1) (TestCmd( 300002), 1) (TestCmd( 300003), 1) (TestCmd( 300004), 1) (TestCmd( 300005), 1) (TestCmd( 300006), 1) (TestCmd( 300007), 1) (TestCmd( 300008), 1) (TestCmd( 300009), 1) (TestCmd( 300010), 1) (TestCmd( 300011), 1) (TestCmd( 300012), 1) (TestCmd( 300013), 1) (TestCmd( 300014), 1) (TestCmd( 300015), 1) 
[No entries to add for 3]
[ 3] [Logs after update for 3]
[ 3] (TestCmd( 1), 1) (TestCmd( 100001), 1) (TestCmd( 600001), 1) (TestCmd( 200001), 1) (TestCmd( 300001), 1) (TestCmd( 400001), 1) (TestCmd( 100002), 1) (TestCmd( 600002), 1) (TestCmd( 300002), 1) (TestCmd( 300003), 1) (TestCmd( 300004), 1) (TestCmd( 300005), 1) (TestCmd( 300006), 1) (TestCmd( 300007), 1) (TestCmd( 300008), 1) (TestCmd( 300009), 1) (TestCmd( 300010), 1) (TestCmd( 300011), 1) (TestCmd( 300012), 1) (TestCmd( 300013), 1) (TestCmd( 300014), 1) (TestCmd( 300015), 1) 
[ 3] [Commit index strict for 3 :  23]
[ 3] [Append_entries Response for 3]
[ 3] [     Matching_Index_Strict:  22]
[ 3] [     Success: TRUE]
[ 3] [New_State: NO_CHANGES]
[ 3] [State: FOLLOWER, Term:  1] 
[ 3] [Received_message: RAFT.MESSAGES.APPEND_ENTRIES_REQUEST] 
[ 3] [AppendEntriesRequest] for 3 Checking if log contains an entry at PrevLogTerm whose index matches PrevLogIndex
[ 3] [PrevLogIndex from Message:  22]
[ 3] [PrevLogTerm from message:  1]
[ 3] [ LogUpperBound:  23]
[ 3] [Logs for 3]
[ 3] (TestCmd( 1), 1) (TestCmd( 100001), 1) (TestCmd( 600001), 1) (TestCmd( 200001), 1) (TestCmd( 300001), 1) (TestCmd( 400001), 1) (TestCmd( 100002), 1) (TestCmd( 600002), 1) (TestCmd( 300002), 1) (TestCmd( 300003), 1) (TestCmd( 300004), 1) (TestCmd( 300005), 1) (TestCmd( 300006), 1) (TestCmd( 300007), 1) (TestCmd( 300008), 1) (TestCmd( 300009), 1) (TestCmd( 300010), 1) (TestCmd( 300011), 1) (TestCmd( 300012), 1) (TestCmd( 300013), 1) (TestCmd( 300014), 1) (TestCmd( 300015), 1) 
[No entries to add for 3]
[ 3] [Logs after update for 3]
[ 3] (TestCmd( 1), 1) (TestCmd( 100001), 1) (TestCmd( 600001), 1) (TestCmd( 200001), 1) (TestCmd( 300001), 1) (TestCmd( 400001), 1) (TestCmd( 100002), 1) (TestCmd( 600002), 1) (TestCmd( 300002), 1) (TestCmd( 300003), 1) (TestCmd( 300004), 1) (TestCmd( 300005), 1) (TestCmd( 300006), 1) (TestCmd( 300007), 1) (TestCmd( 300008), 1) (TestCmd( 300009), 1) (TestCmd( 300010), 1) (TestCmd( 300011), 1) (TestCmd( 300012), 1) (TestCmd( 300013), 1) (TestCmd( 300014), 1) (TestCmd( 300015), 1) 
[ 3] [Commit index strict for 3 :  23]
[ 3] [Append_entries Response for 3]
[ 3] [     Matching_Index_Strict:  22]
[ 3] [     Success: TRUE]
[ 3] [New_State: NO_CHANGES]
[ 3] [State: FOLLOWER, Term:  1] 
[ 3] [Received_message: RAFT.MESSAGES.APPEND_ENTRIES_REQUEST] 
[ 3] [AppendEntriesRequest] for 3 Checking if log contains an entry at PrevLogTerm whose index matches PrevLogIndex
[ 3] [PrevLogIndex from Message:  22]
[ 3] [PrevLogTerm from message:  1]
[ 3] [ LogUpperBound:  23]
[ 3] [Logs for 3]
[ 3] (TestCmd( 1), 1) (TestCmd( 100001), 1) (TestCmd( 600001), 1) (TestCmd( 200001), 1) (TestCmd( 300001), 1) (TestCmd( 400001), 1) (TestCmd( 100002), 1) (TestCmd( 600002), 1) (TestCmd( 300002), 1) (TestCmd( 300003), 1) (TestCmd( 300004), 1) (TestCmd( 300005), 1) (TestCmd( 300006), 1) (TestCmd( 300007), 1) (TestCmd( 300008), 1) (TestCmd( 300009), 1) (TestCmd( 300010), 1) (TestCmd( 300011), 1) (TestCmd( 300012), 1) (TestCmd( 300013), 1) (TestCmd( 300014), 1) (TestCmd( 300015), 1) 
[No entries to add for 3]
[ 3] [Logs after update for 3]
[ 3] (TestCmd( 1), 1) (TestCmd( 100001), 1) (TestCmd( 600001), 1) (TestCmd( 200001), 1) (TestCmd( 300001), 1) (TestCmd( 400001), 1) (TestCmd( 100002), 1) (TestCmd( 600002), 1) (TestCmd( 300002), 1) (TestCmd( 300003), 1) (TestCmd( 300004), 1) (TestCmd( 300005), 1) (TestCmd( 300006), 1) (TestCmd( 300007), 1) (TestCmd( 300008), 1) (TestCmd( 300009), 1) (TestCmd( 300010), 1) (TestCmd( 300011), 1) (TestCmd( 300012), 1) (TestCmd( 300013), 1) (TestCmd( 300014), 1) (TestCmd( 300015), 1) 
[ 3] [Commit index strict for 3 :  23]
[ 3] [Append_entries Response for 3]
[ 3] [     Matching_Index_Strict:  22]
[ 3] [     Success: TRUE]
[ 3] [New_State: NO_CHANGES]
[ 3] [State: FOLLOWER, Term:  1] 
[ 3] [Received_message: RAFT.MESSAGES.APPEND_ENTRIES_REQUEST] 
[ 3] [AppendEntriesRequest] for 3 Checking if log contains an entry at PrevLogTerm whose index matches PrevLogIndex
[ 3] [PrevLogIndex from Message:  22]
[ 3] [PrevLogTerm from message:  1]
[ 3] [ LogUpperBound:  23]
[ 3] [Logs for 3]
[ 3] (TestCmd( 1), 1) (TestCmd( 100001), 1) (TestCmd( 600001), 1) (TestCmd( 200001), 1) (TestCmd( 300001), 1) (TestCmd( 400001), 1) (TestCmd( 100002), 1) (TestCmd( 600002), 1) (TestCmd( 300002), 1) (TestCmd( 300003), 1) (TestCmd( 300004), 1) (TestCmd( 300005), 1) (TestCmd( 300006), 1) (TestCmd( 300007), 1) (TestCmd( 300008), 1) (TestCmd( 300009), 1) (TestCmd( 300010), 1) (TestCmd( 300011), 1) (TestCmd( 300012), 1) (TestCmd( 300013), 1) (TestCmd( 300014), 1) (TestCmd( 300015), 1) 
[No entries to add for 3]
[ 3] [Logs after update for 3]
[ 3] (TestCmd( 1), 1) (TestCmd( 100001), 1) (TestCmd( 600001), 1) (TestCmd( 200001), 1) (TestCmd( 300001), 1) (TestCmd( 400001), 1) (TestCmd( 100002), 1) (TestCmd( 600002), 1) (TestCmd( 300002), 1) (TestCmd( 300003), 1) (TestCmd( 300004), 1) (TestCmd( 300005), 1) (TestCmd( 300006), 1) (TestCmd( 300007), 1) (TestCmd( 300008), 1) (TestCmd( 300009), 1) (TestCmd( 300010), 1) (TestCmd( 300011), 1) (TestCmd( 300012), 1) (TestCmd( 300013), 1) (TestCmd( 300014), 1) (TestCmd( 300015), 1) 
[ 3] [Commit index strict for 3 :  23]
[ 3] [Append_entries Response for 3]
[ 3] [     Matching_Index_Strict:  22]
[ 3] [     Success: TRUE]
[ 3] [New_State: NO_CHANGES]
[ 3] [State: FOLLOWER, Term:  1] 
[ 3] [Received_message: RAFT.MESSAGES.APPEND_ENTRIES_REQUEST] 
[ 3] [AppendEntriesRequest] for 3 Checking if log contains an entry at PrevLogTerm whose index matches PrevLogIndex
[ 3] [PrevLogIndex from Message:  22]
[ 3] [PrevLogTerm from message:  1]
[ 3] [ LogUpperBound:  23]
[ 3] [Logs for 3]
[ 3] (TestCmd( 1), 1) (TestCmd( 100001), 1) (TestCmd( 600001), 1) (TestCmd( 200001), 1) (TestCmd( 300001), 1) (TestCmd( 400001), 1) (TestCmd( 100002), 1) (TestCmd( 600002), 1) (TestCmd( 300002), 1) (TestCmd( 300003), 1) (TestCmd( 300004), 1) (TestCmd( 300005), 1) (TestCmd( 300006), 1) (TestCmd( 300007), 1) (TestCmd( 300008), 1) (TestCmd( 300009), 1) (TestCmd( 300010), 1) (TestCmd( 300011), 1) (TestCmd( 300012), 1) (TestCmd( 300013), 1) (TestCmd( 300014), 1) (TestCmd( 300015), 1) 
[No entries to add for 3]
[ 3] [Logs after update for 3]
[ 3] (TestCmd( 1), 1) (TestCmd( 100001), 1) (TestCmd( 600001), 1) (TestCmd( 200001), 1) (TestCmd( 300001), 1) (TestCmd( 400001), 1) (TestCmd( 100002), 1) (TestCmd( 600002), 1) (TestCmd( 300002), 1) (TestCmd( 300003), 1) (TestCmd( 300004), 1) (TestCmd( 300005), 1) (TestCmd( 300006), 1) (TestCmd( 300007), 1) (TestCmd( 300008), 1) (TestCmd( 300009), 1) (TestCmd( 300010), 1) (TestCmd( 300011), 1) (TestCmd( 300012), 1) (TestCmd( 300013), 1) (TestCmd( 300014), 1) (TestCmd( 300015), 1) 
[ 3] [Commit index strict for 3 :  23]
[ 3] [Append_entries Response for 3]
[ 3] [     Matching_Index_Strict:  22]
[ 3] [     Success: TRUE]
[ 3] [New_State: NO_CHANGES]
[ 3] [State: FOLLOWER, Term:  1] 
[ 3] [Received_message: RAFT.MESSAGES.APPEND_ENTRIES_REQUEST] 
[ 3] [AppendEntriesRequest] for 3 Checking if log contains an entry at PrevLogTerm whose index matches PrevLogIndex
[ 3] [PrevLogIndex from Message:  22]
[ 3] [PrevLogTerm from message:  1]
[ 3] [ LogUpperBound:  23]
[ 3] [Logs for 3]
[ 3] (TestCmd( 1), 1) (TestCmd( 100001), 1) (TestCmd( 600001), 1) (TestCmd( 200001), 1) (TestCmd( 300001), 1) (TestCmd( 400001), 1) (TestCmd( 100002), 1) (TestCmd( 600002), 1) (TestCmd( 300002), 1) (TestCmd( 300003), 1) (TestCmd( 300004), 1) (TestCmd( 300005), 1) (TestCmd( 300006), 1) (TestCmd( 300007), 1) (TestCmd( 300008), 1) (TestCmd( 300009), 1) (TestCmd( 300010), 1) (TestCmd( 300011), 1) (TestCmd( 300012), 1) (TestCmd( 300013), 1) (TestCmd( 300014), 1) (TestCmd( 300015), 1) 
[No entries to add for 3]
[ 3] [Logs after update for 3]
[ 3] (TestCmd( 1), 1) (TestCmd( 100001), 1) (TestCmd( 600001), 1) (TestCmd( 200001), 1) (TestCmd( 300001), 1) (TestCmd( 400001), 1) (TestCmd( 100002), 1) (TestCmd( 600002), 1) (TestCmd( 300002), 1) (TestCmd( 300003), 1) (TestCmd( 300004), 1) (TestCmd( 300005), 1) (TestCmd( 300006), 1) (TestCmd( 300007), 1) (TestCmd( 300008), 1) (TestCmd( 300009), 1) (TestCmd( 300010), 1) (TestCmd( 300011), 1) (TestCmd( 300012), 1) (TestCmd( 300013), 1) (TestCmd( 300014), 1) (TestCmd( 300015), 1) 
[ 3] [Commit index strict for 3 :  23]
[ 3] [Append_entries Response for 3]
[ 3] [     Matching_Index_Strict:  22]
[ 3] [     Success: TRUE]
[ 3] [New_State: NO_CHANGES]
[ 3] [State: FOLLOWER, Term:  1] 
[ 3] [Received_message: RAFT.MESSAGES.APPEND_ENTRIES_REQUEST] 
[ 3] [AppendEntriesRequest] for 3 Checking if log contains an entry at PrevLogTerm whose index matches PrevLogIndex
[ 3] [PrevLogIndex from Message:  22]
[ 3] [PrevLogTerm from message:  1]
[ 3] [ LogUpperBound:  23]
[ 3] [Logs for 3]
[ 3] (TestCmd( 1), 1) (TestCmd( 100001), 1) (TestCmd( 600001), 1) (TestCmd( 200001), 1) (TestCmd( 300001), 1) (TestCmd( 400001), 1) (TestCmd( 100002), 1) (TestCmd( 600002), 1) (TestCmd( 300002), 1) (TestCmd( 300003), 1) (TestCmd( 300004), 1) (TestCmd( 300005), 1) (TestCmd( 300006), 1) (TestCmd( 300007), 1) (TestCmd( 300008), 1) (TestCmd( 300009), 1) (TestCmd( 300010), 1) (TestCmd( 300011), 1) (TestCmd( 300012), 1) (TestCmd( 300013), 1) (TestCmd( 300014), 1) (TestCmd( 300015), 1) 
[No entries to add for 3]
[ 3] [Logs after update for 3]
[ 3] (TestCmd( 1), 1) (TestCmd( 100001), 1) (TestCmd( 600001), 1) (TestCmd( 200001), 1) (TestCmd( 300001), 1) (TestCmd( 400001), 1) (TestCmd( 100002), 1) (TestCmd( 600002), 1) (TestCmd( 300002), 1) (TestCmd( 300003), 1) (TestCmd( 300004), 1) (TestCmd( 300005), 1) (TestCmd( 300006), 1) (TestCmd( 300007), 1) (TestCmd( 300008), 1) (TestCmd( 300009), 1) (TestCmd( 300010), 1) (TestCmd( 300011), 1) (TestCmd( 300012), 1) (TestCmd( 300013), 1) (TestCmd( 300014), 1) (TestCmd( 300015), 1) 
[ 3] [Commit index strict for 3 :  23]
[ 3] [Append_entries Response for 3]
[ 3] [     Matching_Index_Strict:  22]
[ 3] [     Success: TRUE]
[ 3] [New_State: NO_CHANGES]
[ 3] [State: FOLLOWER, Term:  1] 
[ 3] [Received_message: RAFT.MESSAGES.APPEND_ENTRIES_REQUEST] 
[ 3] [AppendEntriesRequest] for 3 Checking if log contains an entry at PrevLogTerm whose index matches PrevLogIndex
[ 3] [PrevLogIndex from Message:  22]
[ 3] [PrevLogTerm from message:  1]
[ 3] [ LogUpperBound:  23]
[ 3] [Logs for 3]
[ 3] (TestCmd( 1), 1) (TestCmd( 100001), 1) (TestCmd( 600001), 1) (TestCmd( 200001), 1) (TestCmd( 300001), 1) (TestCmd( 400001), 1) (TestCmd( 100002), 1) (TestCmd( 600002), 1) (TestCmd( 300002), 1) (TestCmd( 300003), 1) (TestCmd( 300004), 1) (TestCmd( 300005), 1) (TestCmd( 300006), 1) (TestCmd( 300007), 1) (TestCmd( 300008), 1) (TestCmd( 300009), 1) (TestCmd( 300010), 1) (TestCmd( 300011), 1) (TestCmd( 300012), 1) (TestCmd( 300013), 1) (TestCmd( 300014), 1) (TestCmd( 300015), 1) 
[No entries to add for 3]
[ 3] [Logs after update for 3]
[ 3] (TestCmd( 1), 1) (TestCmd( 100001), 1) (TestCmd( 600001), 1) (TestCmd( 200001), 1) (TestCmd( 300001), 1) (TestCmd( 400001), 1) (TestCmd( 100002), 1) (TestCmd( 600002), 1) (TestCmd( 300002), 1) (TestCmd( 300003), 1) (TestCmd( 300004), 1) (TestCmd( 300005), 1) (TestCmd( 300006), 1) (TestCmd( 300007), 1) (TestCmd( 300008), 1) (TestCmd( 300009), 1) (TestCmd( 300010), 1) (TestCmd( 300011), 1) (TestCmd( 300012), 1) (TestCmd( 300013), 1) (TestCmd( 300014), 1) (TestCmd( 300015), 1) 
[ 3] [Commit index strict for 3 :  23]
[ 3] [Append_entries Response for 3]
[ 3] [     Matching_Index_Strict:  22]
[ 3] [     Success: TRUE]
[ 3] [New_State: NO_CHANGES]
[ 3] [State: FOLLOWER, Term:  1] 
[ 3] [Received_message: RAFT.MESSAGES.APPEND_ENTRIES_REQUEST] 
[ 3] [AppendEntriesRequest] for 3 Checking if log contains an entry at PrevLogTerm whose index matches PrevLogIndex
[ 3] [PrevLogIndex from Message:  22]
[ 3] [PrevLogTerm from message:  1]
[ 3] [ LogUpperBound:  23]
[ 3] [Logs for 3]
[ 3] (TestCmd( 1), 1) (TestCmd( 100001), 1) (TestCmd( 600001), 1) (TestCmd( 200001), 1) (TestCmd( 300001), 1) (TestCmd( 400001), 1) (TestCmd( 100002), 1) (TestCmd( 600002), 1) (TestCmd( 300002), 1) (TestCmd( 300003), 1) (TestCmd( 300004), 1) (TestCmd( 300005), 1) (TestCmd( 300006), 1) (TestCmd( 300007), 1) (TestCmd( 300008), 1) (TestCmd( 300009), 1) (TestCmd( 300010), 1) (TestCmd( 300011), 1) (TestCmd( 300012), 1) (TestCmd( 300013), 1) (TestCmd( 300014), 1) (TestCmd( 300015), 1) 
[No entries to add for 3]
[ 3] [Logs after update for 3]
[ 3] (TestCmd( 1), 1) (TestCmd( 100001), 1) (TestCmd( 600001), 1) (TestCmd( 200001), 1) (TestCmd( 300001), 1) (TestCmd( 400001), 1) (TestCmd( 100002), 1) (TestCmd( 600002), 1) (TestCmd( 300002), 1) (TestCmd( 300003), 1) (TestCmd( 300004), 1) (TestCmd( 300005), 1) (TestCmd( 300006), 1) (TestCmd( 300007), 1) (TestCmd( 300008), 1) (TestCmd( 300009), 1) (TestCmd( 300010), 1) (TestCmd( 300011), 1) (TestCmd( 300012), 1) (TestCmd( 300013), 1) (TestCmd( 300014), 1) (TestCmd( 300015), 1) 
[ 3] [Commit index strict for 3 :  23]
[ 3] [Append_entries Response for 3]
[ 3] [     Matching_Index_Strict:  22]
[ 3] [     Success: TRUE]
[ 3] [New_State: NO_CHANGES]
[ 3] [State: FOLLOWER, Term:  1] 
[ 3] [Received_message: RAFT.MESSAGES.APPEND_ENTRIES_REQUEST] 
[ 3] [AppendEntriesRequest] for 3 Checking if log contains an entry at PrevLogTerm whose index matches PrevLogIndex
[ 3] [PrevLogIndex from Message:  22]
[ 3] [PrevLogTerm from message:  1]
[ 3] [ LogUpperBound:  23]
[ 3] [Logs for 3]
[ 3] (TestCmd( 1), 1) (TestCmd( 100001), 1) (TestCmd( 600001), 1) (TestCmd( 200001), 1) (TestCmd( 300001), 1) (TestCmd( 400001), 1) (TestCmd( 100002), 1) (TestCmd( 600002), 1) (TestCmd( 300002), 1) (TestCmd( 300003), 1) (TestCmd( 300004), 1) (TestCmd( 300005), 1) (TestCmd( 300006), 1) (TestCmd( 300007), 1) (TestCmd( 300008), 1) (TestCmd( 300009), 1) (TestCmd( 300010), 1) (TestCmd( 300011), 1) (TestCmd( 300012), 1) (TestCmd( 300013), 1) (TestCmd( 300014), 1) (TestCmd( 300015), 1) 
[No entries to add for 3]
[ 3] [Logs after update for 3]
[ 3] (TestCmd( 1), 1) (TestCmd( 100001), 1) (TestCmd( 600001), 1) (TestCmd( 200001), 1) (TestCmd( 300001), 1) (TestCmd( 400001), 1) (TestCmd( 100002), 1) (TestCmd( 600002), 1) (TestCmd( 300002), 1) (TestCmd( 300003), 1) (TestCmd( 300004), 1) (TestCmd( 300005), 1) (TestCmd( 300006), 1) (TestCmd( 300007), 1) (TestCmd( 300008), 1) (TestCmd( 300009), 1) (TestCmd( 300010), 1) (TestCmd( 300011), 1) (TestCmd( 300012), 1) (TestCmd( 300013), 1) (TestCmd( 300014), 1) (TestCmd( 300015), 1) 
[ 3] [Commit index strict for 3 :  23]
[ 3] [Append_entries Response for 3]
[ 3] [     Matching_Index_Strict:  22]
[ 3] [     Success: TRUE]
[ 3] [New_State: NO_CHANGES]
[ 3] [State: FOLLOWER, Term:  1] 
[ 3] [Received_message: RAFT.MESSAGES.APPEND_ENTRIES_REQUEST] 
[ 3] [AppendEntriesRequest] for 3 Checking if log contains an entry at PrevLogTerm whose index matches PrevLogIndex
[ 3] [PrevLogIndex from Message:  22]
[ 3] [PrevLogTerm from message:  1]
[ 3] [ LogUpperBound:  23]
[ 3] [Logs for 3]
[ 3] (TestCmd( 1), 1) (TestCmd( 100001), 1) (TestCmd( 600001), 1) (TestCmd( 200001), 1) (TestCmd( 300001), 1) (TestCmd( 400001), 1) (TestCmd( 100002), 1) (TestCmd( 600002), 1) (TestCmd( 300002), 1) (TestCmd( 300003), 1) (TestCmd( 300004), 1) (TestCmd( 300005), 1) (TestCmd( 300006), 1) (TestCmd( 300007), 1) (TestCmd( 300008), 1) (TestCmd( 300009), 1) (TestCmd( 300010), 1) (TestCmd( 300011), 1) (TestCmd( 300012), 1) (TestCmd( 300013), 1) (TestCmd( 300014), 1) (TestCmd( 300015), 1) 
[No entries to add for 3]
[ 3] [Logs after update for 3]
[ 3] (TestCmd( 1), 1) (TestCmd( 100001), 1) (TestCmd( 600001), 1) (TestCmd( 200001), 1) (TestCmd( 300001), 1) (TestCmd( 400001), 1) (TestCmd( 100002), 1) (TestCmd( 600002), 1) (TestCmd( 300002), 1) (TestCmd( 300003), 1) (TestCmd( 300004), 1) (TestCmd( 300005), 1) (TestCmd( 300006), 1) (TestCmd( 300007), 1) (TestCmd( 300008), 1) (TestCmd( 300009), 1) (TestCmd( 300010), 1) (TestCmd( 300011), 1) (TestCmd( 300012), 1) (TestCmd( 300013), 1) (TestCmd( 300014), 1) (TestCmd( 300015), 1) 
[ 3] [Commit index strict for 3 :  23]
[ 3] [Append_entries Response for 3]
[ 3] [     Matching_Index_Strict:  22]
[ 3] [     Success: TRUE]
[ 3] [New_State: NO_CHANGES]
[ 3] [State: FOLLOWER, Term:  1] 
[ 3] [Received_message: RAFT.MESSAGES.APPEND_ENTRIES_REQUEST] 
[ 3] [AppendEntriesRequest] for 3 Checking if log contains an entry at PrevLogTerm whose index matches PrevLogIndex
[ 3] [PrevLogIndex from Message:  22]
[ 3] [PrevLogTerm from message:  1]
[ 3] [ LogUpperBound:  23]
[ 3] [Logs for 3]
[ 3] (TestCmd( 1), 1) (TestCmd( 100001), 1) (TestCmd( 600001), 1) (TestCmd( 200001), 1) (TestCmd( 300001), 1) (TestCmd( 400001), 1) (TestCmd( 100002), 1) (TestCmd( 600002), 1) (TestCmd( 300002), 1) (TestCmd( 300003), 1) (TestCmd( 300004), 1) (TestCmd( 300005), 1) (TestCmd( 300006), 1) (TestCmd( 300007), 1) (TestCmd( 300008), 1) (TestCmd( 300009), 1) (TestCmd( 300010), 1) (TestCmd( 300011), 1) (TestCmd( 300012), 1) (TestCmd( 300013), 1) (TestCmd( 300014), 1) (TestCmd( 300015), 1) 
[No entries to add for 3]
[ 3] [Logs after update for 3]
[ 3] (TestCmd( 1), 1) (TestCmd( 100001), 1) (TestCmd( 600001), 1) (TestCmd( 200001), 1) (TestCmd( 300001), 1) (TestCmd( 400001), 1) (TestCmd( 100002), 1) (TestCmd( 600002), 1) (TestCmd( 300002), 1) (TestCmd( 300003), 1) (TestCmd( 300004), 1) (TestCmd( 300005), 1) (TestCmd( 300006), 1) (TestCmd( 300007), 1) (TestCmd( 300008), 1) (TestCmd( 300009), 1) (TestCmd( 300010), 1) (TestCmd( 300011), 1) (TestCmd( 300012), 1) (TestCmd( 300013), 1) (TestCmd( 300014), 1) (TestCmd( 300015), 1) 
[ 3] [Commit index strict for 3 :  23]
[ 3] [Append_entries Response for 3]
[ 3] [     Matching_Index_Strict:  22]
[ 3] [     Success: TRUE]
[ 3] [New_State: NO_CHANGES]
[ 3] [State: FOLLOWER, Term:  1] 
[ 3] [Received_message: RAFT.MESSAGES.APPEND_ENTRIES_REQUEST] 
[ 3] [AppendEntriesRequest] for 3 Checking if log contains an entry at PrevLogTerm whose index matches PrevLogIndex
[ 3] [PrevLogIndex from Message:  22]
[ 3] [PrevLogTerm from message:  1]
[ 3] [ LogUpperBound:  23]
[ 3] [Logs for 3]
[ 3] (TestCmd( 1), 1) (TestCmd( 100001), 1) (TestCmd( 600001), 1) (TestCmd( 200001), 1) (TestCmd( 300001), 1) (TestCmd( 400001), 1) (TestCmd( 100002), 1) (TestCmd( 600002), 1) (TestCmd( 300002), 1) (TestCmd( 300003), 1) (TestCmd( 300004), 1) (TestCmd( 300005), 1) (TestCmd( 300006), 1) (TestCmd( 300007), 1) (TestCmd( 300008), 1) (TestCmd( 300009), 1) (TestCmd( 300010), 1) (TestCmd( 300011), 1) (TestCmd( 300012), 1) (TestCmd( 300013), 1) (TestCmd( 300014), 1) (TestCmd( 300015), 1) 
[No entries to add for 3]
[ 3] [Logs after update for 3]
[ 3] (TestCmd( 1), 1) (TestCmd( 100001), 1) (TestCmd( 600001), 1) (TestCmd( 200001), 1) (TestCmd( 300001), 1) (TestCmd( 400001), 1) (TestCmd( 100002), 1) (TestCmd( 600002), 1) (TestCmd( 300002), 1) (TestCmd( 300003), 1) (TestCmd( 300004), 1) (TestCmd( 300005), 1) (TestCmd( 300006), 1) (TestCmd( 300007), 1) (TestCmd( 300008), 1) (TestCmd( 300009), 1) (TestCmd( 300010), 1) (TestCmd( 300011), 1) (TestCmd( 300012), 1) (TestCmd( 300013), 1) (TestCmd( 300014), 1) (TestCmd( 300015), 1) 
[ 3] [Commit index strict for 3 :  23]
[ 3] [Append_entries Response for 3]
[ 3] [     Matching_Index_Strict:  22]
[ 3] [     Success: TRUE]
[ 3] [New_State: NO_CHANGES]
[ 3] [State: FOLLOWER, Term:  1] 
[ 3] [Received_message: RAFT.MESSAGES.APPEND_ENTRIES_REQUEST] 
[ 3] [AppendEntriesRequest] for 3 Checking if log contains an entry at PrevLogTerm whose index matches PrevLogIndex
[ 3] [PrevLogIndex from Message:  22]
[ 3] [PrevLogTerm from message:  1]
[ 3] [ LogUpperBound:  23]
[ 3] [Logs for 3]
[ 3] (TestCmd( 1), 1) (TestCmd( 100001), 1) (TestCmd( 600001), 1) (TestCmd( 200001), 1) (TestCmd( 300001), 1) (TestCmd( 400001), 1) (TestCmd( 100002), 1) (TestCmd( 600002), 1) (TestCmd( 300002), 1) (TestCmd( 300003), 1) (TestCmd( 300004), 1) (TestCmd( 300005), 1) (TestCmd( 300006), 1) (TestCmd( 300007), 1) (TestCmd( 300008), 1) (TestCmd( 300009), 1) (TestCmd( 300010), 1) (TestCmd( 300011), 1) (TestCmd( 300012), 1) (TestCmd( 300013), 1) (TestCmd( 300014), 1) (TestCmd( 300015), 1) 
[No entries to add for 3]
[ 3] [Logs after update for 3]
[ 3] (TestCmd( 1), 1) (TestCmd( 100001), 1) (TestCmd( 600001), 1) (TestCmd( 200001), 1) (TestCmd( 300001), 1) (TestCmd( 400001), 1) (TestCmd( 100002), 1) (TestCmd( 600002), 1) (TestCmd( 300002), 1) (TestCmd( 300003), 1) (TestCmd( 300004), 1) (TestCmd( 300005), 1) (TestCmd( 300006), 1) (TestCmd( 300007), 1) (TestCmd( 300008), 1) (TestCmd( 300009), 1) (TestCmd( 300010), 1) (TestCmd( 300011), 1) (TestCmd( 300012), 1) (TestCmd( 300013), 1) (TestCmd( 300014), 1) (TestCmd( 300015), 1) 
[ 3] [Commit index strict for 3 :  23]
[ 3] [Append_entries Response for 3]
[ 3] [     Matching_Index_Strict:  22]
[ 3] [     Success: TRUE]
[ 3] [New_State: NO_CHANGES]
[ 3] [State: FOLLOWER, Term:  1] 
[ 3] [Received_message: RAFT.MESSAGES.APPEND_ENTRIES_REQUEST] 
[ 3] [AppendEntriesRequest] for 3 Checking if log contains an entry at PrevLogTerm whose index matches PrevLogIndex
[ 3] [PrevLogIndex from Message:  22]
[ 3] [PrevLogTerm from message:  1]
[ 3] [ LogUpperBound:  23]
[ 3] [Logs for 3]
[ 3] (TestCmd( 1), 1) (TestCmd( 100001), 1) (TestCmd( 600001), 1) (TestCmd( 200001), 1) (TestCmd( 300001), 1) (TestCmd( 400001), 1) (TestCmd( 100002), 1) (TestCmd( 600002), 1) (TestCmd( 300002), 1) (TestCmd( 300003), 1) (TestCmd( 300004), 1) (TestCmd( 300005), 1) (TestCmd( 300006), 1) (TestCmd( 300007), 1) (TestCmd( 300008), 1) (TestCmd( 300009), 1) (TestCmd( 300010), 1) (TestCmd( 300011), 1) (TestCmd( 300012), 1) (TestCmd( 300013), 1) (TestCmd( 300014), 1) (TestCmd( 300015), 1) 
[No entries to add for 3]
[ 3] [Logs after update for 3]
[ 3] (TestCmd( 1), 1) (TestCmd( 100001), 1) (TestCmd( 600001), 1) (TestCmd( 200001), 1) (TestCmd( 300001), 1) (TestCmd( 400001), 1) (TestCmd( 100002), 1) (TestCmd( 600002), 1) (TestCmd( 300002), 1) (TestCmd( 300003), 1) (TestCmd( 300004), 1) (TestCmd( 300005), 1) (TestCmd( 300006), 1) (TestCmd( 300007), 1) (TestCmd( 300008), 1) (TestCmd( 300009), 1) (TestCmd( 300010), 1) (TestCmd( 300011), 1) (TestCmd( 300012), 1) (TestCmd( 300013), 1) (TestCmd( 300014), 1) (TestCmd( 300015), 1) 
[ 3] [Commit index strict for 3 :  23]
[ 3] [Append_entries Response for 3]
[ 3] [     Matching_Index_Strict:  22]
[ 3] [     Success: TRUE]
[ 3] [New_State: NO_CHANGES]
[ 3] [State: FOLLOWER, Term:  1] 
[ 3] [Received_message: RAFT.MESSAGES.APPEND_ENTRIES_REQUEST] 
[ 3] [AppendEntriesRequest] for 3 Checking if log contains an entry at PrevLogTerm whose index matches PrevLogIndex
[ 3] [PrevLogIndex from Message:  22]
[ 3] [PrevLogTerm from message:  1]
[ 3] [ LogUpperBound:  23]
[ 3] [Logs for 3]
[ 3] (TestCmd( 1), 1) (TestCmd( 100001), 1) (TestCmd( 600001), 1) (TestCmd( 200001), 1) (TestCmd( 300001), 1) (TestCmd( 400001), 1) (TestCmd( 100002), 1) (TestCmd( 600002), 1) (TestCmd( 300002), 1) (TestCmd( 300003), 1) (TestCmd( 300004), 1) (TestCmd( 300005), 1) (TestCmd( 300006), 1) (TestCmd( 300007), 1) (TestCmd( 300008), 1) (TestCmd( 300009), 1) (TestCmd( 300010), 1) (TestCmd( 300011), 1) (TestCmd( 300012), 1) (TestCmd( 300013), 1) (TestCmd( 300014), 1) (TestCmd( 300015), 1) 
[ 3] [Adding entries from  1 to  1 ]
[ 3] [Updated entry  23 with  1 on 3]
[ 3] [Logs after update for 3]
[ 3] (TestCmd( 1), 1) (TestCmd( 100001), 1) (TestCmd( 600001), 1) (TestCmd( 200001), 1) (TestCmd( 300001), 1) (TestCmd( 400001), 1) (TestCmd( 100002), 1) (TestCmd( 600002), 1) (TestCmd( 300002), 1) (TestCmd( 300003), 1) (TestCmd( 300004), 1) (TestCmd( 300005), 1) (TestCmd( 300006), 1) (TestCmd( 300007), 1) (TestCmd( 300008), 1) (TestCmd( 300009), 1) (TestCmd( 300010), 1) (TestCmd( 300011), 1) (TestCmd( 300012), 1) (TestCmd( 300013), 1) (TestCmd( 300014), 1) (TestCmd( 300015), 1) (TestCmd( 100129), 1) 
[ 3] [Commit index strict for 3 :  23]
[ 3] [Append_entries Response for 3]
[ 3] [     Matching_Index_Strict:  23]
[ 3] [     Success: TRUE]
[ 3] [New_State: NO_CHANGES]
[ 3] [State: FOLLOWER, Term:  1] 
[ 3] [Received_message: RAFT.MESSAGES.APPEND_ENTRIES_REQUEST] 
[ 3] [AppendEntriesRequest] for 3 Checking if log contains an entry at PrevLogTerm whose index matches PrevLogIndex
[ 3] [PrevLogIndex from Message:  23]
[ 3] [PrevLogTerm from message:  1]
[ 3] [ LogUpperBound:  24]
[ 3] [Logs for 3]
[ 3] (TestCmd( 1), 1) (TestCmd( 100001), 1) (TestCmd( 600001), 1) (TestCmd( 200001), 1) (TestCmd( 300001), 1) (TestCmd( 400001), 1) (TestCmd( 100002), 1) (TestCmd( 600002), 1) (TestCmd( 300002), 1) (TestCmd( 300003), 1) (TestCmd( 300004), 1) (TestCmd( 300005), 1) (TestCmd( 300006), 1) (TestCmd( 300007), 1) (TestCmd( 300008), 1) (TestCmd( 300009), 1) (TestCmd( 300010), 1) (TestCmd( 300011), 1) (TestCmd( 300012), 1) (TestCmd( 300013), 1) (TestCmd( 300014), 1) (TestCmd( 300015), 1) (TestCmd( 100129), 1) 
[ 3] [Adding entries from  1 to  2 ]
[ 3] [Updated entry  24 with  1 on 3]
[ 3] [Updated entry  25 with  1 on 3]
[ 3] [Logs after update for 3]
[ 3] (TestCmd( 1), 1) (TestCmd( 100001), 1) (TestCmd( 600001), 1) (TestCmd( 200001), 1) (TestCmd( 300001), 1) (TestCmd( 400001), 1) (TestCmd( 100002), 1) (TestCmd( 600002), 1) (TestCmd( 300002), 1) (TestCmd( 300003), 1) (TestCmd( 300004), 1) (TestCmd( 300005), 1) (TestCmd( 300006), 1) (TestCmd( 300007), 1) (TestCmd( 300008), 1) (TestCmd( 300009), 1) (TestCmd( 300010), 1) (TestCmd( 300011), 1) (TestCmd( 300012), 1) (TestCmd( 300013), 1) (TestCmd( 300014), 1) (TestCmd( 300015), 1) (TestCmd( 100129), 1) (TestCmd( 100130), 1) (TestCmd( 100131), 1) 
[ 3] [Updated commit to  25 ]
[ 3] [Commit index strict for 3 :  25]
[ 3] [Append_entries Response for 3]
[ 3] [     Matching_Index_Strict:  25]
[ 3] [     Success: TRUE]
[ 3] [New_State: NO_CHANGES]
[ 3] [State: FOLLOWER, Term:  1] 
[ 3] [Received_message: RAFT.MESSAGES.APPEND_ENTRIES_REQUEST] 
[ 3] [AppendEntriesRequest] for 3 Checking if log contains an entry at PrevLogTerm whose index matches PrevLogIndex
[ 3] [PrevLogIndex from Message:  23]
[ 3] [PrevLogTerm from message:  1]
[ 3] [ LogUpperBound:  26]
[ 3] [Logs for 3]
[ 3] (TestCmd( 1), 1) (TestCmd( 100001), 1) (TestCmd( 600001), 1) (TestCmd( 200001), 1) (TestCmd( 300001), 1) (TestCmd( 400001), 1) (TestCmd( 100002), 1) (TestCmd( 600002), 1) (TestCmd( 300002), 1) (TestCmd( 300003), 1) (TestCmd( 300004), 1) (TestCmd( 300005), 1) (TestCmd( 300006), 1) (TestCmd( 300007), 1) (TestCmd( 300008), 1) (TestCmd( 300009), 1) (TestCmd( 300010), 1) (TestCmd( 300011), 1) (TestCmd( 300012), 1) (TestCmd( 300013), 1) (TestCmd( 300014), 1) (TestCmd( 300015), 1) (TestCmd( 100129), 1) (TestCmd( 100130), 1) (TestCmd( 100131), 1) 
[ 3] [Adding entries from  1 to  2 ]
[ 3] [Updated entry  24 with  1 on 3]
[ 3] [Updated entry  25 with  1 on 3]
[ 3] [Logs after update for 3]
[ 3] (TestCmd( 1), 1) (TestCmd( 100001), 1) (TestCmd( 600001), 1) (TestCmd( 200001), 1) (TestCmd( 300001), 1) (TestCmd( 400001), 1) (TestCmd( 100002), 1) (TestCmd( 600002), 1) (TestCmd( 300002), 1) (TestCmd( 300003), 1) (TestCmd( 300004), 1) (TestCmd( 300005), 1) (TestCmd( 300006), 1) (TestCmd( 300007), 1) (TestCmd( 300008), 1) (TestCmd( 300009), 1) (TestCmd( 300010), 1) (TestCmd( 300011), 1) (TestCmd( 300012), 1) (TestCmd( 300013), 1) (TestCmd( 300014), 1) (TestCmd( 300015), 1) (TestCmd( 100129), 1) (TestCmd( 100130), 1) (TestCmd( 100131), 1) 
[ 3] [Commit index strict for 3 :  25]
[ 3] [Append_entries Response for 3]
[ 3] [     Matching_Index_Strict:  25]
[ 3] [     Success: TRUE]
[ 3] [New_State: NO_CHANGES]
[ 3] [State: FOLLOWER, Term:  1] 
[ 3] [Received_message: RAFT.MESSAGES.APPEND_ENTRIES_REQUEST] 
[ 3] [AppendEntriesRequest] for 3 Checking if log contains an entry at PrevLogTerm whose index matches PrevLogIndex
[ 3] [PrevLogIndex from Message:  25]
[ 3] [PrevLogTerm from message:  1]
[ 3] [ LogUpperBound:  26]
[ 3] [Logs for 3]
[ 3] (TestCmd( 1), 1) (TestCmd( 100001), 1) (TestCmd( 600001), 1) (TestCmd( 200001), 1) (TestCmd( 300001), 1) (TestCmd( 400001), 1) (TestCmd( 100002), 1) (TestCmd( 600002), 1) (TestCmd( 300002), 1) (TestCmd( 300003), 1) (TestCmd( 300004), 1) (TestCmd( 300005), 1) (TestCmd( 300006), 1) (TestCmd( 300007), 1) (TestCmd( 300008), 1) (TestCmd( 300009), 1) (TestCmd( 300010), 1) (TestCmd( 300011), 1) (TestCmd( 300012), 1) (TestCmd( 300013), 1) (TestCmd( 300014), 1) (TestCmd( 300015), 1) (TestCmd( 100129), 1) (TestCmd( 100130), 1) (TestCmd( 100131), 1) 
[ 3] [Adding entries from  1 to  2 ]
[ 3] [Updated entry  26 with  1 on 3]
[ 3] [Updated entry  27 with  1 on 3]
[ 3] [Logs after update for 3]
[ 3] (TestCmd( 1), 1) (TestCmd( 100001), 1) (TestCmd( 600001), 1) (TestCmd( 200001), 1) (TestCmd( 300001), 1) (TestCmd( 400001), 1) (TestCmd( 100002), 1) (TestCmd( 600002), 1) (TestCmd( 300002), 1) (TestCmd( 300003), 1) (TestCmd( 300004), 1) (TestCmd( 300005), 1) (TestCmd( 300006), 1) (TestCmd( 300007), 1) (TestCmd( 300008), 1) (TestCmd( 300009), 1) (TestCmd( 300010), 1) (TestCmd( 300011), 1) (TestCmd( 300012), 1) (TestCmd( 300013), 1) (TestCmd( 300014), 1) (TestCmd( 300015), 1) (TestCmd( 100129), 1) (TestCmd( 100130), 1) (TestCmd( 100131), 1) (TestCmd( 100132), 1) (TestCmd( 100133), 1) 
[ 3] [Updated commit to  27 ]
[ 3] [Commit index strict for 3 :  27]
[ 3] [Append_entries Response for 3]
[ 3] [     Matching_Index_Strict:  27]
[ 3] [     Success: TRUE]
[ 3] [New_State: NO_CHANGES]
[ 3] [State: FOLLOWER, Term:  1] 
[ 3] [Received_message: RAFT.MESSAGES.APPEND_ENTRIES_REQUEST] 
[ 3] [AppendEntriesRequest] for 3 Checking if log contains an entry at PrevLogTerm whose index matches PrevLogIndex
[ 3] [PrevLogIndex from Message:  27]
[ 3] [PrevLogTerm from message:  1]
[ 3] [ LogUpperBound:  28]
[ 3] [Logs for 3]
[ 3] (TestCmd( 1), 1) (TestCmd( 100001), 1) (TestCmd( 600001), 1) (TestCmd( 200001), 1) (TestCmd( 300001), 1) (TestCmd( 400001), 1) (TestCmd( 100002), 1) (TestCmd( 600002), 1) (TestCmd( 300002), 1) (TestCmd( 300003), 1) (TestCmd( 300004), 1) (TestCmd( 300005), 1) (TestCmd( 300006), 1) (TestCmd( 300007), 1) (TestCmd( 300008), 1) (TestCmd( 300009), 1) (TestCmd( 300010), 1) (TestCmd( 300011), 1) (TestCmd( 300012), 1) (TestCmd( 300013), 1) (TestCmd( 300014), 1) (TestCmd( 300015), 1) (TestCmd( 100129), 1) (TestCmd( 100130), 1) (TestCmd( 100131), 1) (TestCmd( 100132), 1) (TestCmd( 100133), 1) 
[ 3] [Adding entries from  1 to  2 ]
[ 3] [Updated entry  28 with  1 on 3]
[ 3] [Updated entry  29 with  1 on 3]
[ 3] [Logs after update for 3]
[ 3] (TestCmd( 1), 1) (TestCmd( 100001), 1) (TestCmd( 600001), 1) (TestCmd( 200001), 1) (TestCmd( 300001), 1) (TestCmd( 400001), 1) (TestCmd( 100002), 1) (TestCmd( 600002), 1) (TestCmd( 300002), 1) (TestCmd( 300003), 1) (TestCmd( 300004), 1) (TestCmd( 300005), 1) (TestCmd( 300006), 1) (TestCmd( 300007), 1) (TestCmd( 300008), 1) (TestCmd( 300009), 1) (TestCmd( 300010), 1) (TestCmd( 300011), 1) (TestCmd( 300012), 1) (TestCmd( 300013), 1) (TestCmd( 300014), 1) (TestCmd( 300015), 1) (TestCmd( 100129), 1) (TestCmd( 100130), 1) (TestCmd( 100131), 1) (TestCmd( 100132), 1) (TestCmd( 100133), 1) (TestCmd( 100134), 1) (TestCmd( 100135), 1) 
[ 3] [Updated commit to  29 ]
[ 3] [Commit index strict for 3 :  29]
[ 3] [Append_entries Response for 3]
[ 3] [     Matching_Index_Strict:  29]
[ 3] [     Success: TRUE]
[ 3] [New_State: NO_CHANGES]
[ 3] [State: FOLLOWER, Term:  1] 
[ 3] [Received_message: RAFT.MESSAGES.APPEND_ENTRIES_REQUEST] 
[ 3] [AppendEntriesRequest] for 3 Checking if log contains an entry at PrevLogTerm whose index matches PrevLogIndex
[ 3] [PrevLogIndex from Message:  29]
[ 3] [PrevLogTerm from message:  1]
[ 3] [ LogUpperBound:  30]
[ 3] [Logs for 3]
[ 3] (TestCmd( 1), 1) (TestCmd( 100001), 1) (TestCmd( 600001), 1) (TestCmd( 200001), 1) (TestCmd( 300001), 1) (TestCmd( 400001), 1) (TestCmd( 100002), 1) (TestCmd( 600002), 1) (TestCmd( 300002), 1) (TestCmd( 300003), 1) (TestCmd( 300004), 1) (TestCmd( 300005), 1) (TestCmd( 300006), 1) (TestCmd( 300007), 1) (TestCmd( 300008), 1) (TestCmd( 300009), 1) (TestCmd( 300010), 1) (TestCmd( 300011), 1) (TestCmd( 300012), 1) (TestCmd( 300013), 1) (TestCmd( 300014), 1) (TestCmd( 300015), 1) (TestCmd( 100129), 1) (TestCmd( 100130), 1) (TestCmd( 100131), 1) (TestCmd( 100132), 1) (TestCmd( 100133), 1) (TestCmd( 100134), 1) (TestCmd( 100135), 1) 
[ 3] [Adding entries from  1 to  2 ]
[ 3] [Updated entry  30 with  1 on 3]
[ 3] [Updated entry  31 with  1 on 3]
[ 3] [Logs after update for 3]
[ 3] (TestCmd( 1), 1) (TestCmd( 100001), 1) (TestCmd( 600001), 1) (TestCmd( 200001), 1) (TestCmd( 300001), 1) (TestCmd( 400001), 1) (TestCmd( 100002), 1) (TestCmd( 600002), 1) (TestCmd( 300002), 1) (TestCmd( 300003), 1) (TestCmd( 300004), 1) (TestCmd( 300005), 1) (TestCmd( 300006), 1) (TestCmd( 300007), 1) (TestCmd( 300008), 1) (TestCmd( 300009), 1) (TestCmd( 300010), 1) (TestCmd( 300011), 1) (TestCmd( 300012), 1) (TestCmd( 300013), 1) (TestCmd( 300014), 1) (TestCmd( 300015), 1) (TestCmd( 100129), 1) (TestCmd( 100130), 1) (TestCmd( 100131), 1) (TestCmd( 100132), 1) (TestCmd( 100133), 1) (TestCmd( 100134), 1) (TestCmd( 100135), 1) (TestCmd( 100136), 1) (TestCmd( 100137), 1) 
[ 3] [Updated commit to  31 ]
[ 3] [Commit index strict for 3 :  31]
[ 3] [Append_entries Response for 3]
[ 3] [     Matching_Index_Strict:  31]
[ 3] [     Success: TRUE]
[ 3] [New_State: NO_CHANGES]
[ 3] [State: FOLLOWER, Term:  1] 
[ 3] [Received_message: RAFT.MESSAGES.APPEND_ENTRIES_REQUEST] 
[ 3] [AppendEntriesRequest] for 3 Checking if log contains an entry at PrevLogTerm whose index matches PrevLogIndex
[ 3] [PrevLogIndex from Message:  31]
[ 3] [PrevLogTerm from message:  1]
[ 3] [ LogUpperBound:  32]
[ 3] [Logs for 3]
[ 3] (TestCmd( 1), 1) (TestCmd( 100001), 1) (TestCmd( 600001), 1) (TestCmd( 200001), 1) (TestCmd( 300001), 1) (TestCmd( 400001), 1) (TestCmd( 100002), 1) (TestCmd( 600002), 1) (TestCmd( 300002), 1) (TestCmd( 300003), 1) (TestCmd( 300004), 1) (TestCmd( 300005), 1) (TestCmd( 300006), 1) (TestCmd( 300007), 1) (TestCmd( 300008), 1) (TestCmd( 300009), 1) (TestCmd( 300010), 1) (TestCmd( 300011), 1) (TestCmd( 300012), 1) (TestCmd( 300013), 1) (TestCmd( 300014), 1) (TestCmd( 300015), 1) (TestCmd( 100129), 1) (TestCmd( 100130), 1) (TestCmd( 100131), 1) (TestCmd( 100132), 1) (TestCmd( 100133), 1) (TestCmd( 100134), 1) (TestCmd( 100135), 1) (TestCmd( 100136), 1) (TestCmd( 100137), 1) 
[ 3] [Adding entries from  1 to  2 ]
[ 3] [Updated entry  32 with  1 on 3]
[ 3] [Updated entry  33 with  1 on 3]
[ 3] [Logs after update for 3]
[ 3] (TestCmd( 1), 1) (TestCmd( 100001), 1) (TestCmd( 600001), 1) (TestCmd( 200001), 1) (TestCmd( 300001), 1) (TestCmd( 400001), 1) (TestCmd( 100002), 1) (TestCmd( 600002), 1) (TestCmd( 300002), 1) (TestCmd( 300003), 1) (TestCmd( 300004), 1) (TestCmd( 300005), 1) (TestCmd( 300006), 1) (TestCmd( 300007), 1) (TestCmd( 300008), 1) (TestCmd( 300009), 1) (TestCmd( 300010), 1) (TestCmd( 300011), 1) (TestCmd( 300012), 1) (TestCmd( 300013), 1) (TestCmd( 300014), 1) (TestCmd( 300015), 1) (TestCmd( 100129), 1) (TestCmd( 100130), 1) (TestCmd( 100131), 1) (TestCmd( 100132), 1) (TestCmd( 100133), 1) (TestCmd( 100134), 1) (TestCmd( 100135), 1) (TestCmd( 100136), 1) (TestCmd( 100137), 1) (TestCmd( 100138), 1) (TestCmd( 100139), 1) 
[ 3] [Updated commit to  33 ]
[ 3] [Commit index strict for 3 :  33]
[ 3] [Append_entries Response for 3]
[ 3] [     Matching_Index_Strict:  33]
[ 3] [     Success: TRUE]
[ 3] [New_State: NO_CHANGES]
[ 3] [State: FOLLOWER, Term:  1] 
[ 3] [Received_message: RAFT.MESSAGES.APPEND_ENTRIES_REQUEST] 
[ 3] [AppendEntriesRequest] for 3 Checking if log contains an entry at PrevLogTerm whose index matches PrevLogIndex
[ 3] [PrevLogIndex from Message:  31]
[ 3] [PrevLogTerm from message:  1]
[ 3] [ LogUpperBound:  34]
[ 3] [Logs for 3]
[ 3] (TestCmd( 1), 1) (TestCmd( 100001), 1) (TestCmd( 600001), 1) (TestCmd( 200001), 1) (TestCmd( 300001), 1) (TestCmd( 400001), 1) (TestCmd( 100002), 1) (TestCmd( 600002), 1) (TestCmd( 300002), 1) (TestCmd( 300003), 1) (TestCmd( 300004), 1) (TestCmd( 300005), 1) (TestCmd( 300006), 1) (TestCmd( 300007), 1) (TestCmd( 300008), 1) (TestCmd( 300009), 1) (TestCmd( 300010), 1) (TestCmd( 300011), 1) (TestCmd( 300012), 1) (TestCmd( 300013), 1) (TestCmd( 300014), 1) (TestCmd( 300015), 1) (TestCmd( 100129), 1) (TestCmd( 100130), 1) (TestCmd( 100131), 1) (TestCmd( 100132), 1) (TestCmd( 100133), 1) (TestCmd( 100134), 1) (TestCmd( 100135), 1) (TestCmd( 100136), 1) (TestCmd( 100137), 1) (TestCmd( 100138), 1) (TestCmd( 100139), 1) 
[ 3] [Adding entries from  1 to  2 ]
[ 3] [Updated entry  32 with  1 on 3]
[ 3] [Updated entry  33 with  1 on 3]
[ 3] [Logs after update for 3]
[ 3] (TestCmd( 1), 1) (TestCmd( 100001), 1) (TestCmd( 600001), 1) (TestCmd( 200001), 1) (TestCmd( 300001), 1) (TestCmd( 400001), 1) (TestCmd( 100002), 1) (TestCmd( 600002), 1) (TestCmd( 300002), 1) (TestCmd( 300003), 1) (TestCmd( 300004), 1) (TestCmd( 300005), 1) (TestCmd( 300006), 1) (TestCmd( 300007), 1) (TestCmd( 300008), 1) (TestCmd( 300009), 1) (TestCmd( 300010), 1) (TestCmd( 300011), 1) (TestCmd( 300012), 1) (TestCmd( 300013), 1) (TestCmd( 300014), 1) (TestCmd( 300015), 1) (TestCmd( 100129), 1) (TestCmd( 100130), 1) (TestCmd( 100131), 1) (TestCmd( 100132), 1) (TestCmd( 100133), 1) (TestCmd( 100134), 1) (TestCmd( 100135), 1) (TestCmd( 100136), 1) (TestCmd( 100137), 1) (TestCmd( 100138), 1) (TestCmd( 100139), 1) 
[ 3] [Commit index strict for 3 :  33]
[ 3] [Append_entries Response for 3]
[ 3] [     Matching_Index_Strict:  33]
[ 3] [     Success: TRUE]
[ 3] [New_State: NO_CHANGES]
[ 3] [State: FOLLOWER, Term:  1] 
[ 3] [Received_message: RAFT.MESSAGES.APPEND_ENTRIES_REQUEST] 
[ 3] [AppendEntriesRequest] for 3 Checking if log contains an entry at PrevLogTerm whose index matches PrevLogIndex
[ 3] [PrevLogIndex from Message:  33]
[ 3] [PrevLogTerm from message:  1]
[ 3] [ LogUpperBound:  34]
[ 3] [Logs for 3]
[ 3] (TestCmd( 1), 1) (TestCmd( 100001), 1) (TestCmd( 600001), 1) (TestCmd( 200001), 1) (TestCmd( 300001), 1) (TestCmd( 400001), 1) (TestCmd( 100002), 1) (TestCmd( 600002), 1) (TestCmd( 300002), 1) (TestCmd( 300003), 1) (TestCmd( 300004), 1) (TestCmd( 300005), 1) (TestCmd( 300006), 1) (TestCmd( 300007), 1) (TestCmd( 300008), 1) (TestCmd( 300009), 1) (TestCmd( 300010), 1) (TestCmd( 300011), 1) (TestCmd( 300012), 1) (TestCmd( 300013), 1) (TestCmd( 300014), 1) (TestCmd( 300015), 1) (TestCmd( 100129), 1) (TestCmd( 100130), 1) (TestCmd( 100131), 1) (TestCmd( 100132), 1) (TestCmd( 100133), 1) (TestCmd( 100134), 1) (TestCmd( 100135), 1) (TestCmd( 100136), 1) (TestCmd( 100137), 1) (TestCmd( 100138), 1) (TestCmd( 100139), 1) 
[ 3] [Adding entries from  1 to  2 ]
[ 3] [Updated entry  34 with  1 on 3]
[ 3] [Updated entry  35 with  1 on 3]
[ 3] [Logs after update for 3]
[ 3] (TestCmd( 1), 1) (TestCmd( 100001), 1) (TestCmd( 600001), 1) (TestCmd( 200001), 1) (TestCmd( 300001), 1) (TestCmd( 400001), 1) (TestCmd( 100002), 1) (TestCmd( 600002), 1) (TestCmd( 300002), 1) (TestCmd( 300003), 1) (TestCmd( 300004), 1) (TestCmd( 300005), 1) (TestCmd( 300006), 1) (TestCmd( 300007), 1) (TestCmd( 300008), 1) (TestCmd( 300009), 1) (TestCmd( 300010), 1) (TestCmd( 300011), 1) (TestCmd( 300012), 1) (TestCmd( 300013), 1) (TestCmd( 300014), 1) (TestCmd( 300015), 1) (TestCmd( 100129), 1) (TestCmd( 100130), 1) (TestCmd( 100131), 1) (TestCmd( 100132), 1) (TestCmd( 100133), 1) (TestCmd( 100134), 1) (TestCmd( 100135), 1) (TestCmd( 100136), 1) (TestCmd( 100137), 1) (TestCmd( 100138), 1) (TestCmd( 100139), 1) (TestCmd( 100140), 1) (TestCmd( 100141), 1) 
[ 3] [Updated commit to  35 ]
[ 3] [Commit index strict for 3 :  35]
[ 3] [Append_entries Response for 3]
[ 3] [     Matching_Index_Strict:  35]
[ 3] [     Success: TRUE]
[ 3] [New_State: NO_CHANGES]
[ 3] [State: FOLLOWER, Term:  1] 
[ 3] [Received_message: RAFT.MESSAGES.APPEND_ENTRIES_REQUEST] 
[ 3] [AppendEntriesRequest] for 3 Checking if log contains an entry at PrevLogTerm whose index matches PrevLogIndex
[ 3] [PrevLogIndex from Message:  35]
[ 3] [PrevLogTerm from message:  1]
[ 3] [ LogUpperBound:  36]
[ 3] [Logs for 3]
[ 3] (TestCmd( 1), 1) (TestCmd( 100001), 1) (TestCmd( 600001), 1) (TestCmd( 200001), 1) (TestCmd( 300001), 1) (TestCmd( 400001), 1) (TestCmd( 100002), 1) (TestCmd( 600002), 1) (TestCmd( 300002), 1) (TestCmd( 300003), 1) (TestCmd( 300004), 1) (TestCmd( 300005), 1) (TestCmd( 300006), 1) (TestCmd( 300007), 1) (TestCmd( 300008), 1) (TestCmd( 300009), 1) (TestCmd( 300010), 1) (TestCmd( 300011), 1) (TestCmd( 300012), 1) (TestCmd( 300013), 1) (TestCmd( 300014), 1) (TestCmd( 300015), 1) (TestCmd( 100129), 1) (TestCmd( 100130), 1) (TestCmd( 100131), 1) (TestCmd( 100132), 1) (TestCmd( 100133), 1) (TestCmd( 100134), 1) (TestCmd( 100135), 1) (TestCmd( 100136), 1) (TestCmd( 100137), 1) (TestCmd( 100138), 1) (TestCmd( 100139), 1) (TestCmd( 100140), 1) (TestCmd( 100141), 1) 
[ 3] [Adding entries from  1 to  2 ]
[ 3] [Updated entry  36 with  1 on 3]
[ 3] [Updated entry  37 with  1 on 3]
[ 3] [Logs after update for 3]
[ 3] (TestCmd( 1), 1) (TestCmd( 100001), 1) (TestCmd( 600001), 1) (TestCmd( 200001), 1) (TestCmd( 300001), 1) (TestCmd( 400001), 1) (TestCmd( 100002), 1) (TestCmd( 600002), 1) (TestCmd( 300002), 1) (TestCmd( 300003), 1) (TestCmd( 300004), 1) (TestCmd( 300005), 1) (TestCmd( 300006), 1) (TestCmd( 300007), 1) (TestCmd( 300008), 1) (TestCmd( 300009), 1) (TestCmd( 300010), 1) (TestCmd( 300011), 1) (TestCmd( 300012), 1) (TestCmd( 300013), 1) (TestCmd( 300014), 1) (TestCmd( 300015), 1) (TestCmd( 100129), 1) (TestCmd( 100130), 1) (TestCmd( 100131), 1) (TestCmd( 100132), 1) (TestCmd( 100133), 1) (TestCmd( 100134), 1) (TestCmd( 100135), 1) (TestCmd( 100136), 1) (TestCmd( 100137), 1) (TestCmd( 100138), 1) (TestCmd( 100139), 1) (TestCmd( 100140), 1) (TestCmd( 100141), 1) (TestCmd( 100142), 1) (TestCmd( 100143), 1) 
[ 3] [Updated commit to  37 ]
[ 3] [Commit index strict for 3 :  37]
[ 3] [Append_entries Response for 3]
[ 3] [     Matching_Index_Strict:  37]
[ 3] [     Success: TRUE]
[ 3] [New_State: NO_CHANGES]
[ 3] [State: FOLLOWER, Term:  1] 
[ 3] [Received_message: RAFT.MESSAGES.APPEND_ENTRIES_REQUEST] 
[ 3] [AppendEntriesRequest] for 3 Checking if log contains an entry at PrevLogTerm whose index matches PrevLogIndex
[ 3] [PrevLogIndex from Message:  37]
[ 3] [PrevLogTerm from message:  1]
[ 3] [ LogUpperBound:  38]
[ 3] [Logs for 3]
[ 3] (TestCmd( 1), 1) (TestCmd( 100001), 1) (TestCmd( 600001), 1) (TestCmd( 200001), 1) (TestCmd( 300001), 1) (TestCmd( 400001), 1) (TestCmd( 100002), 1) (TestCmd( 600002), 1) (TestCmd( 300002), 1) (TestCmd( 300003), 1) (TestCmd( 300004), 1) (TestCmd( 300005), 1) (TestCmd( 300006), 1) (TestCmd( 300007), 1) (TestCmd( 300008), 1) (TestCmd( 300009), 1) (TestCmd( 300010), 1) (TestCmd( 300011), 1) (TestCmd( 300012), 1) (TestCmd( 300013), 1) (TestCmd( 300014), 1) (TestCmd( 300015), 1) (TestCmd( 100129), 1) (TestCmd( 100130), 1) (TestCmd( 100131), 1) (TestCmd( 100132), 1) (TestCmd( 100133), 1) (TestCmd( 100134), 1) (TestCmd( 100135), 1) (TestCmd( 100136), 1) (TestCmd( 100137), 1) (TestCmd( 100138), 1) (TestCmd( 100139), 1) (TestCmd( 100140), 1) (TestCmd( 100141), 1) (TestCmd( 100142), 1) (TestCmd( 100143), 1) 
[ 3] [Adding entries from  1 to  2 ]
[ 3] [Updated entry  38 with  1 on 3]
[ 3] [Updated entry  39 with  1 on 3]
[ 3] [Logs after update for 3]
[ 3] (TestCmd( 1), 1) (TestCmd( 100001), 1) (TestCmd( 600001), 1) (TestCmd( 200001), 1) (TestCmd( 300001), 1) (TestCmd( 400001), 1) (TestCmd( 100002), 1) (TestCmd( 600002), 1) (TestCmd( 300002), 1) (TestCmd( 300003), 1) (TestCmd( 300004), 1) (TestCmd( 300005), 1) (TestCmd( 300006), 1) (TestCmd( 300007), 1) (TestCmd( 300008), 1) (TestCmd( 300009), 1) (TestCmd( 300010), 1) (TestCmd( 300011), 1) (TestCmd( 300012), 1) (TestCmd( 300013), 1) (TestCmd( 300014), 1) (TestCmd( 300015), 1) (TestCmd( 100129), 1) (TestCmd( 100130), 1) (TestCmd( 100131), 1) (TestCmd( 100132), 1) (TestCmd( 100133), 1) (TestCmd( 100134), 1) (TestCmd( 100135), 1) (TestCmd( 100136), 1) (TestCmd( 100137), 1) (TestCmd( 100138), 1) (TestCmd( 100139), 1) (TestCmd( 100140), 1) (TestCmd( 100141), 1) (TestCmd( 100142), 1) (TestCmd( 100143), 1) (TestCmd( 100144), 1) (TestCmd( 100145), 1) 
[ 3] [Updated commit to  39 ]
[ 3] [Commit index strict for 3 :  39]
[ 3] [Append_entries Response for 3]
[ 3] [     Matching_Index_Strict:  39]
[ 3] [     Success: TRUE]
[ 3] [New_State: NO_CHANGES]
[ 3] [State: FOLLOWER, Term:  1] 
[ 3] [Received_message: RAFT.MESSAGES.APPEND_ENTRIES_REQUEST] 
[ 3] [AppendEntriesRequest] for 3 Checking if log contains an entry at PrevLogTerm whose index matches PrevLogIndex
[ 3] [PrevLogIndex from Message:  39]
[ 3] [PrevLogTerm from message:  1]
[ 3] [ LogUpperBound:  40]
[ 3] [Logs for 3]
[ 3] (TestCmd( 1), 1) (TestCmd( 100001), 1) (TestCmd( 600001), 1) (TestCmd( 200001), 1) (TestCmd( 300001), 1) (TestCmd( 400001), 1) (TestCmd( 100002), 1) (TestCmd( 600002), 1) (TestCmd( 300002), 1) (TestCmd( 300003), 1) (TestCmd( 300004), 1) (TestCmd( 300005), 1) (TestCmd( 300006), 1) (TestCmd( 300007), 1) (TestCmd( 300008), 1) (TestCmd( 300009), 1) (TestCmd( 300010), 1) (TestCmd( 300011), 1) (TestCmd( 300012), 1) (TestCmd( 300013), 1) (TestCmd( 300014), 1) (TestCmd( 300015), 1) (TestCmd( 100129), 1) (TestCmd( 100130), 1) (TestCmd( 100131), 1) (TestCmd( 100132), 1) (TestCmd( 100133), 1) (TestCmd( 100134), 1) (TestCmd( 100135), 1) (TestCmd( 100136), 1) (TestCmd( 100137), 1) (TestCmd( 100138), 1) (TestCmd( 100139), 1) (TestCmd( 100140), 1) (TestCmd( 100141), 1) (TestCmd( 100142), 1) (TestCmd( 100143), 1) (TestCmd( 100144), 1) (TestCmd( 100145), 1) 
[ 3] [Adding entries from  1 to  2 ]
[ 3] [Updated entry  40 with  1 on 3]
[ 3] [Updated entry  41 with  1 on 3]
[ 3] [Logs after update for 3]
[ 3] (TestCmd( 1), 1) (TestCmd( 100001), 1) (TestCmd( 600001), 1) (TestCmd( 200001), 1) (TestCmd( 300001), 1) (TestCmd( 400001), 1) (TestCmd( 100002), 1) (TestCmd( 600002), 1) (TestCmd( 300002), 1) (TestCmd( 300003), 1) (TestCmd( 300004), 1) (TestCmd( 300005), 1) (TestCmd( 300006), 1) (TestCmd( 300007), 1) (TestCmd( 300008), 1) (TestCmd( 300009), 1) (TestCmd( 300010), 1) (TestCmd( 300011), 1) (TestCmd( 300012), 1) (TestCmd( 300013), 1) (TestCmd( 300014), 1) (TestCmd( 300015), 1) (TestCmd( 100129), 1) (TestCmd( 100130), 1) (TestCmd( 100131), 1) (TestCmd( 100132), 1) (TestCmd( 100133), 1) (TestCmd( 100134), 1) (TestCmd( 100135), 1) (TestCmd( 100136), 1) (TestCmd( 100137), 1) (TestCmd( 100138), 1) (TestCmd( 100139), 1) (TestCmd( 100140), 1) (TestCmd( 100141), 1) (TestCmd( 100142), 1) (TestCmd( 100143), 1) (TestCmd( 100144), 1) (TestCmd( 100145), 1) (TestCmd( 100146), 1) (TestCmd( 100147), 1) 
[ 3] [Updated commit to  41 ]
[ 3] [Commit index strict for 3 :  41]
[ 3] [Append_entries Response for 3]
[ 3] [     Matching_Index_Strict:  41]
[ 3] [     Success: TRUE]
[ 3] [New_State: NO_CHANGES]
[ 3] [State: FOLLOWER, Term:  1] 
[ 3] [Received_message: RAFT.MESSAGES.APPEND_ENTRIES_REQUEST] 
[ 3] [AppendEntriesRequest] for 3 Checking if log contains an entry at PrevLogTerm whose index matches PrevLogIndex
[ 3] [PrevLogIndex from Message:  39]
[ 3] [PrevLogTerm from message:  1]
[ 3] [ LogUpperBound:  42]
[ 3] [Logs for 3]
[ 3] (TestCmd( 1), 1) (TestCmd( 100001), 1) (TestCmd( 600001), 1) (TestCmd( 200001), 1) (TestCmd( 300001), 1) (TestCmd( 400001), 1) (TestCmd( 100002), 1) (TestCmd( 600002), 1) (TestCmd( 300002), 1) (TestCmd( 300003), 1) (TestCmd( 300004), 1) (TestCmd( 300005), 1) (TestCmd( 300006), 1) (TestCmd( 300007), 1) (TestCmd( 300008), 1) (TestCmd( 300009), 1) (TestCmd( 300010), 1) (TestCmd( 300011), 1) (TestCmd( 300012), 1) (TestCmd( 300013), 1) (TestCmd( 300014), 1) (TestCmd( 300015), 1) (TestCmd( 100129), 1) (TestCmd( 100130), 1) (TestCmd( 100131), 1) (TestCmd( 100132), 1) (TestCmd( 100133), 1) (TestCmd( 100134), 1) (TestCmd( 100135), 1) (TestCmd( 100136), 1) (TestCmd( 100137), 1) (TestCmd( 100138), 1) (TestCmd( 100139), 1) (TestCmd( 100140), 1) (TestCmd( 100141), 1) (TestCmd( 100142), 1) (TestCmd( 100143), 1) (TestCmd( 100144), 1) (TestCmd( 100145), 1) (TestCmd( 100146), 1) (TestCmd( 100147), 1) 
[ 3] [Adding entries from  1 to  2 ]
[ 3] [Updated entry  40 with  1 on 3]
[ 3] [Updated entry  41 with  1 on 3]
[ 3] [Logs after update for 3]
[ 3] (TestCmd( 1), 1) (TestCmd( 100001), 1) (TestCmd( 600001), 1) (TestCmd( 200001), 1) (TestCmd( 300001), 1) (TestCmd( 400001), 1) (TestCmd( 100002), 1) (TestCmd( 600002), 1) (TestCmd( 300002), 1) (TestCmd( 300003), 1) (TestCmd( 300004), 1) (TestCmd( 300005), 1) (TestCmd( 300006), 1) (TestCmd( 300007), 1) (TestCmd( 300008), 1) (TestCmd( 300009), 1) (TestCmd( 300010), 1) (TestCmd( 300011), 1) (TestCmd( 300012), 1) (TestCmd( 300013), 1) (TestCmd( 300014), 1) (TestCmd( 300015), 1) (TestCmd( 100129), 1) (TestCmd( 100130), 1) (TestCmd( 100131), 1) (TestCmd( 100132), 1) (TestCmd( 100133), 1) (TestCmd( 100134), 1) (TestCmd( 100135), 1) (TestCmd( 100136), 1) (TestCmd( 100137), 1) (TestCmd( 100138), 1) (TestCmd( 100139), 1) (TestCmd( 100140), 1) (TestCmd( 100141), 1) (TestCmd( 100142), 1) (TestCmd( 100143), 1) (TestCmd( 100144), 1) (TestCmd( 100145), 1) (TestCmd( 100146), 1) (TestCmd( 100147), 1) 
[ 3] [Commit index strict for 3 :  41]
[ 3] [Append_entries Response for 3]
[ 3] [     Matching_Index_Strict:  41]
[ 3] [     Success: TRUE]
[ 3] [New_State: NO_CHANGES]
[ 3] [State: FOLLOWER, Term:  1] 
[ 3] [Received_message: RAFT.MESSAGES.APPEND_ENTRIES_REQUEST] 
[ 3] [AppendEntriesRequest] for 3 Checking if log contains an entry at PrevLogTerm whose index matches PrevLogIndex
[ 3] [PrevLogIndex from Message:  41]
[ 3] [PrevLogTerm from message:  1]
[ 3] [ LogUpperBound:  42]
[ 3] [Logs for 3]
[ 3] (TestCmd( 1), 1) (TestCmd( 100001), 1) (TestCmd( 600001), 1) (TestCmd( 200001), 1) (TestCmd( 300001), 1) (TestCmd( 400001), 1) (TestCmd( 100002), 1) (TestCmd( 600002), 1) (TestCmd( 300002), 1) (TestCmd( 300003), 1) (TestCmd( 300004), 1) (TestCmd( 300005), 1) (TestCmd( 300006), 1) (TestCmd( 300007), 1) (TestCmd( 300008), 1) (TestCmd( 300009), 1) (TestCmd( 300010), 1) (TestCmd( 300011), 1) (TestCmd( 300012), 1) (TestCmd( 300013), 1) (TestCmd( 300014), 1) (TestCmd( 300015), 1) (TestCmd( 100129), 1) (TestCmd( 100130), 1) (TestCmd( 100131), 1) (TestCmd( 100132), 1) (TestCmd( 100133), 1) (TestCmd( 100134), 1) (TestCmd( 100135), 1) (TestCmd( 100136), 1) (TestCmd( 100137), 1) (TestCmd( 100138), 1) (TestCmd( 100139), 1) (TestCmd( 100140), 1) (TestCmd( 100141), 1) (TestCmd( 100142), 1) (TestCmd( 100143), 1) (TestCmd( 100144), 1) (TestCmd( 100145), 1) (TestCmd( 100146), 1) (TestCmd( 100147), 1) 
[ 3] [Adding entries from  1 to  2 ]
[ 3] [Updated entry  42 with  1 on 3]
[ 3] [Updated entry  43 with  1 on 3]
[ 3] [Logs after update for 3]
[ 3] (TestCmd( 1), 1) (TestCmd( 100001), 1) (TestCmd( 600001), 1) (TestCmd( 200001), 1) (TestCmd( 300001), 1) (TestCmd( 400001), 1) (TestCmd( 100002), 1) (TestCmd( 600002), 1) (TestCmd( 300002), 1) (TestCmd( 300003), 1) (TestCmd( 300004), 1) (TestCmd( 300005), 1) (TestCmd( 300006), 1) (TestCmd( 300007), 1) (TestCmd( 300008), 1) (TestCmd( 300009), 1) (TestCmd( 300010), 1) (TestCmd( 300011), 1) (TestCmd( 300012), 1) (TestCmd( 300013), 1) (TestCmd( 300014), 1) (TestCmd( 300015), 1) (TestCmd( 100129), 1) (TestCmd( 100130), 1) (TestCmd( 100131), 1) (TestCmd( 100132), 1) (TestCmd( 100133), 1) (TestCmd( 100134), 1) (TestCmd( 100135), 1) (TestCmd( 100136), 1) (TestCmd( 100137), 1) (TestCmd( 100138), 1) (TestCmd( 100139), 1) (TestCmd( 100140), 1) (TestCmd( 100141), 1) (TestCmd( 100142), 1) (TestCmd( 100143), 1) (TestCmd( 100144), 1) (TestCmd( 100145), 1) (TestCmd( 100146), 1) (TestCmd( 100147), 1) (TestCmd( 100148), 1) (TestCmd( 100149), 1) 
[ 3] [Updated commit to  43 ]
[ 3] [Commit index strict for 3 :  43]
[ 3] [Append_entries Response for 3]
[ 3] [     Matching_Index_Strict:  43]
[ 3] [     Success: TRUE]
[ 3] [New_State: NO_CHANGES]
[ 3] [State: FOLLOWER, Term:  1] 
[ 3] [Received_message: RAFT.MESSAGES.APPEND_ENTRIES_REQUEST] 
[ 3] [AppendEntriesRequest] for 3 Checking if log contains an entry at PrevLogTerm whose index matches PrevLogIndex
[ 3] [PrevLogIndex from Message:  43]
[ 3] [PrevLogTerm from message:  1]
[ 3] [ LogUpperBound:  44]
[ 3] [Logs for 3]
[ 3] (TestCmd( 1), 1) (TestCmd( 100001), 1) (TestCmd( 600001), 1) (TestCmd( 200001), 1) (TestCmd( 300001), 1) (TestCmd( 400001), 1) (TestCmd( 100002), 1) (TestCmd( 600002), 1) (TestCmd( 300002), 1) (TestCmd( 300003), 1) (TestCmd( 300004), 1) (TestCmd( 300005), 1) (TestCmd( 300006), 1) (TestCmd( 300007), 1) (TestCmd( 300008), 1) (TestCmd( 300009), 1) (TestCmd( 300010), 1) (TestCmd( 300011), 1) (TestCmd( 300012), 1) (TestCmd( 300013), 1) (TestCmd( 300014), 1) (TestCmd( 300015), 1) (TestCmd( 100129), 1) (TestCmd( 100130), 1) (TestCmd( 100131), 1) (TestCmd( 100132), 1) (TestCmd( 100133), 1) (TestCmd( 100134), 1) (TestCmd( 100135), 1) (TestCmd( 100136), 1) (TestCmd( 100137), 1) (TestCmd( 100138), 1) (TestCmd( 100139), 1) (TestCmd( 100140), 1) (TestCmd( 100141), 1) (TestCmd( 100142), 1) (TestCmd( 100143), 1) (TestCmd( 100144), 1) (TestCmd( 100145), 1) (TestCmd( 100146), 1) (TestCmd( 100147), 1) (TestCmd( 100148), 1) (TestCmd( 100149), 1) 
[ 3] [Adding entries from  1 to  2 ]
[ 3] [Updated entry  44 with  1 on 3]
[ 3] [Updated entry  45 with  1 on 3]
[ 3] [Logs after update for 3]
[ 3] (TestCmd( 1), 1) (TestCmd( 100001), 1) (TestCmd( 600001), 1) (TestCmd( 200001), 1) (TestCmd( 300001), 1) (TestCmd( 400001), 1) (TestCmd( 100002), 1) (TestCmd( 600002), 1) (TestCmd( 300002), 1) (TestCmd( 300003), 1) (TestCmd( 300004), 1) (TestCmd( 300005), 1) (TestCmd( 300006), 1) (TestCmd( 300007), 1) (TestCmd( 300008), 1) (TestCmd( 300009), 1) (TestCmd( 300010), 1) (TestCmd( 300011), 1) (TestCmd( 300012), 1) (TestCmd( 300013), 1) (TestCmd( 300014), 1) (TestCmd( 300015), 1) (TestCmd( 100129), 1) (TestCmd( 100130), 1) (TestCmd( 100131), 1) (TestCmd( 100132), 1) (TestCmd( 100133), 1) (TestCmd( 100134), 1) (TestCmd( 100135), 1) (TestCmd( 100136), 1) (TestCmd( 100137), 1) (TestCmd( 100138), 1) (TestCmd( 100139), 1) (TestCmd( 100140), 1) (TestCmd( 100141), 1) (TestCmd( 100142), 1) (TestCmd( 100143), 1) (TestCmd( 100144), 1) (TestCmd( 100145), 1) (TestCmd( 100146), 1) (TestCmd( 100147), 1) (TestCmd( 100148), 1) (TestCmd( 100149), 1) (TestCmd( 100150), 1) (TestCmd( 100151), 1) 
[ 3] [Updated commit to  45 ]
[ 3] [Commit index strict for 3 :  45]
[ 3] [Append_entries Response for 3]
[ 3] [     Matching_Index_Strict:  45]
[ 3] [     Success: TRUE]
[ 3] [New_State: NO_CHANGES]
[ 3] [State: FOLLOWER, Term:  1] 
[ 3] [Received_message: RAFT.MESSAGES.APPEND_ENTRIES_REQUEST] 
[ 3] [AppendEntriesRequest] for 3 Checking if log contains an entry at PrevLogTerm whose index matches PrevLogIndex
[ 3] [PrevLogIndex from Message:  45]
[ 3] [PrevLogTerm from message:  1]
[ 3] [ LogUpperBound:  46]
[ 3] [Logs for 3]
[ 3] (TestCmd( 1), 1) (TestCmd( 100001), 1) (TestCmd( 600001), 1) (TestCmd( 200001), 1) (TestCmd( 300001), 1) (TestCmd( 400001), 1) (TestCmd( 100002), 1) (TestCmd( 600002), 1) (TestCmd( 300002), 1) (TestCmd( 300003), 1) (TestCmd( 300004), 1) (TestCmd( 300005), 1) (TestCmd( 300006), 1) (TestCmd( 300007), 1) (TestCmd( 300008), 1) (TestCmd( 300009), 1) (TestCmd( 300010), 1) (TestCmd( 300011), 1) (TestCmd( 300012), 1) (TestCmd( 300013), 1) (TestCmd( 300014), 1) (TestCmd( 300015), 1) (TestCmd( 100129), 1) (TestCmd( 100130), 1) (TestCmd( 100131), 1) (TestCmd( 100132), 1) (TestCmd( 100133), 1) (TestCmd( 100134), 1) (TestCmd( 100135), 1) (TestCmd( 100136), 1) (TestCmd( 100137), 1) (TestCmd( 100138), 1) (TestCmd( 100139), 1) (TestCmd( 100140), 1) (TestCmd( 100141), 1) (TestCmd( 100142), 1) (TestCmd( 100143), 1) (TestCmd( 100144), 1) (TestCmd( 100145), 1) (TestCmd( 100146), 1) (TestCmd( 100147), 1) (TestCmd( 100148), 1) (TestCmd( 100149), 1) (TestCmd( 100150), 1) (TestCmd( 100151), 1) 
[ 3] [Adding entries from  1 to  2 ]
[ 3] [Updated entry  46 with  1 on 3]
[ 3] [Updated entry  47 with  1 on 3]
[ 3] [Logs after update for 3]
[ 3] (TestCmd( 1), 1) (TestCmd( 100001), 1) (TestCmd( 600001), 1) (TestCmd( 200001), 1) (TestCmd( 300001), 1) (TestCmd( 400001), 1) (TestCmd( 100002), 1) (TestCmd( 600002), 1) (TestCmd( 300002), 1) (TestCmd( 300003), 1) (TestCmd( 300004), 1) (TestCmd( 300005), 1) (TestCmd( 300006), 1) (TestCmd( 300007), 1) (TestCmd( 300008), 1) (TestCmd( 300009), 1) (TestCmd( 300010), 1) (TestCmd( 300011), 1) (TestCmd( 300012), 1) (TestCmd( 300013), 1) (TestCmd( 300014), 1) (TestCmd( 300015), 1) (TestCmd( 100129), 1) (TestCmd( 100130), 1) (TestCmd( 100131), 1) (TestCmd( 100132), 1) (TestCmd( 100133), 1) (TestCmd( 100134), 1) (TestCmd( 100135), 1) (TestCmd( 100136), 1) (TestCmd( 100137), 1) (TestCmd( 100138), 1) (TestCmd( 100139), 1) (TestCmd( 100140), 1) (TestCmd( 100141), 1) (TestCmd( 100142), 1) (TestCmd( 100143), 1) (TestCmd( 100144), 1) (TestCmd( 100145), 1) (TestCmd( 100146), 1) (TestCmd( 100147), 1) (TestCmd( 100148), 1) (TestCmd( 100149), 1) (TestCmd( 100150), 1) (TestCmd( 100151), 1) (TestCmd( 100152), 1) (TestCmd( 100153), 1) 
[ 3] [Updated commit to  47 ]
[ 3] [Commit index strict for 3 :  47]
[ 3] [Append_entries Response for 3]
[ 3] [     Matching_Index_Strict:  47]
[ 3] [     Success: TRUE]
[ 3] [New_State: NO_CHANGES]
[ 3] [State: FOLLOWER, Term:  1] 
[ 3] [Received_message: RAFT.MESSAGES.APPEND_ENTRIES_REQUEST] 
[ 3] [AppendEntriesRequest] for 3 Checking if log contains an entry at PrevLogTerm whose index matches PrevLogIndex
[ 3] [PrevLogIndex from Message:  47]
[ 3] [PrevLogTerm from message:  1]
[ 3] [ LogUpperBound:  48]
[ 3] [Logs for 3]
[ 3] (TestCmd( 1), 1) (TestCmd( 100001), 1) (TestCmd( 600001), 1) (TestCmd( 200001), 1) (TestCmd( 300001), 1) (TestCmd( 400001), 1) (TestCmd( 100002), 1) (TestCmd( 600002), 1) (TestCmd( 300002), 1) (TestCmd( 300003), 1) (TestCmd( 300004), 1) (TestCmd( 300005), 1) (TestCmd( 300006), 1) (TestCmd( 300007), 1) (TestCmd( 300008), 1) (TestCmd( 300009), 1) (TestCmd( 300010), 1) (TestCmd( 300011), 1) (TestCmd( 300012), 1) (TestCmd( 300013), 1) (TestCmd( 300014), 1) (TestCmd( 300015), 1) (TestCmd( 100129), 1) (TestCmd( 100130), 1) (TestCmd( 100131), 1) (TestCmd( 100132), 1) (TestCmd( 100133), 1) (TestCmd( 100134), 1) (TestCmd( 100135), 1) (TestCmd( 100136), 1) (TestCmd( 100137), 1) (TestCmd( 100138), 1) (TestCmd( 100139), 1) (TestCmd( 100140), 1) (TestCmd( 100141), 1) (TestCmd( 100142), 1) (TestCmd( 100143), 1) (TestCmd( 100144), 1) (TestCmd( 100145), 1) (TestCmd( 100146), 1) (TestCmd( 100147), 1) (TestCmd( 100148), 1) (TestCmd( 100149), 1) (TestCmd( 100150), 1) (TestCmd( 100151), 1) (TestCmd( 100152), 1) (TestCmd( 100153), 1) 
[ 3] [Adding entries from  1 to  2 ]
[ 3] [Updated entry  48 with  1 on 3]
[ 3] [Updated entry  49 with  1 on 3]
[ 3] [Logs after update for 3]
[ 3] (TestCmd( 1), 1) (TestCmd( 100001), 1) (TestCmd( 600001), 1) (TestCmd( 200001), 1) (TestCmd( 300001), 1) (TestCmd( 400001), 1) (TestCmd( 100002), 1) (TestCmd( 600002), 1) (TestCmd( 300002), 1) (TestCmd( 300003), 1) (TestCmd( 300004), 1) (TestCmd( 300005), 1) (TestCmd( 300006), 1) (TestCmd( 300007), 1) (TestCmd( 300008), 1) (TestCmd( 300009), 1) (TestCmd( 300010), 1) (TestCmd( 300011), 1) (TestCmd( 300012), 1) (TestCmd( 300013), 1) (TestCmd( 300014), 1) (TestCmd( 300015), 1) (TestCmd( 100129), 1) (TestCmd( 100130), 1) (TestCmd( 100131), 1) (TestCmd( 100132), 1) (TestCmd( 100133), 1) (TestCmd( 100134), 1) (TestCmd( 100135), 1) (TestCmd( 100136), 1) (TestCmd( 100137), 1) (TestCmd( 100138), 1) (TestCmd( 100139), 1) (TestCmd( 100140), 1) (TestCmd( 100141), 1) (TestCmd( 100142), 1) (TestCmd( 100143), 1) (TestCmd( 100144), 1) (TestCmd( 100145), 1) (TestCmd( 100146), 1) (TestCmd( 100147), 1) (TestCmd( 100148), 1) (TestCmd( 100149), 1) (TestCmd( 100150), 1) (TestCmd( 100151), 1) (TestCmd( 100152), 1) (TestCmd( 100153), 1) (TestCmd( 100154), 1) (TestCmd( 100155), 1) 
[ 3] [Updated commit to  49 ]
[ 3] [Commit index strict for 3 :  49]
[ 3] [Append_entries Response for 3]
[ 3] [     Matching_Index_Strict:  49]
[ 3] [     Success: TRUE]
[ 3] [New_State: NO_CHANGES]
[ 3] [State: FOLLOWER, Term:  1] 
[ 3] [Received_message: RAFT.MESSAGES.APPEND_ENTRIES_REQUEST] 
[ 3] [AppendEntriesRequest] for 3 Checking if log contains an entry at PrevLogTerm whose index matches PrevLogIndex
[ 3] [PrevLogIndex from Message:  47]
[ 3] [PrevLogTerm from message:  1]
[ 3] [ LogUpperBound:  50]
[ 3] [Logs for 3]
[ 3] (TestCmd( 1), 1) (TestCmd( 100001), 1) (TestCmd( 600001), 1) (TestCmd( 200001), 1) (TestCmd( 300001), 1) (TestCmd( 400001), 1) (TestCmd( 100002), 1) (TestCmd( 600002), 1) (TestCmd( 300002), 1) (TestCmd( 300003), 1) (TestCmd( 300004), 1) (TestCmd( 300005), 1) (TestCmd( 300006), 1) (TestCmd( 300007), 1) (TestCmd( 300008), 1) (TestCmd( 300009), 1) (TestCmd( 300010), 1) (TestCmd( 300011), 1) (TestCmd( 300012), 1) (TestCmd( 300013), 1) (TestCmd( 300014), 1) (TestCmd( 300015), 1) (TestCmd( 100129), 1) (TestCmd( 100130), 1) (TestCmd( 100131), 1) (TestCmd( 100132), 1) (TestCmd( 100133), 1) (TestCmd( 100134), 1) (TestCmd( 100135), 1) (TestCmd( 100136), 1) (TestCmd( 100137), 1) (TestCmd( 100138), 1) (TestCmd( 100139), 1) (TestCmd( 100140), 1) (TestCmd( 100141), 1) (TestCmd( 100142), 1) (TestCmd( 100143), 1) (TestCmd( 100144), 1) (TestCmd( 100145), 1) (TestCmd( 100146), 1) (TestCmd( 100147), 1) (TestCmd( 100148), 1) (TestCmd( 100149), 1) (TestCmd( 100150), 1) (TestCmd( 100151), 1) (TestCmd( 100152), 1) (TestCmd( 100153), 1) (TestCmd( 100154), 1) (TestCmd( 100155), 1) 
[ 3] [Adding entries from  1 to  2 ]
[ 3] [Updated entry  48 with  1 on 3]
[ 3] [Updated entry  49 with  1 on 3]
[ 3] [Logs after update for 3]
[ 3] (TestCmd( 1), 1) (TestCmd( 100001), 1) (TestCmd( 600001), 1) (TestCmd( 200001), 1) (TestCmd( 300001), 1) (TestCmd( 400001), 1) (TestCmd( 100002), 1) (TestCmd( 600002), 1) (TestCmd( 300002), 1) (TestCmd( 300003), 1) (TestCmd( 300004), 1) (TestCmd( 300005), 1) (TestCmd( 300006), 1) (TestCmd( 300007), 1) (TestCmd( 300008), 1) (TestCmd( 300009), 1) (TestCmd( 300010), 1) (TestCmd( 300011), 1) (TestCmd( 300012), 1) (TestCmd( 300013), 1) (TestCmd( 300014), 1) (TestCmd( 300015), 1) (TestCmd( 100129), 1) (TestCmd( 100130), 1) (TestCmd( 100131), 1) (TestCmd( 100132), 1) (TestCmd( 100133), 1) (TestCmd( 100134), 1) (TestCmd( 100135), 1) (TestCmd( 100136), 1) (TestCmd( 100137), 1) (TestCmd( 100138), 1) (TestCmd( 100139), 1) (TestCmd( 100140), 1) (TestCmd( 100141), 1) (TestCmd( 100142), 1) (TestCmd( 100143), 1) (TestCmd( 100144), 1) (TestCmd( 100145), 1) (TestCmd( 100146), 1) (TestCmd( 100147), 1) (TestCmd( 100148), 1) (TestCmd( 100149), 1) (TestCmd( 100150), 1) (TestCmd( 100151), 1) (TestCmd( 100152), 1) (TestCmd( 100153), 1) (TestCmd( 100154), 1) (TestCmd( 100155), 1) 
[ 3] [Commit index strict for 3 :  49]
[ 3] [Append_entries Response for 3]
[ 3] [     Matching_Index_Strict:  49]
[ 3] [     Success: TRUE]
[ 3] [New_State: NO_CHANGES]
[ 3] [State: FOLLOWER, Term:  1] 
[ 3] [Received_message: RAFT.MESSAGES.APPEND_ENTRIES_REQUEST] 
[ 3] [AppendEntriesRequest] for 3 Checking if log contains an entry at PrevLogTerm whose index matches PrevLogIndex
[ 3] [PrevLogIndex from Message:  49]
[ 3] [PrevLogTerm from message:  1]
[ 3] [ LogUpperBound:  50]
[ 3] [Logs for 3]
[ 3] (TestCmd( 1), 1) (TestCmd( 100001), 1) (TestCmd( 600001), 1) (TestCmd( 200001), 1) (TestCmd( 300001), 1) (TestCmd( 400001), 1) (TestCmd( 100002), 1) (TestCmd( 600002), 1) (TestCmd( 300002), 1) (TestCmd( 300003), 1) (TestCmd( 300004), 1) (TestCmd( 300005), 1) (TestCmd( 300006), 1) (TestCmd( 300007), 1) (TestCmd( 300008), 1) (TestCmd( 300009), 1) (TestCmd( 300010), 1) (TestCmd( 300011), 1) (TestCmd( 300012), 1) (TestCmd( 300013), 1) (TestCmd( 300014), 1) (TestCmd( 300015), 1) (TestCmd( 100129), 1) (TestCmd( 100130), 1) (TestCmd( 100131), 1) (TestCmd( 100132), 1) (TestCmd( 100133), 1) (TestCmd( 100134), 1) (TestCmd( 100135), 1) (TestCmd( 100136), 1) (TestCmd( 100137), 1) (TestCmd( 100138), 1) (TestCmd( 100139), 1) (TestCmd( 100140), 1) (TestCmd( 100141), 1) (TestCmd( 100142), 1) (TestCmd( 100143), 1) (TestCmd( 100144), 1) (TestCmd( 100145), 1) (TestCmd( 100146), 1) (TestCmd( 100147), 1) (TestCmd( 100148), 1) (TestCmd( 100149), 1) (TestCmd( 100150), 1) (TestCmd( 100151), 1) (TestCmd( 100152), 1) (TestCmd( 100153), 1) (TestCmd( 100154), 1) (TestCmd( 100155), 1) 
[ 3] [Adding entries from  1 to  2 ]
[ 3] [Updated entry  50 with  1 on 3]
[ 3] [Updated entry  51 with  1 on 3]
[ 3] [Logs after update for 3]
[ 3] (TestCmd( 1), 1) (TestCmd( 100001), 1) (TestCmd( 600001), 1) (TestCmd( 200001), 1) (TestCmd( 300001), 1) (TestCmd( 400001), 1) (TestCmd( 100002), 1) (TestCmd( 600002), 1) (TestCmd( 300002), 1) (TestCmd( 300003), 1) (TestCmd( 300004), 1) (TestCmd( 300005), 1) (TestCmd( 300006), 1) (TestCmd( 300007), 1) (TestCmd( 300008), 1) (TestCmd( 300009), 1) (TestCmd( 300010), 1) (TestCmd( 300011), 1) (TestCmd( 300012), 1) (TestCmd( 300013), 1) (TestCmd( 300014), 1) (TestCmd( 300015), 1) (TestCmd( 100129), 1) (TestCmd( 100130), 1) (TestCmd( 100131), 1) (TestCmd( 100132), 1) (TestCmd( 100133), 1) (TestCmd( 100134), 1) (TestCmd( 100135), 1) (TestCmd( 100136), 1) (TestCmd( 100137), 1) (TestCmd( 100138), 1) (TestCmd( 100139), 1) (TestCmd( 100140), 1) (TestCmd( 100141), 1) (TestCmd( 100142), 1) (TestCmd( 100143), 1) (TestCmd( 100144), 1) (TestCmd( 100145), 1) (TestCmd( 100146), 1) (TestCmd( 100147), 1) (TestCmd( 100148), 1) (TestCmd( 100149), 1) (TestCmd( 100150), 1) (TestCmd( 100151), 1) (TestCmd( 100152), 1) (TestCmd( 100153), 1) (TestCmd( 100154), 1) (TestCmd( 100155), 1) (TestCmd( 100156), 1) (TestCmd( 100157), 1) 
[ 3] [Updated commit to  51 ]
[ 3] [Commit index strict for 3 :  51]
[ 3] [Append_entries Response for 3]
[ 3] [     Matching_Index_Strict:  51]
[ 3] [     Success: TRUE]
[ 3] [New_State: NO_CHANGES]
[ 3] [State: FOLLOWER, Term:  1] 
[ 3] [Received_message: RAFT.MESSAGES.APPEND_ENTRIES_REQUEST] 
[ 3] [AppendEntriesRequest] for 3 Checking if log contains an entry at PrevLogTerm whose index matches PrevLogIndex
[ 3] [PrevLogIndex from Message:  51]
[ 3] [PrevLogTerm from message:  1]
[ 3] [ LogUpperBound:  52]
[ 3] [Logs for 3]
[ 3] (TestCmd( 1), 1) (TestCmd( 100001), 1) (TestCmd( 600001), 1) (TestCmd( 200001), 1) (TestCmd( 300001), 1) (TestCmd( 400001), 1) (TestCmd( 100002), 1) (TestCmd( 600002), 1) (TestCmd( 300002), 1) (TestCmd( 300003), 1) (TestCmd( 300004), 1) (TestCmd( 300005), 1) (TestCmd( 300006), 1) (TestCmd( 300007), 1) (TestCmd( 300008), 1) (TestCmd( 300009), 1) (TestCmd( 300010), 1) (TestCmd( 300011), 1) (TestCmd( 300012), 1) (TestCmd( 300013), 1) (TestCmd( 300014), 1) (TestCmd( 300015), 1) (TestCmd( 100129), 1) (TestCmd( 100130), 1) (TestCmd( 100131), 1) (TestCmd( 100132), 1) (TestCmd( 100133), 1) (TestCmd( 100134), 1) (TestCmd( 100135), 1) (TestCmd( 100136), 1) (TestCmd( 100137), 1) (TestCmd( 100138), 1) (TestCmd( 100139), 1) (TestCmd( 100140), 1) (TestCmd( 100141), 1) (TestCmd( 100142), 1) (TestCmd( 100143), 1) (TestCmd( 100144), 1) (TestCmd( 100145), 1) (TestCmd( 100146), 1) (TestCmd( 100147), 1) (TestCmd( 100148), 1) (TestCmd( 100149), 1) (TestCmd( 100150), 1) (TestCmd( 100151), 1) (TestCmd( 100152), 1) (TestCmd( 100153), 1) (TestCmd( 100154), 1) (TestCmd( 100155), 1) (TestCmd( 100156), 1) (TestCmd( 100157), 1) 
[ 3] [Adding entries from  1 to  2 ]
[ 3] [Updated entry  52 with  1 on 3]
[ 3] [Updated entry  53 with  1 on 3]
[ 3] [Logs after update for 3]
[ 3] (TestCmd( 1), 1) (TestCmd( 100001), 1) (TestCmd( 600001), 1) (TestCmd( 200001), 1) (TestCmd( 300001), 1) (TestCmd( 400001), 1) (TestCmd( 100002), 1) (TestCmd( 600002), 1) (TestCmd( 300002), 1) (TestCmd( 300003), 1) (TestCmd( 300004), 1) (TestCmd( 300005), 1) (TestCmd( 300006), 1) (TestCmd( 300007), 1) (TestCmd( 300008), 1) (TestCmd( 300009), 1) (TestCmd( 300010), 1) (TestCmd( 300011), 1) (TestCmd( 300012), 1) (TestCmd( 300013), 1) (TestCmd( 300014), 1) (TestCmd( 300015), 1) (TestCmd( 100129), 1) (TestCmd( 100130), 1) (TestCmd( 100131), 1) (TestCmd( 100132), 1) (TestCmd( 100133), 1) (TestCmd( 100134), 1) (TestCmd( 100135), 1) (TestCmd( 100136), 1) (TestCmd( 100137), 1) (TestCmd( 100138), 1) (TestCmd( 100139), 1) (TestCmd( 100140), 1) (TestCmd( 100141), 1) (TestCmd( 100142), 1) (TestCmd( 100143), 1) (TestCmd( 100144), 1) (TestCmd( 100145), 1) (TestCmd( 100146), 1) (TestCmd( 100147), 1) (TestCmd( 100148), 1) (TestCmd( 100149), 1) (TestCmd( 100150), 1) (TestCmd( 100151), 1) (TestCmd( 100152), 1) (TestCmd( 100153), 1) (TestCmd( 100154), 1) (TestCmd( 100155), 1) (TestCmd( 100156), 1) (TestCmd( 100157), 1) (TestCmd( 100158), 1) (TestCmd( 100159), 1) 
[ 3] [Updated commit to  53 ]
[ 3] [Commit index strict for 3 :  53]
[ 3] [Append_entries Response for 3]
[ 3] [     Matching_Index_Strict:  53]
[ 3] [     Success: TRUE]
[ 3] [New_State: NO_CHANGES]
[ 3] [State: FOLLOWER, Term:  1] 
[ 3] [Received_message: RAFT.MESSAGES.APPEND_ENTRIES_REQUEST] 
[ 3] [AppendEntriesRequest] for 3 Checking if log contains an entry at PrevLogTerm whose index matches PrevLogIndex
[ 3] [PrevLogIndex from Message:  53]
[ 3] [PrevLogTerm from message:  1]
[ 3] [ LogUpperBound:  54]
[ 3] [Logs for 3]
[ 3] (TestCmd( 1), 1) (TestCmd( 100001), 1) (TestCmd( 600001), 1) (TestCmd( 200001), 1) (TestCmd( 300001), 1) (TestCmd( 400001), 1) (TestCmd( 100002), 1) (TestCmd( 600002), 1) (TestCmd( 300002), 1) (TestCmd( 300003), 1) (TestCmd( 300004), 1) (TestCmd( 300005), 1) (TestCmd( 300006), 1) (TestCmd( 300007), 1) (TestCmd( 300008), 1) (TestCmd( 300009), 1) (TestCmd( 300010), 1) (TestCmd( 300011), 1) (TestCmd( 300012), 1) (TestCmd( 300013), 1) (TestCmd( 300014), 1) (TestCmd( 300015), 1) (TestCmd( 100129), 1) (TestCmd( 100130), 1) (TestCmd( 100131), 1) (TestCmd( 100132), 1) (TestCmd( 100133), 1) (TestCmd( 100134), 1) (TestCmd( 100135), 1) (TestCmd( 100136), 1) (TestCmd( 100137), 1) (TestCmd( 100138), 1) (TestCmd( 100139), 1) (TestCmd( 100140), 1) (TestCmd( 100141), 1) (TestCmd( 100142), 1) (TestCmd( 100143), 1) (TestCmd( 100144), 1) (TestCmd( 100145), 1) (TestCmd( 100146), 1) (TestCmd( 100147), 1) (TestCmd( 100148), 1) (TestCmd( 100149), 1) (TestCmd( 100150), 1) (TestCmd( 100151), 1) (TestCmd( 100152), 1) (TestCmd( 100153), 1) (TestCmd( 100154), 1) (TestCmd( 100155), 1) (TestCmd( 100156), 1) (TestCmd( 100157), 1) (TestCmd( 100158), 1) (TestCmd( 100159), 1) 
[ 3] [Adding entries from  1 to  1 ]
[ 3] [Updated entry  54 with  1 on 3]
[ 3] [Logs after update for 3]
[ 3] (TestCmd( 1), 1) (TestCmd( 100001), 1) (TestCmd( 600001), 1) (TestCmd( 200001), 1) (TestCmd( 300001), 1) (TestCmd( 400001), 1) (TestCmd( 100002), 1) (TestCmd( 600002), 1) (TestCmd( 300002), 1) (TestCmd( 300003), 1) (TestCmd( 300004), 1) (TestCmd( 300005), 1) (TestCmd( 300006), 1) (TestCmd( 300007), 1) (TestCmd( 300008), 1) (TestCmd( 300009), 1) (TestCmd( 300010), 1) (TestCmd( 300011), 1) (TestCmd( 300012), 1) (TestCmd( 300013), 1) (TestCmd( 300014), 1) (TestCmd( 300015), 1) (TestCmd( 100129), 1) (TestCmd( 100130), 1) (TestCmd( 100131), 1) (TestCmd( 100132), 1) (TestCmd( 100133), 1) (TestCmd( 100134), 1) (TestCmd( 100135), 1) (TestCmd( 100136), 1) (TestCmd( 100137), 1) (TestCmd( 100138), 1) (TestCmd( 100139), 1) (TestCmd( 100140), 1) (TestCmd( 100141), 1) (TestCmd( 100142), 1) (TestCmd( 100143), 1) (TestCmd( 100144), 1) (TestCmd( 100145), 1) (TestCmd( 100146), 1) (TestCmd( 100147), 1) (TestCmd( 100148), 1) (TestCmd( 100149), 1) (TestCmd( 100150), 1) (TestCmd( 100151), 1) (TestCmd( 100152), 1) (TestCmd( 100153), 1) (TestCmd( 100154), 1) (TestCmd( 100155), 1) (TestCmd( 100156), 1) (TestCmd( 100157), 1) (TestCmd( 100158), 1) (TestCmd( 100159), 1) (TestCmd( 100160), 1) 
[ 3] [Updated commit to  54 ]
[ 3] [Commit index strict for 3 :  54]
[ 3] [Append_entries Response for 3]
[ 3] [     Matching_Index_Strict:  54]
[ 3] [     Success: TRUE]
[ 3] [New_State: NO_CHANGES]
[ 3] [State: FOLLOWER, Term:  1] 
[ 3] [Received_message: RAFT.MESSAGES.APPEND_ENTRIES_REQUEST] 
[ 3] [AppendEntriesRequest] for 3 Checking if log contains an entry at PrevLogTerm whose index matches PrevLogIndex
[ 3] [PrevLogIndex from Message:  54]
[ 3] [PrevLogTerm from message:  1]
[ 3] [ LogUpperBound:  55]
[ 3] [Logs for 3]
[ 3] (TestCmd( 1), 1) (TestCmd( 100001), 1) (TestCmd( 600001), 1) (TestCmd( 200001), 1) (TestCmd( 300001), 1) (TestCmd( 400001), 1) (TestCmd( 100002), 1) (TestCmd( 600002), 1) (TestCmd( 300002), 1) (TestCmd( 300003), 1) (TestCmd( 300004), 1) (TestCmd( 300005), 1) (TestCmd( 300006), 1) (TestCmd( 300007), 1) (TestCmd( 300008), 1) (TestCmd( 300009), 1) (TestCmd( 300010), 1) (TestCmd( 300011), 1) (TestCmd( 300012), 1) (TestCmd( 300013), 1) (TestCmd( 300014), 1) (TestCmd( 300015), 1) (TestCmd( 100129), 1) (TestCmd( 100130), 1) (TestCmd( 100131), 1) (TestCmd( 100132), 1) (TestCmd( 100133), 1) (TestCmd( 100134), 1) (TestCmd( 100135), 1) (TestCmd( 100136), 1) (TestCmd( 100137), 1) (TestCmd( 100138), 1) (TestCmd( 100139), 1) (TestCmd( 100140), 1) (TestCmd( 100141), 1) (TestCmd( 100142), 1) (TestCmd( 100143), 1) (TestCmd( 100144), 1) (TestCmd( 100145), 1) (TestCmd( 100146), 1) (TestCmd( 100147), 1) (TestCmd( 100148), 1) (TestCmd( 100149), 1) (TestCmd( 100150), 1) (TestCmd( 100151), 1) (TestCmd( 100152), 1) (TestCmd( 100153), 1) (TestCmd( 100154), 1) (TestCmd( 100155), 1) (TestCmd( 100156), 1) (TestCmd( 100157), 1) (TestCmd( 100158), 1) (TestCmd( 100159), 1) (TestCmd( 100160), 1) 
[No entries to add for 3]
[ 3] [Logs after update for 3]
[ 3] (TestCmd( 1), 1) (TestCmd( 100001), 1) (TestCmd( 600001), 1) (TestCmd( 200001), 1) (TestCmd( 300001), 1) (TestCmd( 400001), 1) (TestCmd( 100002), 1) (TestCmd( 600002), 1) (TestCmd( 300002), 1) (TestCmd( 300003), 1) (TestCmd( 300004), 1) (TestCmd( 300005), 1) (TestCmd( 300006), 1) (TestCmd( 300007), 1) (TestCmd( 300008), 1) (TestCmd( 300009), 1) (TestCmd( 300010), 1) (TestCmd( 300011), 1) (TestCmd( 300012), 1) (TestCmd( 300013), 1) (TestCmd( 300014), 1) (TestCmd( 300015), 1) (TestCmd( 100129), 1) (TestCmd( 100130), 1) (TestCmd( 100131), 1) (TestCmd( 100132), 1) (TestCmd( 100133), 1) (TestCmd( 100134), 1) (TestCmd( 100135), 1) (TestCmd( 100136), 1) (TestCmd( 100137), 1) (TestCmd( 100138), 1) (TestCmd( 100139), 1) (TestCmd( 100140), 1) (TestCmd( 100141), 1) (TestCmd( 100142), 1) (TestCmd( 100143), 1) (TestCmd( 100144), 1) (TestCmd( 100145), 1) (TestCmd( 100146), 1) (TestCmd( 100147), 1) (TestCmd( 100148), 1) (TestCmd( 100149), 1) (TestCmd( 100150), 1) (TestCmd( 100151), 1) (TestCmd( 100152), 1) (TestCmd( 100153), 1) (TestCmd( 100154), 1) (TestCmd( 100155), 1) (TestCmd( 100156), 1) (TestCmd( 100157), 1) (TestCmd( 100158), 1) (TestCmd( 100159), 1) (TestCmd( 100160), 1) 
[ 3] [Updated commit to  55 ]
[ 3] [Commit index strict for 3 :  55]
[ 3] [Append_entries Response for 3]
[ 3] [     Matching_Index_Strict:  54]
[ 3] [     Success: TRUE]
[ 3] [New_State: NO_CHANGES]
[ 3] [State: FOLLOWER, Term:  1] 
[ 3] [Received_message: RAFT.MESSAGES.APPEND_ENTRIES_REQUEST] 
[ 3] [AppendEntriesRequest] for 3 Checking if log contains an entry at PrevLogTerm whose index matches PrevLogIndex
[ 3] [PrevLogIndex from Message:  54]
[ 3] [PrevLogTerm from message:  1]
[ 3] [ LogUpperBound:  55]
[ 3] [Logs for 3]
[ 3] (TestCmd( 1), 1) (TestCmd( 100001), 1) (TestCmd( 600001), 1) (TestCmd( 200001), 1) (TestCmd( 300001), 1) (TestCmd( 400001), 1) (TestCmd( 100002), 1) (TestCmd( 600002), 1) (TestCmd( 300002), 1) (TestCmd( 300003), 1) (TestCmd( 300004), 1) (TestCmd( 300005), 1) (TestCmd( 300006), 1) (TestCmd( 300007), 1) (TestCmd( 300008), 1) (TestCmd( 300009), 1) (TestCmd( 300010), 1) (TestCmd( 300011), 1) (TestCmd( 300012), 1) (TestCmd( 300013), 1) (TestCmd( 300014), 1) (TestCmd( 300015), 1) (TestCmd( 100129), 1) (TestCmd( 100130), 1) (TestCmd( 100131), 1) (TestCmd( 100132), 1) (TestCmd( 100133), 1) (TestCmd( 100134), 1) (TestCmd( 100135), 1) (TestCmd( 100136), 1) (TestCmd( 100137), 1) (TestCmd( 100138), 1) (TestCmd( 100139), 1) (TestCmd( 100140), 1) (TestCmd( 100141), 1) (TestCmd( 100142), 1) (TestCmd( 100143), 1) (TestCmd( 100144), 1) (TestCmd( 100145), 1) (TestCmd( 100146), 1) (TestCmd( 100147), 1) (TestCmd( 100148), 1) (TestCmd( 100149), 1) (TestCmd( 100150), 1) (TestCmd( 100151), 1) (TestCmd( 100152), 1) (TestCmd( 100153), 1) (TestCmd( 100154), 1) (TestCmd( 100155), 1) (TestCmd( 100156), 1) (TestCmd( 100157), 1) (TestCmd( 100158), 1) (TestCmd( 100159), 1) (TestCmd( 100160), 1) 
[No entries to add for 3]
[ 3] [Logs after update for 3]
[ 3] (TestCmd( 1), 1) (TestCmd( 100001), 1) (TestCmd( 600001), 1) (TestCmd( 200001), 1) (TestCmd( 300001), 1) (TestCmd( 400001), 1) (TestCmd( 100002), 1) (TestCmd( 600002), 1) (TestCmd( 300002), 1) (TestCmd( 300003), 1) (TestCmd( 300004), 1) (TestCmd( 300005), 1) (TestCmd( 300006), 1) (TestCmd( 300007), 1) (TestCmd( 300008), 1) (TestCmd( 300009), 1) (TestCmd( 300010), 1) (TestCmd( 300011), 1) (TestCmd( 300012), 1) (TestCmd( 300013), 1) (TestCmd( 300014), 1) (TestCmd( 300015), 1) (TestCmd( 100129), 1) (TestCmd( 100130), 1) (TestCmd( 100131), 1) (TestCmd( 100132), 1) (TestCmd( 100133), 1) (TestCmd( 100134), 1) (TestCmd( 100135), 1) (TestCmd( 100136), 1) (TestCmd( 100137), 1) (TestCmd( 100138), 1) (TestCmd( 100139), 1) (TestCmd( 100140), 1) (TestCmd( 100141), 1) (TestCmd( 100142), 1) (TestCmd( 100143), 1) (TestCmd( 100144), 1) (TestCmd( 100145), 1) (TestCmd( 100146), 1) (TestCmd( 100147), 1) (TestCmd( 100148), 1) (TestCmd( 100149), 1) (TestCmd( 100150), 1) (TestCmd( 100151), 1) (TestCmd( 100152), 1) (TestCmd( 100153), 1) (TestCmd( 100154), 1) (TestCmd( 100155), 1) (TestCmd( 100156), 1) (TestCmd( 100157), 1) (TestCmd( 100158), 1) (TestCmd( 100159), 1) (TestCmd( 100160), 1) 
[ 3] [Commit index strict for 3 :  55]
[ 3] [Append_entries Response for 3]
[ 3] [     Matching_Index_Strict:  54]
[ 3] [     Success: TRUE]
[ 3] [New_State: NO_CHANGES]
audit: messages= 220 bytes= 28519 rate= 1.76029E+03 B/s
state: FOLLOWER epoch= 299 snapshot= 1@ 0 application_state=TestAppState(Sum= 9704753)
[ 3] [State: FOLLOWER, Term:  1] 
[ 3] [Received_message: RAFT.MESSAGES.APPEND_ENTRIES_REQUEST] 
[ 3] [AppendEntriesRequest] for 3 Checking if log contains an entry at PrevLogTerm whose index matches PrevLogIndex
[ 3] [PrevLogIndex from Message:  54]
[ 3] [PrevLogTerm from message:  1]
[ 3] [ LogUpperBound:  55]
[ 3] [Logs for 3]
[ 3] (TestCmd( 1), 1) (TestCmd( 100001), 1) (TestCmd( 600001), 1) (TestCmd( 200001), 1) (TestCmd( 300001), 1) (TestCmd( 400001), 1) (TestCmd( 100002), 1) (TestCmd( 600002), 1) (TestCmd( 300002), 1) (TestCmd( 300003), 1) (TestCmd( 300004), 1) (TestCmd( 300005), 1) (TestCmd( 300006), 1) (TestCmd( 300007), 1) (TestCmd( 300008), 1) (TestCmd( 300009), 1) (TestCmd( 300010), 1) (TestCmd( 300011), 1) (TestCmd( 300012), 1) (TestCmd( 300013), 1) (TestCmd( 300014), 1) (TestCmd( 300015), 1) (TestCmd( 100129), 1) (TestCmd( 100130), 1) (TestCmd( 100131), 1) (TestCmd( 100132), 1) (TestCmd( 100133), 1) (TestCmd( 100134), 1) (TestCmd( 100135), 1) (TestCmd( 100136), 1) (TestCmd( 100137), 1) (TestCmd( 100138), 1) (TestCmd( 100139), 1) (TestCmd( 100140), 1) (TestCmd( 100141), 1) (TestCmd( 100142), 1) (TestCmd( 100143), 1) (TestCmd( 100144), 1) (TestCmd( 100145), 1) (TestCmd( 100146), 1) (TestCmd( 100147), 1) (TestCmd( 100148), 1) (TestCmd( 100149), 1) (TestCmd( 100150), 1) (TestCmd( 100151), 1) (TestCmd( 100152), 1) (TestCmd( 100153), 1) (TestCmd( 100154), 1) (TestCmd( 100155), 1) (TestCmd( 100156), 1) (TestCmd( 100157), 1) (TestCmd( 100158), 1) (TestCmd( 100159), 1) (TestCmd( 100160), 1) 
[No entries to add for 3]
[ 3] [Logs after update for 3]
[ 3] (TestCmd( 1), 1) (TestCmd( 100001), 1) (TestCmd( 600001), 1) (TestCmd( 200001), 1) (TestCmd( 300001), 1) (TestCmd( 400001), 1) (TestCmd( 100002), 1) (TestCmd( 600002), 1) (TestCmd( 300002), 1) (TestCmd( 300003), 1) (TestCmd( 300004), 1) (TestCmd( 300005), 1) (TestCmd( 300006), 1) (TestCmd( 300007), 1) (TestCmd( 300008), 1) (TestCmd( 300009), 1) (TestCmd( 300010), 1) (TestCmd( 300011), 1) (TestCmd( 300012), 1) (TestCmd( 300013), 1) (TestCmd( 300014), 1) (TestCmd( 300015), 1) (TestCmd( 100129), 1) (TestCmd( 100130), 1) (TestCmd( 100131), 1) (TestCmd( 100132), 1) (TestCmd( 100133), 1) (TestCmd( 100134), 1) (TestCmd( 100135), 1) (TestCmd( 100136), 1) (TestCmd( 100137), 1) (TestCmd( 100138), 1) (TestCmd( 100139), 1) (TestCmd( 100140), 1) (TestCmd( 100141), 1) (TestCmd( 100142), 1) (TestCmd( 100143), 1) (TestCmd( 100144), 1) (TestCmd( 100145), 1) (TestCmd( 100146), 1) (TestCmd( 100147), 1) (TestCmd( 100148), 1) (TestCmd( 100149), 1) (TestCmd( 100150), 1) (TestCmd( 100151), 1) (TestCmd( 100152), 1) (TestCmd( 100153), 1) (TestCmd( 100154), 1) (TestCmd( 100155), 1) (TestCmd( 100156), 1) (TestCmd( 100157), 1) (TestCmd( 100158), 1) (TestCmd( 100159), 1) (TestCmd( 100160), 1) 
[ 3] [Commit index strict for 3 :  55]
[ 3] [Append_entries Response for 3]
[ 3] [     Matching_Index_Strict:  54]
[ 3] [     Success: TRUE]
[ 3] [New_State: NO_CHANGES]
[ 3] [State: FOLLOWER, Term:  1] 
[ 3] [Received_message: RAFT.MESSAGES.APPEND_ENTRIES_REQUEST] 
[ 3] [AppendEntriesRequest] for 3 Checking if log contains an entry at PrevLogTerm whose index matches PrevLogIndex
[ 3] [PrevLogIndex from Message:  54]
[ 3] [PrevLogTerm from message:  1]
[ 3] [ LogUpperBound:  55]
[ 3] [Logs for 3]
[ 3] (TestCmd( 1), 1) (TestCmd( 100001), 1) (TestCmd( 600001), 1) (TestCmd( 200001), 1) (TestCmd( 300001), 1) (TestCmd( 400001), 1) (TestCmd( 100002), 1) (TestCmd( 600002), 1) (TestCmd( 300002), 1) (TestCmd( 300003), 1) (TestCmd( 300004), 1) (TestCmd( 300005), 1) (TestCmd( 300006), 1) (TestCmd( 300007), 1) (TestCmd( 300008), 1) (TestCmd( 300009), 1) (TestCmd( 300010), 1) (TestCmd( 300011), 1) (TestCmd( 300012), 1) (TestCmd( 300013), 1) (TestCmd( 300014), 1) (TestCmd( 300015), 1) (TestCmd( 100129), 1) (TestCmd( 100130), 1) (TestCmd( 100131), 1) (TestCmd( 100132), 1) (TestCmd( 100133), 1) (TestCmd( 100134), 1) (TestCmd( 100135), 1) (TestCmd( 100136), 1) (TestCmd( 100137), 1) (TestCmd( 100138), 1) (TestCmd( 100139), 1) (TestCmd( 100140), 1) (TestCmd( 100141), 1) (TestCmd( 100142), 1) (TestCmd( 100143), 1) (TestCmd( 100144), 1) (TestCmd( 100145), 1) (TestCmd( 100146), 1) (TestCmd( 100147), 1) (TestCmd( 100148), 1) (TestCmd( 100149), 1) (TestCmd( 100150), 1) (TestCmd( 100151), 1) (TestCmd( 100152), 1) (TestCmd( 100153), 1) (TestCmd( 100154), 1) (TestCmd( 100155), 1) (TestCmd( 100156), 1) (TestCmd( 100157), 1) (TestCmd( 100158), 1) (TestCmd( 100159), 1) (TestCmd( 100160), 1) 
[No entries to add for 3]
[ 3] [Logs after update for 3]
[ 3] (TestCmd( 1), 1) (TestCmd( 100001), 1) (TestCmd( 600001), 1) (TestCmd( 200001), 1) (TestCmd( 300001), 1) (TestCmd( 400001), 1) (TestCmd( 100002), 1) (TestCmd( 600002), 1) (TestCmd( 300002), 1) (TestCmd( 300003), 1) (TestCmd( 300004), 1) (TestCmd( 300005), 1) (TestCmd( 300006), 1) (TestCmd( 300007), 1) (TestCmd( 300008), 1) (TestCmd( 300009), 1) (TestCmd( 300010), 1) (TestCmd( 300011), 1) (TestCmd( 300012), 1) (TestCmd( 300013), 1) (TestCmd( 300014), 1) (TestCmd( 300015), 1) (TestCmd( 100129), 1) (TestCmd( 100130), 1) (TestCmd( 100131), 1) (TestCmd( 100132), 1) (TestCmd( 100133), 1) (TestCmd( 100134), 1) (TestCmd( 100135), 1) (TestCmd( 100136), 1) (TestCmd( 100137), 1) (TestCmd( 100138), 1) (TestCmd( 100139), 1) (TestCmd( 100140), 1) (TestCmd( 100141), 1) (TestCmd( 100142), 1) (TestCmd( 100143), 1) (TestCmd( 100144), 1) (TestCmd( 100145), 1) (TestCmd( 100146), 1) (TestCmd( 100147), 1) (TestCmd( 100148), 1) (TestCmd( 100149), 1) (TestCmd( 100150), 1) (TestCmd( 100151), 1) (TestCmd( 100152), 1) (TestCmd( 100153), 1) (TestCmd( 100154), 1) (TestCmd( 100155), 1) (TestCmd( 100156), 1) (TestCmd( 100157), 1) (TestCmd( 100158), 1) (TestCmd( 100159), 1) (TestCmd( 100160), 1) 
[ 3] [Commit index strict for 3 :  55]
[ 3] [Append_entries Response for 3]
[ 3] [     Matching_Index_Strict:  54]
[ 3] [     Success: TRUE]
[ 3] [New_State: NO_CHANGES]
[ 3] [State: FOLLOWER, Term:  1] 
[ 3] [Received_message: RAFT.MESSAGES.APPEND_ENTRIES_REQUEST] 
[ 3] [AppendEntriesRequest] for 3 Checking if log contains an entry at PrevLogTerm whose index matches PrevLogIndex
[ 3] [PrevLogIndex from Message:  54]
[ 3] [PrevLogTerm from message:  1]
[ 3] [ LogUpperBound:  55]
[ 3] [Logs for 3]
[ 3] (TestCmd( 1), 1) (TestCmd( 100001), 1) (TestCmd( 600001), 1) (TestCmd( 200001), 1) (TestCmd( 300001), 1) (TestCmd( 400001), 1) (TestCmd( 100002), 1) (TestCmd( 600002), 1) (TestCmd( 300002), 1) (TestCmd( 300003), 1) (TestCmd( 300004), 1) (TestCmd( 300005), 1) (TestCmd( 300006), 1) (TestCmd( 300007), 1) (TestCmd( 300008), 1) (TestCmd( 300009), 1) (TestCmd( 300010), 1) (TestCmd( 300011), 1) (TestCmd( 300012), 1) (TestCmd( 300013), 1) (TestCmd( 300014), 1) (TestCmd( 300015), 1) (TestCmd( 100129), 1) (TestCmd( 100130), 1) (TestCmd( 100131), 1) (TestCmd( 100132), 1) (TestCmd( 100133), 1) (TestCmd( 100134), 1) (TestCmd( 100135), 1) (TestCmd( 100136), 1) (TestCmd( 100137), 1) (TestCmd( 100138), 1) (TestCmd( 100139), 1) (TestCmd( 100140), 1) (TestCmd( 100141), 1) (TestCmd( 100142), 1) (TestCmd( 100143), 1) (TestCmd( 100144), 1) (TestCmd( 100145), 1) (TestCmd( 100146), 1) (TestCmd( 100147), 1) (TestCmd( 100148), 1) (TestCmd( 100149), 1) (TestCmd( 100150), 1) (TestCmd( 100151), 1) (TestCmd( 100152), 1) (TestCmd( 100153), 1) (TestCmd( 100154), 1) (TestCmd( 100155), 1) (TestCmd( 100156), 1) (TestCmd( 100157), 1) (TestCmd( 100158), 1) (TestCmd( 100159), 1) (TestCmd( 100160), 1) 
[No entries to add for 3]
[ 3] [Logs after update for 3]
[ 3] (TestCmd( 1), 1) (TestCmd( 100001), 1) (TestCmd( 600001), 1) (TestCmd( 200001), 1) (TestCmd( 300001), 1) (TestCmd( 400001), 1) (TestCmd( 100002), 1) (TestCmd( 600002), 1) (TestCmd( 300002), 1) (TestCmd( 300003), 1) (TestCmd( 300004), 1) (TestCmd( 300005), 1) (TestCmd( 300006), 1) (TestCmd( 300007), 1) (TestCmd( 300008), 1) (TestCmd( 300009), 1) (TestCmd( 300010), 1) (TestCmd( 300011), 1) (TestCmd( 300012), 1) (TestCmd( 300013), 1) (TestCmd( 300014), 1) (TestCmd( 300015), 1) (TestCmd( 100129), 1) (TestCmd( 100130), 1) (TestCmd( 100131), 1) (TestCmd( 100132), 1) (TestCmd( 100133), 1) (TestCmd( 100134), 1) (TestCmd( 100135), 1) (TestCmd( 100136), 1) (TestCmd( 100137), 1) (TestCmd( 100138), 1) (TestCmd( 100139), 1) (TestCmd( 100140), 1) (TestCmd( 100141), 1) (TestCmd( 100142), 1) (TestCmd( 100143), 1) (TestCmd( 100144), 1) (TestCmd( 100145), 1) (TestCmd( 100146), 1) (TestCmd( 100147), 1) (TestCmd( 100148), 1) (TestCmd( 100149), 1) (TestCmd( 100150), 1) (TestCmd( 100151), 1) (TestCmd( 100152), 1) (TestCmd( 100153), 1) (TestCmd( 100154), 1) (TestCmd( 100155), 1) (TestCmd( 100156), 1) (TestCmd( 100157), 1) (TestCmd( 100158), 1) (TestCmd( 100159), 1) (TestCmd( 100160), 1) 
[ 3] [Commit index strict for 3 :  55]
[ 3] [Append_entries Response for 3]
[ 3] [     Matching_Index_Strict:  54]
[ 3] [     Success: TRUE]
[ 3] [New_State: NO_CHANGES]
[ 3] [State: FOLLOWER, Term:  1] 
[ 3] [Received_message: RAFT.MESSAGES.APPEND_ENTRIES_REQUEST] 
[ 3] [AppendEntriesRequest] for 3 Checking if log contains an entry at PrevLogTerm whose index matches PrevLogIndex
[ 3] [PrevLogIndex from Message:  54]
[ 3] [PrevLogTerm from message:  1]
[ 3] [ LogUpperBound:  55]
[ 3] [Logs for 3]
[ 3] (TestCmd( 1), 1) (TestCmd( 100001), 1) (TestCmd( 600001), 1) (TestCmd( 200001), 1) (TestCmd( 300001), 1) (TestCmd( 400001), 1) (TestCmd( 100002), 1) (TestCmd( 600002), 1) (TestCmd( 300002), 1) (TestCmd( 300003), 1) (TestCmd( 300004), 1) (TestCmd( 300005), 1) (TestCmd( 300006), 1) (TestCmd( 300007), 1) (TestCmd( 300008), 1) (TestCmd( 300009), 1) (TestCmd( 300010), 1) (TestCmd( 300011), 1) (TestCmd( 300012), 1) (TestCmd( 300013), 1) (TestCmd( 300014), 1) (TestCmd( 300015), 1) (TestCmd( 100129), 1) (TestCmd( 100130), 1) (TestCmd( 100131), 1) (TestCmd( 100132), 1) (TestCmd( 100133), 1) (TestCmd( 100134), 1) (TestCmd( 100135), 1) (TestCmd( 100136), 1) (TestCmd( 100137), 1) (TestCmd( 100138), 1) (TestCmd( 100139), 1) (TestCmd( 100140), 1) (TestCmd( 100141), 1) (TestCmd( 100142), 1) (TestCmd( 100143), 1) (TestCmd( 100144), 1) (TestCmd( 100145), 1) (TestCmd( 100146), 1) (TestCmd( 100147), 1) (TestCmd( 100148), 1) (TestCmd( 100149), 1) (TestCmd( 100150), 1) (TestCmd( 100151), 1) (TestCmd( 100152), 1) (TestCmd( 100153), 1) (TestCmd( 100154), 1) (TestCmd( 100155), 1) (TestCmd( 100156), 1) (TestCmd( 100157), 1) (TestCmd( 100158), 1) (TestCmd( 100159), 1) (TestCmd( 100160), 1) 
[No entries to add for 3]
[ 3] [Logs after update for 3]
[ 3] (TestCmd( 1), 1) (TestCmd( 100001), 1) (TestCmd( 600001), 1) (TestCmd( 200001), 1) (TestCmd( 300001), 1) (TestCmd( 400001), 1) (TestCmd( 100002), 1) (TestCmd( 600002), 1) (TestCmd( 300002), 1) (TestCmd( 300003), 1) (TestCmd( 300004), 1) (TestCmd( 300005), 1) (TestCmd( 300006), 1) (TestCmd( 300007), 1) (TestCmd( 300008), 1) (TestCmd( 300009), 1) (TestCmd( 300010), 1) (TestCmd( 300011), 1) (TestCmd( 300012), 1) (TestCmd( 300013), 1) (TestCmd( 300014), 1) (TestCmd( 300015), 1) (TestCmd( 100129), 1) (TestCmd( 100130), 1) (TestCmd( 100131), 1) (TestCmd( 100132), 1) (TestCmd( 100133), 1) (TestCmd( 100134), 1) (TestCmd( 100135), 1) (TestCmd( 100136), 1) (TestCmd( 100137), 1) (TestCmd( 100138), 1) (TestCmd( 100139), 1) (TestCmd( 100140), 1) (TestCmd( 100141), 1) (TestCmd( 100142), 1) (TestCmd( 100143), 1) (TestCmd( 100144), 1) (TestCmd( 100145), 1) (TestCmd( 100146), 1) (TestCmd( 100147), 1) (TestCmd( 100148), 1) (TestCmd( 100149), 1) (TestCmd( 100150), 1) (TestCmd( 100151), 1) (TestCmd( 100152), 1) (TestCmd( 100153), 1) (TestCmd( 100154), 1) (TestCmd( 100155), 1) (TestCmd( 100156), 1) (TestCmd( 100157), 1) (TestCmd( 100158), 1) (TestCmd( 100159), 1) (TestCmd( 100160), 1) 
[ 3] [Commit index strict for 3 :  55]
[ 3] [Append_entries Response for 3]
[ 3] [     Matching_Index_Strict:  54]
[ 3] [     Success: TRUE]
[ 3] [New_State: NO_CHANGES]
[ 3] [State: FOLLOWER, Term:  1] 
[ 3] [Received_message: RAFT.MESSAGES.APPEND_ENTRIES_REQUEST] 
[ 3] [AppendEntriesRequest] for 3 Checking if log contains an entry at PrevLogTerm whose index matches PrevLogIndex
[ 3] [PrevLogIndex from Message:  54]
[ 3] [PrevLogTerm from message:  1]
[ 3] [ LogUpperBound:  55]
[ 3] [Logs for 3]
[ 3] (TestCmd( 1), 1) (TestCmd( 100001), 1) (TestCmd( 600001), 1) (TestCmd( 200001), 1) (TestCmd( 300001), 1) (TestCmd( 400001), 1) (TestCmd( 100002), 1) (TestCmd( 600002), 1) (TestCmd( 300002), 1) (TestCmd( 300003), 1) (TestCmd( 300004), 1) (TestCmd( 300005), 1) (TestCmd( 300006), 1) (TestCmd( 300007), 1) (TestCmd( 300008), 1) (TestCmd( 300009), 1) (TestCmd( 300010), 1) (TestCmd( 300011), 1) (TestCmd( 300012), 1) (TestCmd( 300013), 1) (TestCmd( 300014), 1) (TestCmd( 300015), 1) (TestCmd( 100129), 1) (TestCmd( 100130), 1) (TestCmd( 100131), 1) (TestCmd( 100132), 1) (TestCmd( 100133), 1) (TestCmd( 100134), 1) (TestCmd( 100135), 1) (TestCmd( 100136), 1) (TestCmd( 100137), 1) (TestCmd( 100138), 1) (TestCmd( 100139), 1) (TestCmd( 100140), 1) (TestCmd( 100141), 1) (TestCmd( 100142), 1) (TestCmd( 100143), 1) (TestCmd( 100144), 1) (TestCmd( 100145), 1) (TestCmd( 100146), 1) (TestCmd( 100147), 1) (TestCmd( 100148), 1) (TestCmd( 100149), 1) (TestCmd( 100150), 1) (TestCmd( 100151), 1) (TestCmd( 100152), 1) (TestCmd( 100153), 1) (TestCmd( 100154), 1) (TestCmd( 100155), 1) (TestCmd( 100156), 1) (TestCmd( 100157), 1) (TestCmd( 100158), 1) (TestCmd( 100159), 1) (TestCmd( 100160), 1) 
[No entries to add for 3]
[ 3] [Logs after update for 3]
[ 3] (TestCmd( 1), 1) (TestCmd( 100001), 1) (TestCmd( 600001), 1) (TestCmd( 200001), 1) (TestCmd( 300001), 1) (TestCmd( 400001), 1) (TestCmd( 100002), 1) (TestCmd( 600002), 1) (TestCmd( 300002), 1) (TestCmd( 300003), 1) (TestCmd( 300004), 1) (TestCmd( 300005), 1) (TestCmd( 300006), 1) (TestCmd( 300007), 1) (TestCmd( 300008), 1) (TestCmd( 300009), 1) (TestCmd( 300010), 1) (TestCmd( 300011), 1) (TestCmd( 300012), 1) (TestCmd( 300013), 1) (TestCmd( 300014), 1) (TestCmd( 300015), 1) (TestCmd( 100129), 1) (TestCmd( 100130), 1) (TestCmd( 100131), 1) (TestCmd( 100132), 1) (TestCmd( 100133), 1) (TestCmd( 100134), 1) (TestCmd( 100135), 1) (TestCmd( 100136), 1) (TestCmd( 100137), 1) (TestCmd( 100138), 1) (TestCmd( 100139), 1) (TestCmd( 100140), 1) (TestCmd( 100141), 1) (TestCmd( 100142), 1) (TestCmd( 100143), 1) (TestCmd( 100144), 1) (TestCmd( 100145), 1) (TestCmd( 100146), 1) (TestCmd( 100147), 1) (TestCmd( 100148), 1) (TestCmd( 100149), 1) (TestCmd( 100150), 1) (TestCmd( 100151), 1) (TestCmd( 100152), 1) (TestCmd( 100153), 1) (TestCmd( 100154), 1) (TestCmd( 100155), 1) (TestCmd( 100156), 1) (TestCmd( 100157), 1) (TestCmd( 100158), 1) (TestCmd( 100159), 1) (TestCmd( 100160), 1) 
[ 3] [Commit index strict for 3 :  55]
[ 3] [Append_entries Response for 3]
[ 3] [     Matching_Index_Strict:  54]
[ 3] [     Success: TRUE]
[ 3] [New_State: NO_CHANGES]
[ 3] [State: FOLLOWER, Term:  1] 
[ 3] [Received_message: RAFT.MESSAGES.APPEND_ENTRIES_REQUEST] 
[ 3] [AppendEntriesRequest] for 3 Checking if log contains an entry at PrevLogTerm whose index matches PrevLogIndex
[ 3] [PrevLogIndex from Message:  54]
[ 3] [PrevLogTerm from message:  1]
[ 3] [ LogUpperBound:  55]
[ 3] [Logs for 3]
[ 3] (TestCmd( 1), 1) (TestCmd( 100001), 1) (TestCmd( 600001), 1) (TestCmd( 200001), 1) (TestCmd( 300001), 1) (TestCmd( 400001), 1) (TestCmd( 100002), 1) (TestCmd( 600002), 1) (TestCmd( 300002), 1) (TestCmd( 300003), 1) (TestCmd( 300004), 1) (TestCmd( 300005), 1) (TestCmd( 300006), 1) (TestCmd( 300007), 1) (TestCmd( 300008), 1) (TestCmd( 300009), 1) (TestCmd( 300010), 1) (TestCmd( 300011), 1) (TestCmd( 300012), 1) (TestCmd( 300013), 1) (TestCmd( 300014), 1) (TestCmd( 300015), 1) (TestCmd( 100129), 1) (TestCmd( 100130), 1) (TestCmd( 100131), 1) (TestCmd( 100132), 1) (TestCmd( 100133), 1) (TestCmd( 100134), 1) (TestCmd( 100135), 1) (TestCmd( 100136), 1) (TestCmd( 100137), 1) (TestCmd( 100138), 1) (TestCmd( 100139), 1) (TestCmd( 100140), 1) (TestCmd( 100141), 1) (TestCmd( 100142), 1) (TestCmd( 100143), 1) (TestCmd( 100144), 1) (TestCmd( 100145), 1) (TestCmd( 100146), 1) (TestCmd( 100147), 1) (TestCmd( 100148), 1) (TestCmd( 100149), 1) (TestCmd( 100150), 1) (TestCmd( 100151), 1) (TestCmd( 100152), 1) (TestCmd( 100153), 1) (TestCmd( 100154), 1) (TestCmd( 100155), 1) (TestCmd( 100156), 1) (TestCmd( 100157), 1) (TestCmd( 100158), 1) (TestCmd( 100159), 1) (TestCmd( 100160), 1) 
[No entries to add for 3]
[ 3] [Logs after update for 3]
[ 3] (TestCmd( 1), 1) (TestCmd( 100001), 1) (TestCmd( 600001), 1) (TestCmd( 200001), 1) (TestCmd( 300001), 1) (TestCmd( 400001), 1) (TestCmd( 100002), 1) (TestCmd( 600002), 1) (TestCmd( 300002), 1) (TestCmd( 300003), 1) (TestCmd( 300004), 1) (TestCmd( 300005), 1) (TestCmd( 300006), 1) (TestCmd( 300007), 1) (TestCmd( 300008), 1) (TestCmd( 300009), 1) (TestCmd( 300010), 1) (TestCmd( 300011), 1) (TestCmd( 300012), 1) (TestCmd( 300013), 1) (TestCmd( 300014), 1) (TestCmd( 300015), 1) (TestCmd( 100129), 1) (TestCmd( 100130), 1) (TestCmd( 100131), 1) (TestCmd( 100132), 1) (TestCmd( 100133), 1) (TestCmd( 100134), 1) (TestCmd( 100135), 1) (TestCmd( 100136), 1) (TestCmd( 100137), 1) (TestCmd( 100138), 1) (TestCmd( 100139), 1) (TestCmd( 100140), 1) (TestCmd( 100141), 1) (TestCmd( 100142), 1) (TestCmd( 100143), 1) (TestCmd( 100144), 1) (TestCmd( 100145), 1) (TestCmd( 100146), 1) (TestCmd( 100147), 1) (TestCmd( 100148), 1) (TestCmd( 100149), 1) (TestCmd( 100150), 1) (TestCmd( 100151), 1) (TestCmd( 100152), 1) (TestCmd( 100153), 1) (TestCmd( 100154), 1) (TestCmd( 100155), 1) (TestCmd( 100156), 1) (TestCmd( 100157), 1) (TestCmd( 100158), 1) (TestCmd( 100159), 1) (TestCmd( 100160), 1) 
[ 3] [Commit index strict for 3 :  55]
[ 3] [Append_entries Response for 3]
[ 3] [     Matching_Index_Strict:  54]
[ 3] [     Success: TRUE]
[ 3] [New_State: NO_CHANGES]
[ 3] [State: FOLLOWER, Term:  1] 
[ 3] [Received_message: RAFT.MESSAGES.APPEND_ENTRIES_REQUEST] 
[ 3] [AppendEntriesRequest] for 3 Checking if log contains an entry at PrevLogTerm whose index matches PrevLogIndex
[ 3] [PrevLogIndex from Message:  54]
[ 3] [PrevLogTerm from message:  1]
[ 3] [ LogUpperBound:  55]
[ 3] [Logs for 3]
[ 3] (TestCmd( 1), 1) (TestCmd( 100001), 1) (TestCmd( 600001), 1) (TestCmd( 200001), 1) (TestCmd( 300001), 1) (TestCmd( 400001), 1) (TestCmd( 100002), 1) (TestCmd( 600002), 1) (TestCmd( 300002), 1) (TestCmd( 300003), 1) (TestCmd( 300004), 1) (TestCmd( 300005), 1) (TestCmd( 300006), 1) (TestCmd( 300007), 1) (TestCmd( 300008), 1) (TestCmd( 300009), 1) (TestCmd( 300010), 1) (TestCmd( 300011), 1) (TestCmd( 300012), 1) (TestCmd( 300013), 1) (TestCmd( 300014), 1) (TestCmd( 300015), 1) (TestCmd( 100129), 1) (TestCmd( 100130), 1) (TestCmd( 100131), 1) (TestCmd( 100132), 1) (TestCmd( 100133), 1) (TestCmd( 100134), 1) (TestCmd( 100135), 1) (TestCmd( 100136), 1) (TestCmd( 100137), 1) (TestCmd( 100138), 1) (TestCmd( 100139), 1) (TestCmd( 100140), 1) (TestCmd( 100141), 1) (TestCmd( 100142), 1) (TestCmd( 100143), 1) (TestCmd( 100144), 1) (TestCmd( 100145), 1) (TestCmd( 100146), 1) (TestCmd( 100147), 1) (TestCmd( 100148), 1) (TestCmd( 100149), 1) (TestCmd( 100150), 1) (TestCmd( 100151), 1) (TestCmd( 100152), 1) (TestCmd( 100153), 1) (TestCmd( 100154), 1) (TestCmd( 100155), 1) (TestCmd( 100156), 1) (TestCmd( 100157), 1) (TestCmd( 100158), 1) (TestCmd( 100159), 1) (TestCmd( 100160), 1) 
[No entries to add for 3]
[ 3] [Logs after update for 3]
[ 3] (TestCmd( 1), 1) (TestCmd( 100001), 1) (TestCmd( 600001), 1) (TestCmd( 200001), 1) (TestCmd( 300001), 1) (TestCmd( 400001), 1) (TestCmd( 100002), 1) (TestCmd( 600002), 1) (TestCmd( 300002), 1) (TestCmd( 300003), 1) (TestCmd( 300004), 1) (TestCmd( 300005), 1) (TestCmd( 300006), 1) (TestCmd( 300007), 1) (TestCmd( 300008), 1) (TestCmd( 300009), 1) (TestCmd( 300010), 1) (TestCmd( 300011), 1) (TestCmd( 300012), 1) (TestCmd( 300013), 1) (TestCmd( 300014), 1) (TestCmd( 300015), 1) (TestCmd( 100129), 1) (TestCmd( 100130), 1) (TestCmd( 100131), 1) (TestCmd( 100132), 1) (TestCmd( 100133), 1) (TestCmd( 100134), 1) (TestCmd( 100135), 1) (TestCmd( 100136), 1) (TestCmd( 100137), 1) (TestCmd( 100138), 1) (TestCmd( 100139), 1) (TestCmd( 100140), 1) (TestCmd( 100141), 1) (TestCmd( 100142), 1) (TestCmd( 100143), 1) (TestCmd( 100144), 1) (TestCmd( 100145), 1) (TestCmd( 100146), 1) (TestCmd( 100147), 1) (TestCmd( 100148), 1) (TestCmd( 100149), 1) (TestCmd( 100150), 1) (TestCmd( 100151), 1) (TestCmd( 100152), 1) (TestCmd( 100153), 1) (TestCmd( 100154), 1) (TestCmd( 100155), 1) (TestCmd( 100156), 1) (TestCmd( 100157), 1) (TestCmd( 100158), 1) (TestCmd( 100159), 1) (TestCmd( 100160), 1) 
[ 3] [Commit index strict for 3 :  55]
[ 3] [Append_entries Response for 3]
[ 3] [     Matching_Index_Strict:  54]
[ 3] [     Success: TRUE]
[ 3] [New_State: NO_CHANGES]
[ 3] [State: FOLLOWER, Term:  1] 
[ 3] [Received_message: RAFT.MESSAGES.APPEND_ENTRIES_REQUEST] 
[ 3] [AppendEntriesRequest] for 3 Checking if log contains an entry at PrevLogTerm whose index matches PrevLogIndex
[ 3] [PrevLogIndex from Message:  54]
[ 3] [PrevLogTerm from message:  1]
[ 3] [ LogUpperBound:  55]
[ 3] [Logs for 3]
[ 3] (TestCmd( 1), 1) (TestCmd( 100001), 1) (TestCmd( 600001), 1) (TestCmd( 200001), 1) (TestCmd( 300001), 1) (TestCmd( 400001), 1) (TestCmd( 100002), 1) (TestCmd( 600002), 1) (TestCmd( 300002), 1) (TestCmd( 300003), 1) (TestCmd( 300004), 1) (TestCmd( 300005), 1) (TestCmd( 300006), 1) (TestCmd( 300007), 1) (TestCmd( 300008), 1) (TestCmd( 300009), 1) (TestCmd( 300010), 1) (TestCmd( 300011), 1) (TestCmd( 300012), 1) (TestCmd( 300013), 1) (TestCmd( 300014), 1) (TestCmd( 300015), 1) (TestCmd( 100129), 1) (TestCmd( 100130), 1) (TestCmd( 100131), 1) (TestCmd( 100132), 1) (TestCmd( 100133), 1) (TestCmd( 100134), 1) (TestCmd( 100135), 1) (TestCmd( 100136), 1) (TestCmd( 100137), 1) (TestCmd( 100138), 1) (TestCmd( 100139), 1) (TestCmd( 100140), 1) (TestCmd( 100141), 1) (TestCmd( 100142), 1) (TestCmd( 100143), 1) (TestCmd( 100144), 1) (TestCmd( 100145), 1) (TestCmd( 100146), 1) (TestCmd( 100147), 1) (TestCmd( 100148), 1) (TestCmd( 100149), 1) (TestCmd( 100150), 1) (TestCmd( 100151), 1) (TestCmd( 100152), 1) (TestCmd( 100153), 1) (TestCmd( 100154), 1) (TestCmd( 100155), 1) (TestCmd( 100156), 1) (TestCmd( 100157), 1) (TestCmd( 100158), 1) (TestCmd( 100159), 1) (TestCmd( 100160), 1) 
[No entries to add for 3]
[ 3] [Logs after update for 3]
[ 3] (TestCmd( 1), 1) (TestCmd( 100001), 1) (TestCmd( 600001), 1) (TestCmd( 200001), 1) (TestCmd( 300001), 1) (TestCmd( 400001), 1) (TestCmd( 100002), 1) (TestCmd( 600002), 1) (TestCmd( 300002), 1) (TestCmd( 300003), 1) (TestCmd( 300004), 1) (TestCmd( 300005), 1) (TestCmd( 300006), 1) (TestCmd( 300007), 1) (TestCmd( 300008), 1) (TestCmd( 300009), 1) (TestCmd( 300010), 1) (TestCmd( 300011), 1) (TestCmd( 300012), 1) (TestCmd( 300013), 1) (TestCmd( 300014), 1) (TestCmd( 300015), 1) (TestCmd( 100129), 1) (TestCmd( 100130), 1) (TestCmd( 100131), 1) (TestCmd( 100132), 1) (TestCmd( 100133), 1) (TestCmd( 100134), 1) (TestCmd( 100135), 1) (TestCmd( 100136), 1) (TestCmd( 100137), 1) (TestCmd( 100138), 1) (TestCmd( 100139), 1) (TestCmd( 100140), 1) (TestCmd( 100141), 1) (TestCmd( 100142), 1) (TestCmd( 100143), 1) (TestCmd( 100144), 1) (TestCmd( 100145), 1) (TestCmd( 100146), 1) (TestCmd( 100147), 1) (TestCmd( 100148), 1) (TestCmd( 100149), 1) (TestCmd( 100150), 1) (TestCmd( 100151), 1) (TestCmd( 100152), 1) (TestCmd( 100153), 1) (TestCmd( 100154), 1) (TestCmd( 100155), 1) (TestCmd( 100156), 1) (TestCmd( 100157), 1) (TestCmd( 100158), 1) (TestCmd( 100159), 1) (TestCmd( 100160), 1) 
[ 3] [Commit index strict for 3 :  55]
[ 3] [Append_entries Response for 3]
[ 3] [     Matching_Index_Strict:  54]
[ 3] [     Success: TRUE]
[ 3] [New_State: NO_CHANGES]
[ 3] [State: FOLLOWER, Term:  1] 
[ 3] [Received_message: RAFT.MESSAGES.APPEND_ENTRIES_REQUEST] 
[ 3] [AppendEntriesRequest] for 3 Checking if log contains an entry at PrevLogTerm whose index matches PrevLogIndex
[ 3] [PrevLogIndex from Message:  54]
[ 3] [PrevLogTerm from message:  1]
[ 3] [ LogUpperBound:  55]
[ 3] [Logs for 3]
[ 3] (TestCmd( 1), 1) (TestCmd( 100001), 1) (TestCmd( 600001), 1) (TestCmd( 200001), 1) (TestCmd( 300001), 1) (TestCmd( 400001), 1) (TestCmd( 100002), 1) (TestCmd( 600002), 1) (TestCmd( 300002), 1) (TestCmd( 300003), 1) (TestCmd( 300004), 1) (TestCmd( 300005), 1) (TestCmd( 300006), 1) (TestCmd( 300007), 1) (TestCmd( 300008), 1) (TestCmd( 300009), 1) (TestCmd( 300010), 1) (TestCmd( 300011), 1) (TestCmd( 300012), 1) (TestCmd( 300013), 1) (TestCmd( 300014), 1) (TestCmd( 300015), 1) (TestCmd( 100129), 1) (TestCmd( 100130), 1) (TestCmd( 100131), 1) (TestCmd( 100132), 1) (TestCmd( 100133), 1) (TestCmd( 100134), 1) (TestCmd( 100135), 1) (TestCmd( 100136), 1) (TestCmd( 100137), 1) (TestCmd( 100138), 1) (TestCmd( 100139), 1) (TestCmd( 100140), 1) (TestCmd( 100141), 1) (TestCmd( 100142), 1) (TestCmd( 100143), 1) (TestCmd( 100144), 1) (TestCmd( 100145), 1) (TestCmd( 100146), 1) (TestCmd( 100147), 1) (TestCmd( 100148), 1) (TestCmd( 100149), 1) (TestCmd( 100150), 1) (TestCmd( 100151), 1) (TestCmd( 100152), 1) (TestCmd( 100153), 1) (TestCmd( 100154), 1) (TestCmd( 100155), 1) (TestCmd( 100156), 1) (TestCmd( 100157), 1) (TestCmd( 100158), 1) (TestCmd( 100159), 1) (TestCmd( 100160), 1) 
[No entries to add for 3]
[ 3] [Logs after update for 3]
[ 3] (TestCmd( 1), 1) (TestCmd( 100001), 1) (TestCmd( 600001), 1) (TestCmd( 200001), 1) (TestCmd( 300001), 1) (TestCmd( 400001), 1) (TestCmd( 100002), 1) (TestCmd( 600002), 1) (TestCmd( 300002), 1) (TestCmd( 300003), 1) (TestCmd( 300004), 1) (TestCmd( 300005), 1) (TestCmd( 300006), 1) (TestCmd( 300007), 1) (TestCmd( 300008), 1) (TestCmd( 300009), 1) (TestCmd( 300010), 1) (TestCmd( 300011), 1) (TestCmd( 300012), 1) (TestCmd( 300013), 1) (TestCmd( 300014), 1) (TestCmd( 300015), 1) (TestCmd( 100129), 1) (TestCmd( 100130), 1) (TestCmd( 100131), 1) (TestCmd( 100132), 1) (TestCmd( 100133), 1) (TestCmd( 100134), 1) (TestCmd( 100135), 1) (TestCmd( 100136), 1) (TestCmd( 100137), 1) (TestCmd( 100138), 1) (TestCmd( 100139), 1) (TestCmd( 100140), 1) (TestCmd( 100141), 1) (TestCmd( 100142), 1) (TestCmd( 100143), 1) (TestCmd( 100144), 1) (TestCmd( 100145), 1) (TestCmd( 100146), 1) (TestCmd( 100147), 1) (TestCmd( 100148), 1) (TestCmd( 100149), 1) (TestCmd( 100150), 1) (TestCmd( 100151), 1) (TestCmd( 100152), 1) (TestCmd( 100153), 1) (TestCmd( 100154), 1) (TestCmd( 100155), 1) (TestCmd( 100156), 1) (TestCmd( 100157), 1) (TestCmd( 100158), 1) (TestCmd( 100159), 1) (TestCmd( 100160), 1) 
[ 3] [Commit index strict for 3 :  55]
[ 3] [Append_entries Response for 3]
[ 3] [     Matching_Index_Strict:  54]
[ 3] [     Success: TRUE]
[ 3] [New_State: NO_CHANGES]
[ 3] [State: FOLLOWER, Term:  1] 
[ 3] [Received_message: RAFT.MESSAGES.APPEND_ENTRIES_REQUEST] 
[ 3] [AppendEntriesRequest] for 3 Checking if log contains an entry at PrevLogTerm whose index matches PrevLogIndex
[ 3] [PrevLogIndex from Message:  54]
[ 3] [PrevLogTerm from message:  1]
[ 3] [ LogUpperBound:  55]
[ 3] [Logs for 3]
[ 3] (TestCmd( 1), 1) (TestCmd( 100001), 1) (TestCmd( 600001), 1) (TestCmd( 200001), 1) (TestCmd( 300001), 1) (TestCmd( 400001), 1) (TestCmd( 100002), 1) (TestCmd( 600002), 1) (TestCmd( 300002), 1) (TestCmd( 300003), 1) (TestCmd( 300004), 1) (TestCmd( 300005), 1) (TestCmd( 300006), 1) (TestCmd( 300007), 1) (TestCmd( 300008), 1) (TestCmd( 300009), 1) (TestCmd( 300010), 1) (TestCmd( 300011), 1) (TestCmd( 300012), 1) (TestCmd( 300013), 1) (TestCmd( 300014), 1) (TestCmd( 300015), 1) (TestCmd( 100129), 1) (TestCmd( 100130), 1) (TestCmd( 100131), 1) (TestCmd( 100132), 1) (TestCmd( 100133), 1) (TestCmd( 100134), 1) (TestCmd( 100135), 1) (TestCmd( 100136), 1) (TestCmd( 100137), 1) (TestCmd( 100138), 1) (TestCmd( 100139), 1) (TestCmd( 100140), 1) (TestCmd( 100141), 1) (TestCmd( 100142), 1) (TestCmd( 100143), 1) (TestCmd( 100144), 1) (TestCmd( 100145), 1) (TestCmd( 100146), 1) (TestCmd( 100147), 1) (TestCmd( 100148), 1) (TestCmd( 100149), 1) (TestCmd( 100150), 1) (TestCmd( 100151), 1) (TestCmd( 100152), 1) (TestCmd( 100153), 1) (TestCmd( 100154), 1) (TestCmd( 100155), 1) (TestCmd( 100156), 1) (TestCmd( 100157), 1) (TestCmd( 100158), 1) (TestCmd( 100159), 1) (TestCmd( 100160), 1) 
[No entries to add for 3]
[ 3] [Logs after update for 3]
[ 3] (TestCmd( 1), 1) (TestCmd( 100001), 1) (TestCmd( 600001), 1) (TestCmd( 200001), 1) (TestCmd( 300001), 1) (TestCmd( 400001), 1) (TestCmd( 100002), 1) (TestCmd( 600002), 1) (TestCmd( 300002), 1) (TestCmd( 300003), 1) (TestCmd( 300004), 1) (TestCmd( 300005), 1) (TestCmd( 300006), 1) (TestCmd( 300007), 1) (TestCmd( 300008), 1) (TestCmd( 300009), 1) (TestCmd( 300010), 1) (TestCmd( 300011), 1) (TestCmd( 300012), 1) (TestCmd( 300013), 1) (TestCmd( 300014), 1) (TestCmd( 300015), 1) (TestCmd( 100129), 1) (TestCmd( 100130), 1) (TestCmd( 100131), 1) (TestCmd( 100132), 1) (TestCmd( 100133), 1) (TestCmd( 100134), 1) (TestCmd( 100135), 1) (TestCmd( 100136), 1) (TestCmd( 100137), 1) (TestCmd( 100138), 1) (TestCmd( 100139), 1) (TestCmd( 100140), 1) (TestCmd( 100141), 1) (TestCmd( 100142), 1) (TestCmd( 100143), 1) (TestCmd( 100144), 1) (TestCmd( 100145), 1) (TestCmd( 100146), 1) (TestCmd( 100147), 1) (TestCmd( 100148), 1) (TestCmd( 100149), 1) (TestCmd( 100150), 1) (TestCmd( 100151), 1) (TestCmd( 100152), 1) (TestCmd( 100153), 1) (TestCmd( 100154), 1) (TestCmd( 100155), 1) (TestCmd( 100156), 1) (TestCmd( 100157), 1) (TestCmd( 100158), 1) (TestCmd( 100159), 1) (TestCmd( 100160), 1) 
[ 3] [Commit index strict for 3 :  55]
[ 3] [Append_entries Response for 3]
[ 3] [     Matching_Index_Strict:  54]
[ 3] [     Success: TRUE]
[ 3] [New_State: NO_CHANGES]
[ 3] [State: FOLLOWER, Term:  1] 
[ 3] [Received_message: RAFT.MESSAGES.APPEND_ENTRIES_REQUEST] 
[ 3] [AppendEntriesRequest] for 3 Checking if log contains an entry at PrevLogTerm whose index matches PrevLogIndex
[ 3] [PrevLogIndex from Message:  54]
[ 3] [PrevLogTerm from message:  1]
[ 3] [ LogUpperBound:  55]
[ 3] [Logs for 3]
[ 3] (TestCmd( 1), 1) (TestCmd( 100001), 1) (TestCmd( 600001), 1) (TestCmd( 200001), 1) (TestCmd( 300001), 1) (TestCmd( 400001), 1) (TestCmd( 100002), 1) (TestCmd( 600002), 1) (TestCmd( 300002), 1) (TestCmd( 300003), 1) (TestCmd( 300004), 1) (TestCmd( 300005), 1) (TestCmd( 300006), 1) (TestCmd( 300007), 1) (TestCmd( 300008), 1) (TestCmd( 300009), 1) (TestCmd( 300010), 1) (TestCmd( 300011), 1) (TestCmd( 300012), 1) (TestCmd( 300013), 1) (TestCmd( 300014), 1) (TestCmd( 300015), 1) (TestCmd( 100129), 1) (TestCmd( 100130), 1) (TestCmd( 100131), 1) (TestCmd( 100132), 1) (TestCmd( 100133), 1) (TestCmd( 100134), 1) (TestCmd( 100135), 1) (TestCmd( 100136), 1) (TestCmd( 100137), 1) (TestCmd( 100138), 1) (TestCmd( 100139), 1) (TestCmd( 100140), 1) (TestCmd( 100141), 1) (TestCmd( 100142), 1) (TestCmd( 100143), 1) (TestCmd( 100144), 1) (TestCmd( 100145), 1) (TestCmd( 100146), 1) (TestCmd( 100147), 1) (TestCmd( 100148), 1) (TestCmd( 100149), 1) (TestCmd( 100150), 1) (TestCmd( 100151), 1) (TestCmd( 100152), 1) (TestCmd( 100153), 1) (TestCmd( 100154), 1) (TestCmd( 100155), 1) (TestCmd( 100156), 1) (TestCmd( 100157), 1) (TestCmd( 100158), 1) (TestCmd( 100159), 1) (TestCmd( 100160), 1) 
[No entries to add for 3]
[ 3] [Logs after update for 3]
[ 3] (TestCmd( 1), 1) (TestCmd( 100001), 1) (TestCmd( 600001), 1) (TestCmd( 200001), 1) (TestCmd( 300001), 1) (TestCmd( 400001), 1) (TestCmd( 100002), 1) (TestCmd( 600002), 1) (TestCmd( 300002), 1) (TestCmd( 300003), 1) (TestCmd( 300004), 1) (TestCmd( 300005), 1) (TestCmd( 300006), 1) (TestCmd( 300007), 1) (TestCmd( 300008), 1) (TestCmd( 300009), 1) (TestCmd( 300010), 1) (TestCmd( 300011), 1) (TestCmd( 300012), 1) (TestCmd( 300013), 1) (TestCmd( 300014), 1) (TestCmd( 300015), 1) (TestCmd( 100129), 1) (TestCmd( 100130), 1) (TestCmd( 100131), 1) (TestCmd( 100132), 1) (TestCmd( 100133), 1) (TestCmd( 100134), 1) (TestCmd( 100135), 1) (TestCmd( 100136), 1) (TestCmd( 100137), 1) (TestCmd( 100138), 1) (TestCmd( 100139), 1) (TestCmd( 100140), 1) (TestCmd( 100141), 1) (TestCmd( 100142), 1) (TestCmd( 100143), 1) (TestCmd( 100144), 1) (TestCmd( 100145), 1) (TestCmd( 100146), 1) (TestCmd( 100147), 1) (TestCmd( 100148), 1) (TestCmd( 100149), 1) (TestCmd( 100150), 1) (TestCmd( 100151), 1) (TestCmd( 100152), 1) (TestCmd( 100153), 1) (TestCmd( 100154), 1) (TestCmd( 100155), 1) (TestCmd( 100156), 1) (TestCmd( 100157), 1) (TestCmd( 100158), 1) (TestCmd( 100159), 1) (TestCmd( 100160), 1) 
[ 3] [Commit index strict for 3 :  55]
[ 3] [Append_entries Response for 3]
[ 3] [     Matching_Index_Strict:  54]
[ 3] [     Success: TRUE]
[ 3] [New_State: NO_CHANGES]
[ 3] [State: FOLLOWER, Term:  1] 
[ 3] [Received_message: RAFT.MESSAGES.APPEND_ENTRIES_REQUEST] 
[ 3] [AppendEntriesRequest] for 3 Checking if log contains an entry at PrevLogTerm whose index matches PrevLogIndex
[ 3] [PrevLogIndex from Message:  54]
[ 3] [PrevLogTerm from message:  1]
[ 3] [ LogUpperBound:  55]
[ 3] [Logs for 3]
[ 3] (TestCmd( 1), 1) (TestCmd( 100001), 1) (TestCmd( 600001), 1) (TestCmd( 200001), 1) (TestCmd( 300001), 1) (TestCmd( 400001), 1) (TestCmd( 100002), 1) (TestCmd( 600002), 1) (TestCmd( 300002), 1) (TestCmd( 300003), 1) (TestCmd( 300004), 1) (TestCmd( 300005), 1) (TestCmd( 300006), 1) (TestCmd( 300007), 1) (TestCmd( 300008), 1) (TestCmd( 300009), 1) (TestCmd( 300010), 1) (TestCmd( 300011), 1) (TestCmd( 300012), 1) (TestCmd( 300013), 1) (TestCmd( 300014), 1) (TestCmd( 300015), 1) (TestCmd( 100129), 1) (TestCmd( 100130), 1) (TestCmd( 100131), 1) (TestCmd( 100132), 1) (TestCmd( 100133), 1) (TestCmd( 100134), 1) (TestCmd( 100135), 1) (TestCmd( 100136), 1) (TestCmd( 100137), 1) (TestCmd( 100138), 1) (TestCmd( 100139), 1) (TestCmd( 100140), 1) (TestCmd( 100141), 1) (TestCmd( 100142), 1) (TestCmd( 100143), 1) (TestCmd( 100144), 1) (TestCmd( 100145), 1) (TestCmd( 100146), 1) (TestCmd( 100147), 1) (TestCmd( 100148), 1) (TestCmd( 100149), 1) (TestCmd( 100150), 1) (TestCmd( 100151), 1) (TestCmd( 100152), 1) (TestCmd( 100153), 1) (TestCmd( 100154), 1) (TestCmd( 100155), 1) (TestCmd( 100156), 1) (TestCmd( 100157), 1) (TestCmd( 100158), 1) (TestCmd( 100159), 1) (TestCmd( 100160), 1) 
[No entries to add for 3]
[ 3] [Logs after update for 3]
[ 3] (TestCmd( 1), 1) (TestCmd( 100001), 1) (TestCmd( 600001), 1) (TestCmd( 200001), 1) (TestCmd( 300001), 1) (TestCmd( 400001), 1) (TestCmd( 100002), 1) (TestCmd( 600002), 1) (TestCmd( 300002), 1) (TestCmd( 300003), 1) (TestCmd( 300004), 1) (TestCmd( 300005), 1) (TestCmd( 300006), 1) (TestCmd( 300007), 1) (TestCmd( 300008), 1) (TestCmd( 300009), 1) (TestCmd( 300010), 1) (TestCmd( 300011), 1) (TestCmd( 300012), 1) (TestCmd( 300013), 1) (TestCmd( 300014), 1) (TestCmd( 300015), 1) (TestCmd( 100129), 1) (TestCmd( 100130), 1) (TestCmd( 100131), 1) (TestCmd( 100132), 1) (TestCmd( 100133), 1) (TestCmd( 100134), 1) (TestCmd( 100135), 1) (TestCmd( 100136), 1) (TestCmd( 100137), 1) (TestCmd( 100138), 1) (TestCmd( 100139), 1) (TestCmd( 100140), 1) (TestCmd( 100141), 1) (TestCmd( 100142), 1) (TestCmd( 100143), 1) (TestCmd( 100144), 1) (TestCmd( 100145), 1) (TestCmd( 100146), 1) (TestCmd( 100147), 1) (TestCmd( 100148), 1) (TestCmd( 100149), 1) (TestCmd( 100150), 1) (TestCmd( 100151), 1) (TestCmd( 100152), 1) (TestCmd( 100153), 1) (TestCmd( 100154), 1) (TestCmd( 100155), 1) (TestCmd( 100156), 1) (TestCmd( 100157), 1) (TestCmd( 100158), 1) (TestCmd( 100159), 1) (TestCmd( 100160), 1) 
[ 3] [Commit index strict for 3 :  55]
[ 3] [Append_entries Response for 3]
[ 3] [     Matching_Index_Strict:  54]
[ 3] [     Success: TRUE]
[ 3] [New_State: NO_CHANGES]
[ 3] [State: FOLLOWER, Term:  1] 
[ 3] [Received_message: RAFT.MESSAGES.APPEND_ENTRIES_REQUEST] 
[ 3] [AppendEntriesRequest] for 3 Checking if log contains an entry at PrevLogTerm whose index matches PrevLogIndex
[ 3] [PrevLogIndex from Message:  54]
[ 3] [PrevLogTerm from message:  1]
[ 3] [ LogUpperBound:  55]
[ 3] [Logs for 3]
[ 3] (TestCmd( 1), 1) (TestCmd( 100001), 1) (TestCmd( 600001), 1) (TestCmd( 200001), 1) (TestCmd( 300001), 1) (TestCmd( 400001), 1) (TestCmd( 100002), 1) (TestCmd( 600002), 1) (TestCmd( 300002), 1) (TestCmd( 300003), 1) (TestCmd( 300004), 1) (TestCmd( 300005), 1) (TestCmd( 300006), 1) (TestCmd( 300007), 1) (TestCmd( 300008), 1) (TestCmd( 300009), 1) (TestCmd( 300010), 1) (TestCmd( 300011), 1) (TestCmd( 300012), 1) (TestCmd( 300013), 1) (TestCmd( 300014), 1) (TestCmd( 300015), 1) (TestCmd( 100129), 1) (TestCmd( 100130), 1) (TestCmd( 100131), 1) (TestCmd( 100132), 1) (TestCmd( 100133), 1) (TestCmd( 100134), 1) (TestCmd( 100135), 1) (TestCmd( 100136), 1) (TestCmd( 100137), 1) (TestCmd( 100138), 1) (TestCmd( 100139), 1) (TestCmd( 100140), 1) (TestCmd( 100141), 1) (TestCmd( 100142), 1) (TestCmd( 100143), 1) (TestCmd( 100144), 1) (TestCmd( 100145), 1) (TestCmd( 100146), 1) (TestCmd( 100147), 1) (TestCmd( 100148), 1) (TestCmd( 100149), 1) (TestCmd( 100150), 1) (TestCmd( 100151), 1) (TestCmd( 100152), 1) (TestCmd( 100153), 1) (TestCmd( 100154), 1) (TestCmd( 100155), 1) (TestCmd( 100156), 1) (TestCmd( 100157), 1) (TestCmd( 100158), 1) (TestCmd( 100159), 1) (TestCmd( 100160), 1) 
[No entries to add for 3]
[ 3] [Logs after update for 3]
[ 3] (TestCmd( 1), 1) (TestCmd( 100001), 1) (TestCmd( 600001), 1) (TestCmd( 200001), 1) (TestCmd( 300001), 1) (TestCmd( 400001), 1) (TestCmd( 100002), 1) (TestCmd( 600002), 1) (TestCmd( 300002), 1) (TestCmd( 300003), 1) (TestCmd( 300004), 1) (TestCmd( 300005), 1) (TestCmd( 300006), 1) (TestCmd( 300007), 1) (TestCmd( 300008), 1) (TestCmd( 300009), 1) (TestCmd( 300010), 1) (TestCmd( 300011), 1) (TestCmd( 300012), 1) (TestCmd( 300013), 1) (TestCmd( 300014), 1) (TestCmd( 300015), 1) (TestCmd( 100129), 1) (TestCmd( 100130), 1) (TestCmd( 100131), 1) (TestCmd( 100132), 1) (TestCmd( 100133), 1) (TestCmd( 100134), 1) (TestCmd( 100135), 1) (TestCmd( 100136), 1) (TestCmd( 100137), 1) (TestCmd( 100138), 1) (TestCmd( 100139), 1) (TestCmd( 100140), 1) (TestCmd( 100141), 1) (TestCmd( 100142), 1) (TestCmd( 100143), 1) (TestCmd( 100144), 1) (TestCmd( 100145), 1) (TestCmd( 100146), 1) (TestCmd( 100147), 1) (TestCmd( 100148), 1) (TestCmd( 100149), 1) (TestCmd( 100150), 1) (TestCmd( 100151), 1) (TestCmd( 100152), 1) (TestCmd( 100153), 1) (TestCmd( 100154), 1) (TestCmd( 100155), 1) (TestCmd( 100156), 1) (TestCmd( 100157), 1) (TestCmd( 100158), 1) (TestCmd( 100159), 1) (TestCmd( 100160), 1) 
[ 3] [Commit index strict for 3 :  55]
[ 3] [Append_entries Response for 3]
[ 3] [     Matching_Index_Strict:  54]
[ 3] [     Success: TRUE]
[ 3] [New_State: NO_CHANGES]
[ 3] [State: FOLLOWER, Term:  1] 
[ 3] [Received_message: RAFT.MESSAGES.APPEND_ENTRIES_REQUEST] 
[ 3] [AppendEntriesRequest] for 3 Checking if log contains an entry at PrevLogTerm whose index matches PrevLogIndex
[ 3] [PrevLogIndex from Message:  54]
[ 3] [PrevLogTerm from message:  1]
[ 3] [ LogUpperBound:  55]
[ 3] [Logs for 3]
[ 3] (TestCmd( 1), 1) (TestCmd( 100001), 1) (TestCmd( 600001), 1) (TestCmd( 200001), 1) (TestCmd( 300001), 1) (TestCmd( 400001), 1) (TestCmd( 100002), 1) (TestCmd( 600002), 1) (TestCmd( 300002), 1) (TestCmd( 300003), 1) (TestCmd( 300004), 1) (TestCmd( 300005), 1) (TestCmd( 300006), 1) (TestCmd( 300007), 1) (TestCmd( 300008), 1) (TestCmd( 300009), 1) (TestCmd( 300010), 1) (TestCmd( 300011), 1) (TestCmd( 300012), 1) (TestCmd( 300013), 1) (TestCmd( 300014), 1) (TestCmd( 300015), 1) (TestCmd( 100129), 1) (TestCmd( 100130), 1) (TestCmd( 100131), 1) (TestCmd( 100132), 1) (TestCmd( 100133), 1) (TestCmd( 100134), 1) (TestCmd( 100135), 1) (TestCmd( 100136), 1) (TestCmd( 100137), 1) (TestCmd( 100138), 1) (TestCmd( 100139), 1) (TestCmd( 100140), 1) (TestCmd( 100141), 1) (TestCmd( 100142), 1) (TestCmd( 100143), 1) (TestCmd( 100144), 1) (TestCmd( 100145), 1) (TestCmd( 100146), 1) (TestCmd( 100147), 1) (TestCmd( 100148), 1) (TestCmd( 100149), 1) (TestCmd( 100150), 1) (TestCmd( 100151), 1) (TestCmd( 100152), 1) (TestCmd( 100153), 1) (TestCmd( 100154), 1) (TestCmd( 100155), 1) (TestCmd( 100156), 1) (TestCmd( 100157), 1) (TestCmd( 100158), 1) (TestCmd( 100159), 1) (TestCmd( 100160), 1) 
[No entries to add for 3]
[ 3] [Logs after update for 3]
[ 3] (TestCmd( 1), 1) (TestCmd( 100001), 1) (TestCmd( 600001), 1) (TestCmd( 200001), 1) (TestCmd( 300001), 1) (TestCmd( 400001), 1) (TestCmd( 100002), 1) (TestCmd( 600002), 1) (TestCmd( 300002), 1) (TestCmd( 300003), 1) (TestCmd( 300004), 1) (TestCmd( 300005), 1) (TestCmd( 300006), 1) (TestCmd( 300007), 1) (TestCmd( 300008), 1) (TestCmd( 300009), 1) (TestCmd( 300010), 1) (TestCmd( 300011), 1) (TestCmd( 300012), 1) (TestCmd( 300013), 1) (TestCmd( 300014), 1) (TestCmd( 300015), 1) (TestCmd( 100129), 1) (TestCmd( 100130), 1) (TestCmd( 100131), 1) (TestCmd( 100132), 1) (TestCmd( 100133), 1) (TestCmd( 100134), 1) (TestCmd( 100135), 1) (TestCmd( 100136), 1) (TestCmd( 100137), 1) (TestCmd( 100138), 1) (TestCmd( 100139), 1) (TestCmd( 100140), 1) (TestCmd( 100141), 1) (TestCmd( 100142), 1) (TestCmd( 100143), 1) (TestCmd( 100144), 1) (TestCmd( 100145), 1) (TestCmd( 100146), 1) (TestCmd( 100147), 1) (TestCmd( 100148), 1) (TestCmd( 100149), 1) (TestCmd( 100150), 1) (TestCmd( 100151), 1) (TestCmd( 100152), 1) (TestCmd( 100153), 1) (TestCmd( 100154), 1) (TestCmd( 100155), 1) (TestCmd( 100156), 1) (TestCmd( 100157), 1) (TestCmd( 100158), 1) (TestCmd( 100159), 1) (TestCmd( 100160), 1) 
[ 3] [Commit index strict for 3 :  55]
[ 3] [Append_entries Response for 3]
[ 3] [     Matching_Index_Strict:  54]
[ 3] [     Success: TRUE]
[ 3] [New_State: NO_CHANGES]
[ 3] [State: FOLLOWER, Term:  1] 
[ 3] [Received_message: RAFT.MESSAGES.APPEND_ENTRIES_REQUEST] 
[ 3] [AppendEntriesRequest] for 3 Checking if log contains an entry at PrevLogTerm whose index matches PrevLogIndex
[ 3] [PrevLogIndex from Message:  54]
[ 3] [PrevLogTerm from message:  1]
[ 3] [ LogUpperBound:  55]
[ 3] [Logs for 3]
[ 3] (TestCmd( 1), 1) (TestCmd( 100001), 1) (TestCmd( 600001), 1) (TestCmd( 200001), 1) (TestCmd( 300001), 1) (TestCmd( 400001), 1) (TestCmd( 100002), 1) (TestCmd( 600002), 1) (TestCmd( 300002), 1) (TestCmd( 300003), 1) (TestCmd( 300004), 1) (TestCmd( 300005), 1) (TestCmd( 300006), 1) (TestCmd( 300007), 1) (TestCmd( 300008), 1) (TestCmd( 300009), 1) (TestCmd( 300010), 1) (TestCmd( 300011), 1) (TestCmd( 300012), 1) (TestCmd( 300013), 1) (TestCmd( 300014), 1) (TestCmd( 300015), 1) (TestCmd( 100129), 1) (TestCmd( 100130), 1) (TestCmd( 100131), 1) (TestCmd( 100132), 1) (TestCmd( 100133), 1) (TestCmd( 100134), 1) (TestCmd( 100135), 1) (TestCmd( 100136), 1) (TestCmd( 100137), 1) (TestCmd( 100138), 1) (TestCmd( 100139), 1) (TestCmd( 100140), 1) (TestCmd( 100141), 1) (TestCmd( 100142), 1) (TestCmd( 100143), 1) (TestCmd( 100144), 1) (TestCmd( 100145), 1) (TestCmd( 100146), 1) (TestCmd( 100147), 1) (TestCmd( 100148), 1) (TestCmd( 100149), 1) (TestCmd( 100150), 1) (TestCmd( 100151), 1) (TestCmd( 100152), 1) (TestCmd( 100153), 1) (TestCmd( 100154), 1) (TestCmd( 100155), 1) (TestCmd( 100156), 1) (TestCmd( 100157), 1) (TestCmd( 100158), 1) (TestCmd( 100159), 1) (TestCmd( 100160), 1) 
[No entries to add for 3]
[ 3] [Logs after update for 3]
[ 3] (TestCmd( 1), 1) (TestCmd( 100001), 1) (TestCmd( 600001), 1) (TestCmd( 200001), 1) (TestCmd( 300001), 1) (TestCmd( 400001), 1) (TestCmd( 100002), 1) (TestCmd( 600002), 1) (TestCmd( 300002), 1) (TestCmd( 300003), 1) (TestCmd( 300004), 1) (TestCmd( 300005), 1) (TestCmd( 300006), 1) (TestCmd( 300007), 1) (TestCmd( 300008), 1) (TestCmd( 300009), 1) (TestCmd( 300010), 1) (TestCmd( 300011), 1) (TestCmd( 300012), 1) (TestCmd( 300013), 1) (TestCmd( 300014), 1) (TestCmd( 300015), 1) (TestCmd( 100129), 1) (TestCmd( 100130), 1) (TestCmd( 100131), 1) (TestCmd( 100132), 1) (TestCmd( 100133), 1) (TestCmd( 100134), 1) (TestCmd( 100135), 1) (TestCmd( 100136), 1) (TestCmd( 100137), 1) (TestCmd( 100138), 1) (TestCmd( 100139), 1) (TestCmd( 100140), 1) (TestCmd( 100141), 1) (TestCmd( 100142), 1) (TestCmd( 100143), 1) (TestCmd( 100144), 1) (TestCmd( 100145), 1) (TestCmd( 100146), 1) (TestCmd( 100147), 1) (TestCmd( 100148), 1) (TestCmd( 100149), 1) (TestCmd( 100150), 1) (TestCmd( 100151), 1) (TestCmd( 100152), 1) (TestCmd( 100153), 1) (TestCmd( 100154), 1) (TestCmd( 100155), 1) (TestCmd( 100156), 1) (TestCmd( 100157), 1) (TestCmd( 100158), 1) (TestCmd( 100159), 1) (TestCmd( 100160), 1) 
[ 3] [Commit index strict for 3 :  55]
[ 3] [Append_entries Response for 3]
[ 3] [     Matching_Index_Strict:  54]
[ 3] [     Success: TRUE]
[ 3] [New_State: NO_CHANGES]
[ 3] [State: FOLLOWER, Term:  1] 
[ 3] [Received_message: RAFT.MESSAGES.APPEND_ENTRIES_REQUEST] 
[ 3] [AppendEntriesRequest] for 3 Checking if log contains an entry at PrevLogTerm whose index matches PrevLogIndex
[ 3] [PrevLogIndex from Message:  54]
[ 3] [PrevLogTerm from message:  1]
[ 3] [ LogUpperBound:  55]
[ 3] [Logs for 3]
[ 3] (TestCmd( 1), 1) (TestCmd( 100001), 1) (TestCmd( 600001), 1) (TestCmd( 200001), 1) (TestCmd( 300001), 1) (TestCmd( 400001), 1) (TestCmd( 100002), 1) (TestCmd( 600002), 1) (TestCmd( 300002), 1) (TestCmd( 300003), 1) (TestCmd( 300004), 1) (TestCmd( 300005), 1) (TestCmd( 300006), 1) (TestCmd( 300007), 1) (TestCmd( 300008), 1) (TestCmd( 300009), 1) (TestCmd( 300010), 1) (TestCmd( 300011), 1) (TestCmd( 300012), 1) (TestCmd( 300013), 1) (TestCmd( 300014), 1) (TestCmd( 300015), 1) (TestCmd( 100129), 1) (TestCmd( 100130), 1) (TestCmd( 100131), 1) (TestCmd( 100132), 1) (TestCmd( 100133), 1) (TestCmd( 100134), 1) (TestCmd( 100135), 1) (TestCmd( 100136), 1) (TestCmd( 100137), 1) (TestCmd( 100138), 1) (TestCmd( 100139), 1) (TestCmd( 100140), 1) (TestCmd( 100141), 1) (TestCmd( 100142), 1) (TestCmd( 100143), 1) (TestCmd( 100144), 1) (TestCmd( 100145), 1) (TestCmd( 100146), 1) (TestCmd( 100147), 1) (TestCmd( 100148), 1) (TestCmd( 100149), 1) (TestCmd( 100150), 1) (TestCmd( 100151), 1) (TestCmd( 100152), 1) (TestCmd( 100153), 1) (TestCmd( 100154), 1) (TestCmd( 100155), 1) (TestCmd( 100156), 1) (TestCmd( 100157), 1) (TestCmd( 100158), 1) (TestCmd( 100159), 1) (TestCmd( 100160), 1) 
[No entries to add for 3]
[ 3] [Logs after update for 3]
[ 3] (TestCmd( 1), 1) (TestCmd( 100001), 1) (TestCmd( 600001), 1) (TestCmd( 200001), 1) (TestCmd( 300001), 1) (TestCmd( 400001), 1) (TestCmd( 100002), 1) (TestCmd( 600002), 1) (TestCmd( 300002), 1) (TestCmd( 300003), 1) (TestCmd( 300004), 1) (TestCmd( 300005), 1) (TestCmd( 300006), 1) (TestCmd( 300007), 1) (TestCmd( 300008), 1) (TestCmd( 300009), 1) (TestCmd( 300010), 1) (TestCmd( 300011), 1) (TestCmd( 300012), 1) (TestCmd( 300013), 1) (TestCmd( 300014), 1) (TestCmd( 300015), 1) (TestCmd( 100129), 1) (TestCmd( 100130), 1) (TestCmd( 100131), 1) (TestCmd( 100132), 1) (TestCmd( 100133), 1) (TestCmd( 100134), 1) (TestCmd( 100135), 1) (TestCmd( 100136), 1) (TestCmd( 100137), 1) (TestCmd( 100138), 1) (TestCmd( 100139), 1) (TestCmd( 100140), 1) (TestCmd( 100141), 1) (TestCmd( 100142), 1) (TestCmd( 100143), 1) (TestCmd( 100144), 1) (TestCmd( 100145), 1) (TestCmd( 100146), 1) (TestCmd( 100147), 1) (TestCmd( 100148), 1) (TestCmd( 100149), 1) (TestCmd( 100150), 1) (TestCmd( 100151), 1) (TestCmd( 100152), 1) (TestCmd( 100153), 1) (TestCmd( 100154), 1) (TestCmd( 100155), 1) (TestCmd( 100156), 1) (TestCmd( 100157), 1) (TestCmd( 100158), 1) (TestCmd( 100159), 1) (TestCmd( 100160), 1) 
[ 3] [Commit index strict for 3 :  55]
[ 3] [Append_entries Response for 3]
[ 3] [     Matching_Index_Strict:  54]
[ 3] [     Success: TRUE]
[ 3] [New_State: NO_CHANGES]
[ 3] [State: FOLLOWER, Term:  1] 
[ 3] [Received_message: RAFT.MESSAGES.APPEND_ENTRIES_REQUEST] 
[ 3] [AppendEntriesRequest] for 3 Checking if log contains an entry at PrevLogTerm whose index matches PrevLogIndex
[ 3] [PrevLogIndex from Message:  54]
[ 3] [PrevLogTerm from message:  1]
[ 3] [ LogUpperBound:  55]
[ 3] [Logs for 3]
[ 3] (TestCmd( 1), 1) (TestCmd( 100001), 1) (TestCmd( 600001), 1) (TestCmd( 200001), 1) (TestCmd( 300001), 1) (TestCmd( 400001), 1) (TestCmd( 100002), 1) (TestCmd( 600002), 1) (TestCmd( 300002), 1) (TestCmd( 300003), 1) (TestCmd( 300004), 1) (TestCmd( 300005), 1) (TestCmd( 300006), 1) (TestCmd( 300007), 1) (TestCmd( 300008), 1) (TestCmd( 300009), 1) (TestCmd( 300010), 1) (TestCmd( 300011), 1) (TestCmd( 300012), 1) (TestCmd( 300013), 1) (TestCmd( 300014), 1) (TestCmd( 300015), 1) (TestCmd( 100129), 1) (TestCmd( 100130), 1) (TestCmd( 100131), 1) (TestCmd( 100132), 1) (TestCmd( 100133), 1) (TestCmd( 100134), 1) (TestCmd( 100135), 1) (TestCmd( 100136), 1) (TestCmd( 100137), 1) (TestCmd( 100138), 1) (TestCmd( 100139), 1) (TestCmd( 100140), 1) (TestCmd( 100141), 1) (TestCmd( 100142), 1) (TestCmd( 100143), 1) (TestCmd( 100144), 1) (TestCmd( 100145), 1) (TestCmd( 100146), 1) (TestCmd( 100147), 1) (TestCmd( 100148), 1) (TestCmd( 100149), 1) (TestCmd( 100150), 1) (TestCmd( 100151), 1) (TestCmd( 100152), 1) (TestCmd( 100153), 1) (TestCmd( 100154), 1) (TestCmd( 100155), 1) (TestCmd( 100156), 1) (TestCmd( 100157), 1) (TestCmd( 100158), 1) (TestCmd( 100159), 1) (TestCmd( 100160), 1) 
[No entries to add for 3]
[ 3] [Logs after update for 3]
[ 3] (TestCmd( 1), 1) (TestCmd( 100001), 1) (TestCmd( 600001), 1) (TestCmd( 200001), 1) (TestCmd( 300001), 1) (TestCmd( 400001), 1) (TestCmd( 100002), 1) (TestCmd( 600002), 1) (TestCmd( 300002), 1) (TestCmd( 300003), 1) (TestCmd( 300004), 1) (TestCmd( 300005), 1) (TestCmd( 300006), 1) (TestCmd( 300007), 1) (TestCmd( 300008), 1) (TestCmd( 300009), 1) (TestCmd( 300010), 1) (TestCmd( 300011), 1) (TestCmd( 300012), 1) (TestCmd( 300013), 1) (TestCmd( 300014), 1) (TestCmd( 300015), 1) (TestCmd( 100129), 1) (TestCmd( 100130), 1) (TestCmd( 100131), 1) (TestCmd( 100132), 1) (TestCmd( 100133), 1) (TestCmd( 100134), 1) (TestCmd( 100135), 1) (TestCmd( 100136), 1) (TestCmd( 100137), 1) (TestCmd( 100138), 1) (TestCmd( 100139), 1) (TestCmd( 100140), 1) (TestCmd( 100141), 1) (TestCmd( 100142), 1) (TestCmd( 100143), 1) (TestCmd( 100144), 1) (TestCmd( 100145), 1) (TestCmd( 100146), 1) (TestCmd( 100147), 1) (TestCmd( 100148), 1) (TestCmd( 100149), 1) (TestCmd( 100150), 1) (TestCmd( 100151), 1) (TestCmd( 100152), 1) (TestCmd( 100153), 1) (TestCmd( 100154), 1) (TestCmd( 100155), 1) (TestCmd( 100156), 1) (TestCmd( 100157), 1) (TestCmd( 100158), 1) (TestCmd( 100159), 1) (TestCmd( 100160), 1) 
[ 3] [Commit index strict for 3 :  55]
[ 3] [Append_entries Response for 3]
[ 3] [     Matching_Index_Strict:  54]
[ 3] [     Success: TRUE]
[ 3] [New_State: NO_CHANGES]
[ 3] [State: FOLLOWER, Term:  1] 
[ 3] [Received_message: RAFT.MESSAGES.APPEND_ENTRIES_REQUEST] 
[ 3] [AppendEntriesRequest] for 3 Checking if log contains an entry at PrevLogTerm whose index matches PrevLogIndex
[ 3] [PrevLogIndex from Message:  54]
[ 3] [PrevLogTerm from message:  1]
[ 3] [ LogUpperBound:  55]
[ 3] [Logs for 3]
[ 3] (TestCmd( 1), 1) (TestCmd( 100001), 1) (TestCmd( 600001), 1) (TestCmd( 200001), 1) (TestCmd( 300001), 1) (TestCmd( 400001), 1) (TestCmd( 100002), 1) (TestCmd( 600002), 1) (TestCmd( 300002), 1) (TestCmd( 300003), 1) (TestCmd( 300004), 1) (TestCmd( 300005), 1) (TestCmd( 300006), 1) (TestCmd( 300007), 1) (TestCmd( 300008), 1) (TestCmd( 300009), 1) (TestCmd( 300010), 1) (TestCmd( 300011), 1) (TestCmd( 300012), 1) (TestCmd( 300013), 1) (TestCmd( 300014), 1) (TestCmd( 300015), 1) (TestCmd( 100129), 1) (TestCmd( 100130), 1) (TestCmd( 100131), 1) (TestCmd( 100132), 1) (TestCmd( 100133), 1) (TestCmd( 100134), 1) (TestCmd( 100135), 1) (TestCmd( 100136), 1) (TestCmd( 100137), 1) (TestCmd( 100138), 1) (TestCmd( 100139), 1) (TestCmd( 100140), 1) (TestCmd( 100141), 1) (TestCmd( 100142), 1) (TestCmd( 100143), 1) (TestCmd( 100144), 1) (TestCmd( 100145), 1) (TestCmd( 100146), 1) (TestCmd( 100147), 1) (TestCmd( 100148), 1) (TestCmd( 100149), 1) (TestCmd( 100150), 1) (TestCmd( 100151), 1) (TestCmd( 100152), 1) (TestCmd( 100153), 1) (TestCmd( 100154), 1) (TestCmd( 100155), 1) (TestCmd( 100156), 1) (TestCmd( 100157), 1) (TestCmd( 100158), 1) (TestCmd( 100159), 1) (TestCmd( 100160), 1) 
[No entries to add for 3]
[ 3] [Logs after update for 3]
[ 3] (TestCmd( 1), 1) (TestCmd( 100001), 1) (TestCmd( 600001), 1) (TestCmd( 200001), 1) (TestCmd( 300001), 1) (TestCmd( 400001), 1) (TestCmd( 100002), 1) (TestCmd( 600002), 1) (TestCmd( 300002), 1) (TestCmd( 300003), 1) (TestCmd( 300004), 1) (TestCmd( 300005), 1) (TestCmd( 300006), 1) (TestCmd( 300007), 1) (TestCmd( 300008), 1) (TestCmd( 300009), 1) (TestCmd( 300010), 1) (TestCmd( 300011), 1) (TestCmd( 300012), 1) (TestCmd( 300013), 1) (TestCmd( 300014), 1) (TestCmd( 300015), 1) (TestCmd( 100129), 1) (TestCmd( 100130), 1) (TestCmd( 100131), 1) (TestCmd( 100132), 1) (TestCmd( 100133), 1) (TestCmd( 100134), 1) (TestCmd( 100135), 1) (TestCmd( 100136), 1) (TestCmd( 100137), 1) (TestCmd( 100138), 1) (TestCmd( 100139), 1) (TestCmd( 100140), 1) (TestCmd( 100141), 1) (TestCmd( 100142), 1) (TestCmd( 100143), 1) (TestCmd( 100144), 1) (TestCmd( 100145), 1) (TestCmd( 100146), 1) (TestCmd( 100147), 1) (TestCmd( 100148), 1) (TestCmd( 100149), 1) (TestCmd( 100150), 1) (TestCmd( 100151), 1) (TestCmd( 100152), 1) (TestCmd( 100153), 1) (TestCmd( 100154), 1) (TestCmd( 100155), 1) (TestCmd( 100156), 1) (TestCmd( 100157), 1) (TestCmd( 100158), 1) (TestCmd( 100159), 1) (TestCmd( 100160), 1) 
[ 3] [Commit index strict for 3 :  55]
[ 3] [Append_entries Response for 3]
[ 3] [     Matching_Index_Strict:  54]
[ 3] [     Success: TRUE]
[ 3] [New_State: NO_CHANGES]
[ 3] [State: FOLLOWER, Term:  1] 
[ 3] [Received_message: RAFT.MESSAGES.APPEND_ENTRIES_REQUEST] 
[ 3] [AppendEntriesRequest] for 3 Checking if log contains an entry at PrevLogTerm whose index matches PrevLogIndex
[ 3] [PrevLogIndex from Message:  54]
[ 3] [PrevLogTerm from message:  1]
[ 3] [ LogUpperBound:  55]
[ 3] [Logs for 3]
[ 3] (TestCmd( 1), 1) (TestCmd( 100001), 1) (TestCmd( 600001), 1) (TestCmd( 200001), 1) (TestCmd( 300001), 1) (TestCmd( 400001), 1) (TestCmd( 100002), 1) (TestCmd( 600002), 1) (TestCmd( 300002), 1) (TestCmd( 300003), 1) (TestCmd( 300004), 1) (TestCmd( 300005), 1) (TestCmd( 300006), 1) (TestCmd( 300007), 1) (TestCmd( 300008), 1) (TestCmd( 300009), 1) (TestCmd( 300010), 1) (TestCmd( 300011), 1) (TestCmd( 300012), 1) (TestCmd( 300013), 1) (TestCmd( 300014), 1) (TestCmd( 300015), 1) (TestCmd( 100129), 1) (TestCmd( 100130), 1) (TestCmd( 100131), 1) (TestCmd( 100132), 1) (TestCmd( 100133), 1) (TestCmd( 100134), 1) (TestCmd( 100135), 1) (TestCmd( 100136), 1) (TestCmd( 100137), 1) (TestCmd( 100138), 1) (TestCmd( 100139), 1) (TestCmd( 100140), 1) (TestCmd( 100141), 1) (TestCmd( 100142), 1) (TestCmd( 100143), 1) (TestCmd( 100144), 1) (TestCmd( 100145), 1) (TestCmd( 100146), 1) (TestCmd( 100147), 1) (TestCmd( 100148), 1) (TestCmd( 100149), 1) (TestCmd( 100150), 1) (TestCmd( 100151), 1) (TestCmd( 100152), 1) (TestCmd( 100153), 1) (TestCmd( 100154), 1) (TestCmd( 100155), 1) (TestCmd( 100156), 1) (TestCmd( 100157), 1) (TestCmd( 100158), 1) (TestCmd( 100159), 1) (TestCmd( 100160), 1) 
[No entries to add for 3]
[ 3] [Logs after update for 3]
[ 3] (TestCmd( 1), 1) (TestCmd( 100001), 1) (TestCmd( 600001), 1) (TestCmd( 200001), 1) (TestCmd( 300001), 1) (TestCmd( 400001), 1) (TestCmd( 100002), 1) (TestCmd( 600002), 1) (TestCmd( 300002), 1) (TestCmd( 300003), 1) (TestCmd( 300004), 1) (TestCmd( 300005), 1) (TestCmd( 300006), 1) (TestCmd( 300007), 1) (TestCmd( 300008), 1) (TestCmd( 300009), 1) (TestCmd( 300010), 1) (TestCmd( 300011), 1) (TestCmd( 300012), 1) (TestCmd( 300013), 1) (TestCmd( 300014), 1) (TestCmd( 300015), 1) (TestCmd( 100129), 1) (TestCmd( 100130), 1) (TestCmd( 100131), 1) (TestCmd( 100132), 1) (TestCmd( 100133), 1) (TestCmd( 100134), 1) (TestCmd( 100135), 1) (TestCmd( 100136), 1) (TestCmd( 100137), 1) (TestCmd( 100138), 1) (TestCmd( 100139), 1) (TestCmd( 100140), 1) (TestCmd( 100141), 1) (TestCmd( 100142), 1) (TestCmd( 100143), 1) (TestCmd( 100144), 1) (TestCmd( 100145), 1) (TestCmd( 100146), 1) (TestCmd( 100147), 1) (TestCmd( 100148), 1) (TestCmd( 100149), 1) (TestCmd( 100150), 1) (TestCmd( 100151), 1) (TestCmd( 100152), 1) (TestCmd( 100153), 1) (TestCmd( 100154), 1) (TestCmd( 100155), 1) (TestCmd( 100156), 1) (TestCmd( 100157), 1) (TestCmd( 100158), 1) (TestCmd( 100159), 1) (TestCmd( 100160), 1) 
[ 3] [Commit index strict for 3 :  55]
[ 3] [Append_entries Response for 3]
[ 3] [     Matching_Index_Strict:  54]
[ 3] [     Success: TRUE]
[ 3] [New_State: NO_CHANGES]
[ 3] [State: FOLLOWER, Term:  1] 
[ 3] [Received_message: RAFT.MESSAGES.APPEND_ENTRIES_REQUEST] 
[ 3] [AppendEntriesRequest] for 3 Checking if log contains an entry at PrevLogTerm whose index matches PrevLogIndex
[ 3] [PrevLogIndex from Message:  54]
[ 3] [PrevLogTerm from message:  1]
[ 3] [ LogUpperBound:  55]
[ 3] [Logs for 3]
[ 3] (TestCmd( 1), 1) (TestCmd( 100001), 1) (TestCmd( 600001), 1) (TestCmd( 200001), 1) (TestCmd( 300001), 1) (TestCmd( 400001), 1) (TestCmd( 100002), 1) (TestCmd( 600002), 1) (TestCmd( 300002), 1) (TestCmd( 300003), 1) (TestCmd( 300004), 1) (TestCmd( 300005), 1) (TestCmd( 300006), 1) (TestCmd( 300007), 1) (TestCmd( 300008), 1) (TestCmd( 300009), 1) (TestCmd( 300010), 1) (TestCmd( 300011), 1) (TestCmd( 300012), 1) (TestCmd( 300013), 1) (TestCmd( 300014), 1) (TestCmd( 300015), 1) (TestCmd( 100129), 1) (TestCmd( 100130), 1) (TestCmd( 100131), 1) (TestCmd( 100132), 1) (TestCmd( 100133), 1) (TestCmd( 100134), 1) (TestCmd( 100135), 1) (TestCmd( 100136), 1) (TestCmd( 100137), 1) (TestCmd( 100138), 1) (TestCmd( 100139), 1) (TestCmd( 100140), 1) (TestCmd( 100141), 1) (TestCmd( 100142), 1) (TestCmd( 100143), 1) (TestCmd( 100144), 1) (TestCmd( 100145), 1) (TestCmd( 100146), 1) (TestCmd( 100147), 1) (TestCmd( 100148), 1) (TestCmd( 100149), 1) (TestCmd( 100150), 1) (TestCmd( 100151), 1) (TestCmd( 100152), 1) (TestCmd( 100153), 1) (TestCmd( 100154), 1) (TestCmd( 100155), 1) (TestCmd( 100156), 1) (TestCmd( 100157), 1) (TestCmd( 100158), 1) (TestCmd( 100159), 1) (TestCmd( 100160), 1) 
[No entries to add for 3]
[ 3] [Logs after update for 3]
[ 3] (TestCmd( 1), 1) (TestCmd( 100001), 1) (TestCmd( 600001), 1) (TestCmd( 200001), 1) (TestCmd( 300001), 1) (TestCmd( 400001), 1) (TestCmd( 100002), 1) (TestCmd( 600002), 1) (TestCmd( 300002), 1) (TestCmd( 300003), 1) (TestCmd( 300004), 1) (TestCmd( 300005), 1) (TestCmd( 300006), 1) (TestCmd( 300007), 1) (TestCmd( 300008), 1) (TestCmd( 300009), 1) (TestCmd( 300010), 1) (TestCmd( 300011), 1) (TestCmd( 300012), 1) (TestCmd( 300013), 1) (TestCmd( 300014), 1) (TestCmd( 300015), 1) (TestCmd( 100129), 1) (TestCmd( 100130), 1) (TestCmd( 100131), 1) (TestCmd( 100132), 1) (TestCmd( 100133), 1) (TestCmd( 100134), 1) (TestCmd( 100135), 1) (TestCmd( 100136), 1) (TestCmd( 100137), 1) (TestCmd( 100138), 1) (TestCmd( 100139), 1) (TestCmd( 100140), 1) (TestCmd( 100141), 1) (TestCmd( 100142), 1) (TestCmd( 100143), 1) (TestCmd( 100144), 1) (TestCmd( 100145), 1) (TestCmd( 100146), 1) (TestCmd( 100147), 1) (TestCmd( 100148), 1) (TestCmd( 100149), 1) (TestCmd( 100150), 1) (TestCmd( 100151), 1) (TestCmd( 100152), 1) (TestCmd( 100153), 1) (TestCmd( 100154), 1) (TestCmd( 100155), 1) (TestCmd( 100156), 1) (TestCmd( 100157), 1) (TestCmd( 100158), 1) (TestCmd( 100159), 1) (TestCmd( 100160), 1) 
[ 3] [Commit index strict for 3 :  55]
[ 3] [Append_entries Response for 3]
[ 3] [     Matching_Index_Strict:  54]
[ 3] [     Success: TRUE]
[ 3] [New_State: NO_CHANGES]
[ 3] [State: FOLLOWER, Term:  1] 
[ 3] [Received_message: RAFT.MESSAGES.APPEND_ENTRIES_REQUEST] 
[ 3] [AppendEntriesRequest] for 3 Checking if log contains an entry at PrevLogTerm whose index matches PrevLogIndex
[ 3] [PrevLogIndex from Message:  54]
[ 3] [PrevLogTerm from message:  1]
[ 3] [ LogUpperBound:  55]
[ 3] [Logs for 3]
[ 3] (TestCmd( 1), 1) (TestCmd( 100001), 1) (TestCmd( 600001), 1) (TestCmd( 200001), 1) (TestCmd( 300001), 1) (TestCmd( 400001), 1) (TestCmd( 100002), 1) (TestCmd( 600002), 1) (TestCmd( 300002), 1) (TestCmd( 300003), 1) (TestCmd( 300004), 1) (TestCmd( 300005), 1) (TestCmd( 300006), 1) (TestCmd( 300007), 1) (TestCmd( 300008), 1) (TestCmd( 300009), 1) (TestCmd( 300010), 1) (TestCmd( 300011), 1) (TestCmd( 300012), 1) (TestCmd( 300013), 1) (TestCmd( 300014), 1) (TestCmd( 300015), 1) (TestCmd( 100129), 1) (TestCmd( 100130), 1) (TestCmd( 100131), 1) (TestCmd( 100132), 1) (TestCmd( 100133), 1) (TestCmd( 100134), 1) (TestCmd( 100135), 1) (TestCmd( 100136), 1) (TestCmd( 100137), 1) (TestCmd( 100138), 1) (TestCmd( 100139), 1) (TestCmd( 100140), 1) (TestCmd( 100141), 1) (TestCmd( 100142), 1) (TestCmd( 100143), 1) (TestCmd( 100144), 1) (TestCmd( 100145), 1) (TestCmd( 100146), 1) (TestCmd( 100147), 1) (TestCmd( 100148), 1) (TestCmd( 100149), 1) (TestCmd( 100150), 1) (TestCmd( 100151), 1) (TestCmd( 100152), 1) (TestCmd( 100153), 1) (TestCmd( 100154), 1) (TestCmd( 100155), 1) (TestCmd( 100156), 1) (TestCmd( 100157), 1) (TestCmd( 100158), 1) (TestCmd( 100159), 1) (TestCmd( 100160), 1) 
[No entries to add for 3]
[ 3] [Logs after update for 3]
[ 3] (TestCmd( 1), 1) (TestCmd( 100001), 1) (TestCmd( 600001), 1) (TestCmd( 200001), 1) (TestCmd( 300001), 1) (TestCmd( 400001), 1) (TestCmd( 100002), 1) (TestCmd( 600002), 1) (TestCmd( 300002), 1) (TestCmd( 300003), 1) (TestCmd( 300004), 1) (TestCmd( 300005), 1) (TestCmd( 300006), 1) (TestCmd( 300007), 1) (TestCmd( 300008), 1) (TestCmd( 300009), 1) (TestCmd( 300010), 1) (TestCmd( 300011), 1) (TestCmd( 300012), 1) (TestCmd( 300013), 1) (TestCmd( 300014), 1) (TestCmd( 300015), 1) (TestCmd( 100129), 1) (TestCmd( 100130), 1) (TestCmd( 100131), 1) (TestCmd( 100132), 1) (TestCmd( 100133), 1) (TestCmd( 100134), 1) (TestCmd( 100135), 1) (TestCmd( 100136), 1) (TestCmd( 100137), 1) (TestCmd( 100138), 1) (TestCmd( 100139), 1) (TestCmd( 100140), 1) (TestCmd( 100141), 1) (TestCmd( 100142), 1) (TestCmd( 100143), 1) (TestCmd( 100144), 1) (TestCmd( 100145), 1) (TestCmd( 100146), 1) (TestCmd( 100147), 1) (TestCmd( 100148), 1) (TestCmd( 100149), 1) (TestCmd( 100150), 1) (TestCmd( 100151), 1) (TestCmd( 100152), 1) (TestCmd( 100153), 1) (TestCmd( 100154), 1) (TestCmd( 100155), 1) (TestCmd( 100156), 1) (TestCmd( 100157), 1) (TestCmd( 100158), 1) (TestCmd( 100159), 1) (TestCmd( 100160), 1) 
[ 3] [Commit index strict for 3 :  55]
[ 3] [Append_entries Response for 3]
[ 3] [     Matching_Index_Strict:  54]
[ 3] [     Success: TRUE]
[ 3] [New_State: NO_CHANGES]
[ 3] [State: FOLLOWER, Term:  1] 
[ 3] [Received_message: RAFT.MESSAGES.APPEND_ENTRIES_REQUEST] 
[ 3] [AppendEntriesRequest] for 3 Checking if log contains an entry at PrevLogTerm whose index matches PrevLogIndex
[ 3] [PrevLogIndex from Message:  54]
[ 3] [PrevLogTerm from message:  1]
[ 3] [ LogUpperBound:  55]
[ 3] [Logs for 3]
[ 3] (TestCmd( 1), 1) (TestCmd( 100001), 1) (TestCmd( 600001), 1) (TestCmd( 200001), 1) (TestCmd( 300001), 1) (TestCmd( 400001), 1) (TestCmd( 100002), 1) (TestCmd( 600002), 1) (TestCmd( 300002), 1) (TestCmd( 300003), 1) (TestCmd( 300004), 1) (TestCmd( 300005), 1) (TestCmd( 300006), 1) (TestCmd( 300007), 1) (TestCmd( 300008), 1) (TestCmd( 300009), 1) (TestCmd( 300010), 1) (TestCmd( 300011), 1) (TestCmd( 300012), 1) (TestCmd( 300013), 1) (TestCmd( 300014), 1) (TestCmd( 300015), 1) (TestCmd( 100129), 1) (TestCmd( 100130), 1) (TestCmd( 100131), 1) (TestCmd( 100132), 1) (TestCmd( 100133), 1) (TestCmd( 100134), 1) (TestCmd( 100135), 1) (TestCmd( 100136), 1) (TestCmd( 100137), 1) (TestCmd( 100138), 1) (TestCmd( 100139), 1) (TestCmd( 100140), 1) (TestCmd( 100141), 1) (TestCmd( 100142), 1) (TestCmd( 100143), 1) (TestCmd( 100144), 1) (TestCmd( 100145), 1) (TestCmd( 100146), 1) (TestCmd( 100147), 1) (TestCmd( 100148), 1) (TestCmd( 100149), 1) (TestCmd( 100150), 1) (TestCmd( 100151), 1) (TestCmd( 100152), 1) (TestCmd( 100153), 1) (TestCmd( 100154), 1) (TestCmd( 100155), 1) (TestCmd( 100156), 1) (TestCmd( 100157), 1) (TestCmd( 100158), 1) (TestCmd( 100159), 1) (TestCmd( 100160), 1) 
[No entries to add for 3]
[ 3] [Logs after update for 3]
[ 3] (TestCmd( 1), 1) (TestCmd( 100001), 1) (TestCmd( 600001), 1) (TestCmd( 200001), 1) (TestCmd( 300001), 1) (TestCmd( 400001), 1) (TestCmd( 100002), 1) (TestCmd( 600002), 1) (TestCmd( 300002), 1) (TestCmd( 300003), 1) (TestCmd( 300004), 1) (TestCmd( 300005), 1) (TestCmd( 300006), 1) (TestCmd( 300007), 1) (TestCmd( 300008), 1) (TestCmd( 300009), 1) (TestCmd( 300010), 1) (TestCmd( 300011), 1) (TestCmd( 300012), 1) (TestCmd( 300013), 1) (TestCmd( 300014), 1) (TestCmd( 300015), 1) (TestCmd( 100129), 1) (TestCmd( 100130), 1) (TestCmd( 100131), 1) (TestCmd( 100132), 1) (TestCmd( 100133), 1) (TestCmd( 100134), 1) (TestCmd( 100135), 1) (TestCmd( 100136), 1) (TestCmd( 100137), 1) (TestCmd( 100138), 1) (TestCmd( 100139), 1) (TestCmd( 100140), 1) (TestCmd( 100141), 1) (TestCmd( 100142), 1) (TestCmd( 100143), 1) (TestCmd( 100144), 1) (TestCmd( 100145), 1) (TestCmd( 100146), 1) (TestCmd( 100147), 1) (TestCmd( 100148), 1) (TestCmd( 100149), 1) (TestCmd( 100150), 1) (TestCmd( 100151), 1) (TestCmd( 100152), 1) (TestCmd( 100153), 1) (TestCmd( 100154), 1) (TestCmd( 100155), 1) (TestCmd( 100156), 1) (TestCmd( 100157), 1) (TestCmd( 100158), 1) (TestCmd( 100159), 1) (TestCmd( 100160), 1) 
[ 3] [Commit index strict for 3 :  55]
[ 3] [Append_entries Response for 3]
[ 3] [     Matching_Index_Strict:  54]
[ 3] [     Success: TRUE]
[ 3] [New_State: NO_CHANGES]
[ 3] [State: FOLLOWER, Term:  1] 
[ 3] [Received_message: RAFT.MESSAGES.APPEND_ENTRIES_REQUEST] 
[ 3] [AppendEntriesRequest] for 3 Checking if log contains an entry at PrevLogTerm whose index matches PrevLogIndex
[ 3] [PrevLogIndex from Message:  54]
[ 3] [PrevLogTerm from message:  1]
[ 3] [ LogUpperBound:  55]
[ 3] [Logs for 3]
[ 3] (TestCmd( 1), 1) (TestCmd( 100001), 1) (TestCmd( 600001), 1) (TestCmd( 200001), 1) (TestCmd( 300001), 1) (TestCmd( 400001), 1) (TestCmd( 100002), 1) (TestCmd( 600002), 1) (TestCmd( 300002), 1) (TestCmd( 300003), 1) (TestCmd( 300004), 1) (TestCmd( 300005), 1) (TestCmd( 300006), 1) (TestCmd( 300007), 1) (TestCmd( 300008), 1) (TestCmd( 300009), 1) (TestCmd( 300010), 1) (TestCmd( 300011), 1) (TestCmd( 300012), 1) (TestCmd( 300013), 1) (TestCmd( 300014), 1) (TestCmd( 300015), 1) (TestCmd( 100129), 1) (TestCmd( 100130), 1) (TestCmd( 100131), 1) (TestCmd( 100132), 1) (TestCmd( 100133), 1) (TestCmd( 100134), 1) (TestCmd( 100135), 1) (TestCmd( 100136), 1) (TestCmd( 100137), 1) (TestCmd( 100138), 1) (TestCmd( 100139), 1) (TestCmd( 100140), 1) (TestCmd( 100141), 1) (TestCmd( 100142), 1) (TestCmd( 100143), 1) (TestCmd( 100144), 1) (TestCmd( 100145), 1) (TestCmd( 100146), 1) (TestCmd( 100147), 1) (TestCmd( 100148), 1) (TestCmd( 100149), 1) (TestCmd( 100150), 1) (TestCmd( 100151), 1) (TestCmd( 100152), 1) (TestCmd( 100153), 1) (TestCmd( 100154), 1) (TestCmd( 100155), 1) (TestCmd( 100156), 1) (TestCmd( 100157), 1) (TestCmd( 100158), 1) (TestCmd( 100159), 1) (TestCmd( 100160), 1) 
[No entries to add for 3]
[ 3] [Logs after update for 3]
[ 3] (TestCmd( 1), 1) (TestCmd( 100001), 1) (TestCmd( 600001), 1) (TestCmd( 200001), 1) (TestCmd( 300001), 1) (TestCmd( 400001), 1) (TestCmd( 100002), 1) (TestCmd( 600002), 1) (TestCmd( 300002), 1) (TestCmd( 300003), 1) (TestCmd( 300004), 1) (TestCmd( 300005), 1) (TestCmd( 300006), 1) (TestCmd( 300007), 1) (TestCmd( 300008), 1) (TestCmd( 300009), 1) (TestCmd( 300010), 1) (TestCmd( 300011), 1) (TestCmd( 300012), 1) (TestCmd( 300013), 1) (TestCmd( 300014), 1) (TestCmd( 300015), 1) (TestCmd( 100129), 1) (TestCmd( 100130), 1) (TestCmd( 100131), 1) (TestCmd( 100132), 1) (TestCmd( 100133), 1) (TestCmd( 100134), 1) (TestCmd( 100135), 1) (TestCmd( 100136), 1) (TestCmd( 100137), 1) (TestCmd( 100138), 1) (TestCmd( 100139), 1) (TestCmd( 100140), 1) (TestCmd( 100141), 1) (TestCmd( 100142), 1) (TestCmd( 100143), 1) (TestCmd( 100144), 1) (TestCmd( 100145), 1) (TestCmd( 100146), 1) (TestCmd( 100147), 1) (TestCmd( 100148), 1) (TestCmd( 100149), 1) (TestCmd( 100150), 1) (TestCmd( 100151), 1) (TestCmd( 100152), 1) (TestCmd( 100153), 1) (TestCmd( 100154), 1) (TestCmd( 100155), 1) (TestCmd( 100156), 1) (TestCmd( 100157), 1) (TestCmd( 100158), 1) (TestCmd( 100159), 1) (TestCmd( 100160), 1) 
[ 3] [Commit index strict for 3 :  55]
[ 3] [Append_entries Response for 3]
[ 3] [     Matching_Index_Strict:  54]
[ 3] [     Success: TRUE]
[ 3] [New_State: NO_CHANGES]
[ 3] [State: FOLLOWER, Term:  1] 
[ 3] [Received_message: RAFT.MESSAGES.APPEND_ENTRIES_REQUEST] 
[ 3] [AppendEntriesRequest] for 3 Checking if log contains an entry at PrevLogTerm whose index matches PrevLogIndex
[ 3] [PrevLogIndex from Message:  54]
[ 3] [PrevLogTerm from message:  1]
[ 3] [ LogUpperBound:  55]
[ 3] [Logs for 3]
[ 3] (TestCmd( 1), 1) (TestCmd( 100001), 1) (TestCmd( 600001), 1) (TestCmd( 200001), 1) (TestCmd( 300001), 1) (TestCmd( 400001), 1) (TestCmd( 100002), 1) (TestCmd( 600002), 1) (TestCmd( 300002), 1) (TestCmd( 300003), 1) (TestCmd( 300004), 1) (TestCmd( 300005), 1) (TestCmd( 300006), 1) (TestCmd( 300007), 1) (TestCmd( 300008), 1) (TestCmd( 300009), 1) (TestCmd( 300010), 1) (TestCmd( 300011), 1) (TestCmd( 300012), 1) (TestCmd( 300013), 1) (TestCmd( 300014), 1) (TestCmd( 300015), 1) (TestCmd( 100129), 1) (TestCmd( 100130), 1) (TestCmd( 100131), 1) (TestCmd( 100132), 1) (TestCmd( 100133), 1) (TestCmd( 100134), 1) (TestCmd( 100135), 1) (TestCmd( 100136), 1) (TestCmd( 100137), 1) (TestCmd( 100138), 1) (TestCmd( 100139), 1) (TestCmd( 100140), 1) (TestCmd( 100141), 1) (TestCmd( 100142), 1) (TestCmd( 100143), 1) (TestCmd( 100144), 1) (TestCmd( 100145), 1) (TestCmd( 100146), 1) (TestCmd( 100147), 1) (TestCmd( 100148), 1) (TestCmd( 100149), 1) (TestCmd( 100150), 1) (TestCmd( 100151), 1) (TestCmd( 100152), 1) (TestCmd( 100153), 1) (TestCmd( 100154), 1) (TestCmd( 100155), 1) (TestCmd( 100156), 1) (TestCmd( 100157), 1) (TestCmd( 100158), 1) (TestCmd( 100159), 1) (TestCmd( 100160), 1) 
[No entries to add for 3]
[ 3] [Logs after update for 3]
[ 3] (TestCmd( 1), 1) (TestCmd( 100001), 1) (TestCmd( 600001), 1) (TestCmd( 200001), 1) (TestCmd( 300001), 1) (TestCmd( 400001), 1) (TestCmd( 100002), 1) (TestCmd( 600002), 1) (TestCmd( 300002), 1) (TestCmd( 300003), 1) (TestCmd( 300004), 1) (TestCmd( 300005), 1) (TestCmd( 300006), 1) (TestCmd( 300007), 1) (TestCmd( 300008), 1) (TestCmd( 300009), 1) (TestCmd( 300010), 1) (TestCmd( 300011), 1) (TestCmd( 300012), 1) (TestCmd( 300013), 1) (TestCmd( 300014), 1) (TestCmd( 300015), 1) (TestCmd( 100129), 1) (TestCmd( 100130), 1) (TestCmd( 100131), 1) (TestCmd( 100132), 1) (TestCmd( 100133), 1) (TestCmd( 100134), 1) (TestCmd( 100135), 1) (TestCmd( 100136), 1) (TestCmd( 100137), 1) (TestCmd( 100138), 1) (TestCmd( 100139), 1) (TestCmd( 100140), 1) (TestCmd( 100141), 1) (TestCmd( 100142), 1) (TestCmd( 100143), 1) (TestCmd( 100144), 1) (TestCmd( 100145), 1) (TestCmd( 100146), 1) (TestCmd( 100147), 1) (TestCmd( 100148), 1) (TestCmd( 100149), 1) (TestCmd( 100150), 1) (TestCmd( 100151), 1) (TestCmd( 100152), 1) (TestCmd( 100153), 1) (TestCmd( 100154), 1) (TestCmd( 100155), 1) (TestCmd( 100156), 1) (TestCmd( 100157), 1) (TestCmd( 100158), 1) (TestCmd( 100159), 1) (TestCmd( 100160), 1) 
[ 3] [Commit index strict for 3 :  55]
[ 3] [Append_entries Response for 3]
[ 3] [     Matching_Index_Strict:  54]
[ 3] [     Success: TRUE]
[ 3] [New_State: NO_CHANGES]
[ 3] [State: FOLLOWER, Term:  1] 
[ 3] [Received_message: RAFT.MESSAGES.APPEND_ENTRIES_REQUEST] 
[ 3] [AppendEntriesRequest] for 3 Checking if log contains an entry at PrevLogTerm whose index matches PrevLogIndex
[ 3] [PrevLogIndex from Message:  54]
[ 3] [PrevLogTerm from message:  1]
[ 3] [ LogUpperBound:  55]
[ 3] [Logs for 3]
[ 3] (TestCmd( 1), 1) (TestCmd( 100001), 1) (TestCmd( 600001), 1) (TestCmd( 200001), 1) (TestCmd( 300001), 1) (TestCmd( 400001), 1) (TestCmd( 100002), 1) (TestCmd( 600002), 1) (TestCmd( 300002), 1) (TestCmd( 300003), 1) (TestCmd( 300004), 1) (TestCmd( 300005), 1) (TestCmd( 300006), 1) (TestCmd( 300007), 1) (TestCmd( 300008), 1) (TestCmd( 300009), 1) (TestCmd( 300010), 1) (TestCmd( 300011), 1) (TestCmd( 300012), 1) (TestCmd( 300013), 1) (TestCmd( 300014), 1) (TestCmd( 300015), 1) (TestCmd( 100129), 1) (TestCmd( 100130), 1) (TestCmd( 100131), 1) (TestCmd( 100132), 1) (TestCmd( 100133), 1) (TestCmd( 100134), 1) (TestCmd( 100135), 1) (TestCmd( 100136), 1) (TestCmd( 100137), 1) (TestCmd( 100138), 1) (TestCmd( 100139), 1) (TestCmd( 100140), 1) (TestCmd( 100141), 1) (TestCmd( 100142), 1) (TestCmd( 100143), 1) (TestCmd( 100144), 1) (TestCmd( 100145), 1) (TestCmd( 100146), 1) (TestCmd( 100147), 1) (TestCmd( 100148), 1) (TestCmd( 100149), 1) (TestCmd( 100150), 1) (TestCmd( 100151), 1) (TestCmd( 100152), 1) (TestCmd( 100153), 1) (TestCmd( 100154), 1) (TestCmd( 100155), 1) (TestCmd( 100156), 1) (TestCmd( 100157), 1) (TestCmd( 100158), 1) (TestCmd( 100159), 1) (TestCmd( 100160), 1) 
[No entries to add for 3]
[ 3] [Logs after update for 3]
[ 3] (TestCmd( 1), 1) (TestCmd( 100001), 1) (TestCmd( 600001), 1) (TestCmd( 200001), 1) (TestCmd( 300001), 1) (TestCmd( 400001), 1) (TestCmd( 100002), 1) (TestCmd( 600002), 1) (TestCmd( 300002), 1) (TestCmd( 300003), 1) (TestCmd( 300004), 1) (TestCmd( 300005), 1) (TestCmd( 300006), 1) (TestCmd( 300007), 1) (TestCmd( 300008), 1) (TestCmd( 300009), 1) (TestCmd( 300010), 1) (TestCmd( 300011), 1) (TestCmd( 300012), 1) (TestCmd( 300013), 1) (TestCmd( 300014), 1) (TestCmd( 300015), 1) (TestCmd( 100129), 1) (TestCmd( 100130), 1) (TestCmd( 100131), 1) (TestCmd( 100132), 1) (TestCmd( 100133), 1) (TestCmd( 100134), 1) (TestCmd( 100135), 1) (TestCmd( 100136), 1) (TestCmd( 100137), 1) (TestCmd( 100138), 1) (TestCmd( 100139), 1) (TestCmd( 100140), 1) (TestCmd( 100141), 1) (TestCmd( 100142), 1) (TestCmd( 100143), 1) (TestCmd( 100144), 1) (TestCmd( 100145), 1) (TestCmd( 100146), 1) (TestCmd( 100147), 1) (TestCmd( 100148), 1) (TestCmd( 100149), 1) (TestCmd( 100150), 1) (TestCmd( 100151), 1) (TestCmd( 100152), 1) (TestCmd( 100153), 1) (TestCmd( 100154), 1) (TestCmd( 100155), 1) (TestCmd( 100156), 1) (TestCmd( 100157), 1) (TestCmd( 100158), 1) (TestCmd( 100159), 1) (TestCmd( 100160), 1) 
[ 3] [Commit index strict for 3 :  55]
[ 3] [Append_entries Response for 3]
[ 3] [     Matching_Index_Strict:  54]
[ 3] [     Success: TRUE]
[ 3] [New_State: NO_CHANGES]
audit: messages= 270 bytes= 33594 rate= 1.58452E+03 B/s
state: FOLLOWER epoch= 399 snapshot= 1@ 0 application_state=TestAppState(Sum= 9704753)
[ 3] [State: FOLLOWER, Term:  1] 
[ 3] [Received_message: RAFT.MESSAGES.APPEND_ENTRIES_REQUEST] 
[ 3] [AppendEntriesRequest] for 3 Checking if log contains an entry at PrevLogTerm whose index matches PrevLogIndex
[ 3] [PrevLogIndex from Message:  54]
[ 3] [PrevLogTerm from message:  1]
[ 3] [ LogUpperBound:  55]
[ 3] [Logs for 3]
[ 3] (TestCmd( 1), 1) (TestCmd( 100001), 1) (TestCmd( 600001), 1) (TestCmd( 200001), 1) (TestCmd( 300001), 1) (TestCmd( 400001), 1) (TestCmd( 100002), 1) (TestCmd( 600002), 1) (TestCmd( 300002), 1) (TestCmd( 300003), 1) (TestCmd( 300004), 1) (TestCmd( 300005), 1) (TestCmd( 300006), 1) (TestCmd( 300007), 1) (TestCmd( 300008), 1) (TestCmd( 300009), 1) (TestCmd( 300010), 1) (TestCmd( 300011), 1) (TestCmd( 300012), 1) (TestCmd( 300013), 1) (TestCmd( 300014), 1) (TestCmd( 300015), 1) (TestCmd( 100129), 1) (TestCmd( 100130), 1) (TestCmd( 100131), 1) (TestCmd( 100132), 1) (TestCmd( 100133), 1) (TestCmd( 100134), 1) (TestCmd( 100135), 1) (TestCmd( 100136), 1) (TestCmd( 100137), 1) (TestCmd( 100138), 1) (TestCmd( 100139), 1) (TestCmd( 100140), 1) (TestCmd( 100141), 1) (TestCmd( 100142), 1) (TestCmd( 100143), 1) (TestCmd( 100144), 1) (TestCmd( 100145), 1) (TestCmd( 100146), 1) (TestCmd( 100147), 1) (TestCmd( 100148), 1) (TestCmd( 100149), 1) (TestCmd( 100150), 1) (TestCmd( 100151), 1) (TestCmd( 100152), 1) (TestCmd( 100153), 1) (TestCmd( 100154), 1) (TestCmd( 100155), 1) (TestCmd( 100156), 1) (TestCmd( 100157), 1) (TestCmd( 100158), 1) (TestCmd( 100159), 1) (TestCmd( 100160), 1) 
[No entries to add for 3]
[ 3] [Logs after update for 3]
[ 3] (TestCmd( 1), 1) (TestCmd( 100001), 1) (TestCmd( 600001), 1) (TestCmd( 200001), 1) (TestCmd( 300001), 1) (TestCmd( 400001), 1) (TestCmd( 100002), 1) (TestCmd( 600002), 1) (TestCmd( 300002), 1) (TestCmd( 300003), 1) (TestCmd( 300004), 1) (TestCmd( 300005), 1) (TestCmd( 300006), 1) (TestCmd( 300007), 1) (TestCmd( 300008), 1) (TestCmd( 300009), 1) (TestCmd( 300010), 1) (TestCmd( 300011), 1) (TestCmd( 300012), 1) (TestCmd( 300013), 1) (TestCmd( 300014), 1) (TestCmd( 300015), 1) (TestCmd( 100129), 1) (TestCmd( 100130), 1) (TestCmd( 100131), 1) (TestCmd( 100132), 1) (TestCmd( 100133), 1) (TestCmd( 100134), 1) (TestCmd( 100135), 1) (TestCmd( 100136), 1) (TestCmd( 100137), 1) (TestCmd( 100138), 1) (TestCmd( 100139), 1) (TestCmd( 100140), 1) (TestCmd( 100141), 1) (TestCmd( 100142), 1) (TestCmd( 100143), 1) (TestCmd( 100144), 1) (TestCmd( 100145), 1) (TestCmd( 100146), 1) (TestCmd( 100147), 1) (TestCmd( 100148), 1) (TestCmd( 100149), 1) (TestCmd( 100150), 1) (TestCmd( 100151), 1) (TestCmd( 100152), 1) (TestCmd( 100153), 1) (TestCmd( 100154), 1) (TestCmd( 100155), 1) (TestCmd( 100156), 1) (TestCmd( 100157), 1) (TestCmd( 100158), 1) (TestCmd( 100159), 1) (TestCmd( 100160), 1) 
[ 3] [Commit index strict for 3 :  55]
[ 3] [Append_entries Response for 3]
[ 3] [     Matching_Index_Strict:  54]
[ 3] [     Success: TRUE]
[ 3] [New_State: NO_CHANGES]
[ 3] [State: FOLLOWER, Term:  1] 
[ 3] [Received_message: RAFT.MESSAGES.APPEND_ENTRIES_REQUEST] 
[ 3] [AppendEntriesRequest] for 3 Checking if log contains an entry at PrevLogTerm whose index matches PrevLogIndex
[ 3] [PrevLogIndex from Message:  54]
[ 3] [PrevLogTerm from message:  1]
[ 3] [ LogUpperBound:  55]
[ 3] [Logs for 3]
[ 3] (TestCmd( 1), 1) (TestCmd( 100001), 1) (TestCmd( 600001), 1) (TestCmd( 200001), 1) (TestCmd( 300001), 1) (TestCmd( 400001), 1) (TestCmd( 100002), 1) (TestCmd( 600002), 1) (TestCmd( 300002), 1) (TestCmd( 300003), 1) (TestCmd( 300004), 1) (TestCmd( 300005), 1) (TestCmd( 300006), 1) (TestCmd( 300007), 1) (TestCmd( 300008), 1) (TestCmd( 300009), 1) (TestCmd( 300010), 1) (TestCmd( 300011), 1) (TestCmd( 300012), 1) (TestCmd( 300013), 1) (TestCmd( 300014), 1) (TestCmd( 300015), 1) (TestCmd( 100129), 1) (TestCmd( 100130), 1) (TestCmd( 100131), 1) (TestCmd( 100132), 1) (TestCmd( 100133), 1) (TestCmd( 100134), 1) (TestCmd( 100135), 1) (TestCmd( 100136), 1) (TestCmd( 100137), 1) (TestCmd( 100138), 1) (TestCmd( 100139), 1) (TestCmd( 100140), 1) (TestCmd( 100141), 1) (TestCmd( 100142), 1) (TestCmd( 100143), 1) (TestCmd( 100144), 1) (TestCmd( 100145), 1) (TestCmd( 100146), 1) (TestCmd( 100147), 1) (TestCmd( 100148), 1) (TestCmd( 100149), 1) (TestCmd( 100150), 1) (TestCmd( 100151), 1) (TestCmd( 100152), 1) (TestCmd( 100153), 1) (TestCmd( 100154), 1) (TestCmd( 100155), 1) (TestCmd( 100156), 1) (TestCmd( 100157), 1) (TestCmd( 100158), 1) (TestCmd( 100159), 1) (TestCmd( 100160), 1) 
[No entries to add for 3]
[ 3] [Logs after update for 3]
[ 3] (TestCmd( 1), 1) (TestCmd( 100001), 1) (TestCmd( 600001), 1) (TestCmd( 200001), 1) (TestCmd( 300001), 1) (TestCmd( 400001), 1) (TestCmd( 100002), 1) (TestCmd( 600002), 1) (TestCmd( 300002), 1) (TestCmd( 300003), 1) (TestCmd( 300004), 1) (TestCmd( 300005), 1) (TestCmd( 300006), 1) (TestCmd( 300007), 1) (TestCmd( 300008), 1) (TestCmd( 300009), 1) (TestCmd( 300010), 1) (TestCmd( 300011), 1) (TestCmd( 300012), 1) (TestCmd( 300013), 1) (TestCmd( 300014), 1) (TestCmd( 300015), 1) (TestCmd( 100129), 1) (TestCmd( 100130), 1) (TestCmd( 100131), 1) (TestCmd( 100132), 1) (TestCmd( 100133), 1) (TestCmd( 100134), 1) (TestCmd( 100135), 1) (TestCmd( 100136), 1) (TestCmd( 100137), 1) (TestCmd( 100138), 1) (TestCmd( 100139), 1) (TestCmd( 100140), 1) (TestCmd( 100141), 1) (TestCmd( 100142), 1) (TestCmd( 100143), 1) (TestCmd( 100144), 1) (TestCmd( 100145), 1) (TestCmd( 100146), 1) (TestCmd( 100147), 1) (TestCmd( 100148), 1) (TestCmd( 100149), 1) (TestCmd( 100150), 1) (TestCmd( 100151), 1) (TestCmd( 100152), 1) (TestCmd( 100153), 1) (TestCmd( 100154), 1) (TestCmd( 100155), 1) (TestCmd( 100156), 1) (TestCmd( 100157), 1) (TestCmd( 100158), 1) (TestCmd( 100159), 1) (TestCmd( 100160), 1) 
[ 3] [Commit index strict for 3 :  55]
[ 3] [Append_entries Response for 3]
[ 3] [     Matching_Index_Strict:  54]
[ 3] [     Success: TRUE]
[ 3] [New_State: NO_CHANGES]
[ 3] [State: FOLLOWER, Term:  1] 
[ 3] [Received_message: RAFT.MESSAGES.APPEND_ENTRIES_REQUEST] 
[ 3] [AppendEntriesRequest] for 3 Checking if log contains an entry at PrevLogTerm whose index matches PrevLogIndex
[ 3] [PrevLogIndex from Message:  54]
[ 3] [PrevLogTerm from message:  1]
[ 3] [ LogUpperBound:  55]
[ 3] [Logs for 3]
[ 3] (TestCmd( 1), 1) (TestCmd( 100001), 1) (TestCmd( 600001), 1) (TestCmd( 200001), 1) (TestCmd( 300001), 1) (TestCmd( 400001), 1) (TestCmd( 100002), 1) (TestCmd( 600002), 1) (TestCmd( 300002), 1) (TestCmd( 300003), 1) (TestCmd( 300004), 1) (TestCmd( 300005), 1) (TestCmd( 300006), 1) (TestCmd( 300007), 1) (TestCmd( 300008), 1) (TestCmd( 300009), 1) (TestCmd( 300010), 1) (TestCmd( 300011), 1) (TestCmd( 300012), 1) (TestCmd( 300013), 1) (TestCmd( 300014), 1) (TestCmd( 300015), 1) (TestCmd( 100129), 1) (TestCmd( 100130), 1) (TestCmd( 100131), 1) (TestCmd( 100132), 1) (TestCmd( 100133), 1) (TestCmd( 100134), 1) (TestCmd( 100135), 1) (TestCmd( 100136), 1) (TestCmd( 100137), 1) (TestCmd( 100138), 1) (TestCmd( 100139), 1) (TestCmd( 100140), 1) (TestCmd( 100141), 1) (TestCmd( 100142), 1) (TestCmd( 100143), 1) (TestCmd( 100144), 1) (TestCmd( 100145), 1) (TestCmd( 100146), 1) (TestCmd( 100147), 1) (TestCmd( 100148), 1) (TestCmd( 100149), 1) (TestCmd( 100150), 1) (TestCmd( 100151), 1) (TestCmd( 100152), 1) (TestCmd( 100153), 1) (TestCmd( 100154), 1) (TestCmd( 100155), 1) (TestCmd( 100156), 1) (TestCmd( 100157), 1) (TestCmd( 100158), 1) (TestCmd( 100159), 1) (TestCmd( 100160), 1) 
[No entries to add for 3]
[ 3] [Logs after update for 3]
[ 3] (TestCmd( 1), 1) (TestCmd( 100001), 1) (TestCmd( 600001), 1) (TestCmd( 200001), 1) (TestCmd( 300001), 1) (TestCmd( 400001), 1) (TestCmd( 100002), 1) (TestCmd( 600002), 1) (TestCmd( 300002), 1) (TestCmd( 300003), 1) (TestCmd( 300004), 1) (TestCmd( 300005), 1) (TestCmd( 300006), 1) (TestCmd( 300007), 1) (TestCmd( 300008), 1) (TestCmd( 300009), 1) (TestCmd( 300010), 1) (TestCmd( 300011), 1) (TestCmd( 300012), 1) (TestCmd( 300013), 1) (TestCmd( 300014), 1) (TestCmd( 300015), 1) (TestCmd( 100129), 1) (TestCmd( 100130), 1) (TestCmd( 100131), 1) (TestCmd( 100132), 1) (TestCmd( 100133), 1) (TestCmd( 100134), 1) (TestCmd( 100135), 1) (TestCmd( 100136), 1) (TestCmd( 100137), 1) (TestCmd( 100138), 1) (TestCmd( 100139), 1) (TestCmd( 100140), 1) (TestCmd( 100141), 1) (TestCmd( 100142), 1) (TestCmd( 100143), 1) (TestCmd( 100144), 1) (TestCmd( 100145), 1) (TestCmd( 100146), 1) (TestCmd( 100147), 1) (TestCmd( 100148), 1) (TestCmd( 100149), 1) (TestCmd( 100150), 1) (TestCmd( 100151), 1) (TestCmd( 100152), 1) (TestCmd( 100153), 1) (TestCmd( 100154), 1) (TestCmd( 100155), 1) (TestCmd( 100156), 1) (TestCmd( 100157), 1) (TestCmd( 100158), 1) (TestCmd( 100159), 1) (TestCmd( 100160), 1) 
[ 3] [Commit index strict for 3 :  55]
[ 3] [Append_entries Response for 3]
[ 3] [     Matching_Index_Strict:  54]
[ 3] [     Success: TRUE]
[ 3] [New_State: NO_CHANGES]
[ 3] [State: FOLLOWER, Term:  1] 
[ 3] [Received_message: RAFT.MESSAGES.APPEND_ENTRIES_REQUEST] 
[ 3] [AppendEntriesRequest] for 3 Checking if log contains an entry at PrevLogTerm whose index matches PrevLogIndex
[ 3] [PrevLogIndex from Message:  54]
[ 3] [PrevLogTerm from message:  1]
[ 3] [ LogUpperBound:  55]
[ 3] [Logs for 3]
[ 3] (TestCmd( 1), 1) (TestCmd( 100001), 1) (TestCmd( 600001), 1) (TestCmd( 200001), 1) (TestCmd( 300001), 1) (TestCmd( 400001), 1) (TestCmd( 100002), 1) (TestCmd( 600002), 1) (TestCmd( 300002), 1) (TestCmd( 300003), 1) (TestCmd( 300004), 1) (TestCmd( 300005), 1) (TestCmd( 300006), 1) (TestCmd( 300007), 1) (TestCmd( 300008), 1) (TestCmd( 300009), 1) (TestCmd( 300010), 1) (TestCmd( 300011), 1) (TestCmd( 300012), 1) (TestCmd( 300013), 1) (TestCmd( 300014), 1) (TestCmd( 300015), 1) (TestCmd( 100129), 1) (TestCmd( 100130), 1) (TestCmd( 100131), 1) (TestCmd( 100132), 1) (TestCmd( 100133), 1) (TestCmd( 100134), 1) (TestCmd( 100135), 1) (TestCmd( 100136), 1) (TestCmd( 100137), 1) (TestCmd( 100138), 1) (TestCmd( 100139), 1) (TestCmd( 100140), 1) (TestCmd( 100141), 1) (TestCmd( 100142), 1) (TestCmd( 100143), 1) (TestCmd( 100144), 1) (TestCmd( 100145), 1) (TestCmd( 100146), 1) (TestCmd( 100147), 1) (TestCmd( 100148), 1) (TestCmd( 100149), 1) (TestCmd( 100150), 1) (TestCmd( 100151), 1) (TestCmd( 100152), 1) (TestCmd( 100153), 1) (TestCmd( 100154), 1) (TestCmd( 100155), 1) (TestCmd( 100156), 1) (TestCmd( 100157), 1) (TestCmd( 100158), 1) (TestCmd( 100159), 1) (TestCmd( 100160), 1) 
[No entries to add for 3]
[ 3] [Logs after update for 3]
[ 3] (TestCmd( 1), 1) (TestCmd( 100001), 1) (TestCmd( 600001), 1) (TestCmd( 200001), 1) (TestCmd( 300001), 1) (TestCmd( 400001), 1) (TestCmd( 100002), 1) (TestCmd( 600002), 1) (TestCmd( 300002), 1) (TestCmd( 300003), 1) (TestCmd( 300004), 1) (TestCmd( 300005), 1) (TestCmd( 300006), 1) (TestCmd( 300007), 1) (TestCmd( 300008), 1) (TestCmd( 300009), 1) (TestCmd( 300010), 1) (TestCmd( 300011), 1) (TestCmd( 300012), 1) (TestCmd( 300013), 1) (TestCmd( 300014), 1) (TestCmd( 300015), 1) (TestCmd( 100129), 1) (TestCmd( 100130), 1) (TestCmd( 100131), 1) (TestCmd( 100132), 1) (TestCmd( 100133), 1) (TestCmd( 100134), 1) (TestCmd( 100135), 1) (TestCmd( 100136), 1) (TestCmd( 100137), 1) (TestCmd( 100138), 1) (TestCmd( 100139), 1) (TestCmd( 100140), 1) (TestCmd( 100141), 1) (TestCmd( 100142), 1) (TestCmd( 100143), 1) (TestCmd( 100144), 1) (TestCmd( 100145), 1) (TestCmd( 100146), 1) (TestCmd( 100147), 1) (TestCmd( 100148), 1) (TestCmd( 100149), 1) (TestCmd( 100150), 1) (TestCmd( 100151), 1) (TestCmd( 100152), 1) (TestCmd( 100153), 1) (TestCmd( 100154), 1) (TestCmd( 100155), 1) (TestCmd( 100156), 1) (TestCmd( 100157), 1) (TestCmd( 100158), 1) (TestCmd( 100159), 1) (TestCmd( 100160), 1) 
[ 3] [Commit index strict for 3 :  55]
[ 3] [Append_entries Response for 3]
[ 3] [     Matching_Index_Strict:  54]
[ 3] [     Success: TRUE]
[ 3] [New_State: NO_CHANGES]
[ 3] [State: FOLLOWER, Term:  1] 
[ 3] [Received_message: RAFT.MESSAGES.APPEND_ENTRIES_REQUEST] 
[ 3] [AppendEntriesRequest] for 3 Checking if log contains an entry at PrevLogTerm whose index matches PrevLogIndex
[ 3] [PrevLogIndex from Message:  54]
[ 3] [PrevLogTerm from message:  1]
[ 3] [ LogUpperBound:  55]
[ 3] [Logs for 3]
[ 3] (TestCmd( 1), 1) (TestCmd( 100001), 1) (TestCmd( 600001), 1) (TestCmd( 200001), 1) (TestCmd( 300001), 1) (TestCmd( 400001), 1) (TestCmd( 100002), 1) (TestCmd( 600002), 1) (TestCmd( 300002), 1) (TestCmd( 300003), 1) (TestCmd( 300004), 1) (TestCmd( 300005), 1) (TestCmd( 300006), 1) (TestCmd( 300007), 1) (TestCmd( 300008), 1) (TestCmd( 300009), 1) (TestCmd( 300010), 1) (TestCmd( 300011), 1) (TestCmd( 300012), 1) (TestCmd( 300013), 1) (TestCmd( 300014), 1) (TestCmd( 300015), 1) (TestCmd( 100129), 1) (TestCmd( 100130), 1) (TestCmd( 100131), 1) (TestCmd( 100132), 1) (TestCmd( 100133), 1) (TestCmd( 100134), 1) (TestCmd( 100135), 1) (TestCmd( 100136), 1) (TestCmd( 100137), 1) (TestCmd( 100138), 1) (TestCmd( 100139), 1) (TestCmd( 100140), 1) (TestCmd( 100141), 1) (TestCmd( 100142), 1) (TestCmd( 100143), 1) (TestCmd( 100144), 1) (TestCmd( 100145), 1) (TestCmd( 100146), 1) (TestCmd( 100147), 1) (TestCmd( 100148), 1) (TestCmd( 100149), 1) (TestCmd( 100150), 1) (TestCmd( 100151), 1) (TestCmd( 100152), 1) (TestCmd( 100153), 1) (TestCmd( 100154), 1) (TestCmd( 100155), 1) (TestCmd( 100156), 1) (TestCmd( 100157), 1) (TestCmd( 100158), 1) (TestCmd( 100159), 1) (TestCmd( 100160), 1) 
[No entries to add for 3]
[ 3] [Logs after update for 3]
[ 3] (TestCmd( 1), 1) (TestCmd( 100001), 1) (TestCmd( 600001), 1) (TestCmd( 200001), 1) (TestCmd( 300001), 1) (TestCmd( 400001), 1) (TestCmd( 100002), 1) (TestCmd( 600002), 1) (TestCmd( 300002), 1) (TestCmd( 300003), 1) (TestCmd( 300004), 1) (TestCmd( 300005), 1) (TestCmd( 300006), 1) (TestCmd( 300007), 1) (TestCmd( 300008), 1) (TestCmd( 300009), 1) (TestCmd( 300010), 1) (TestCmd( 300011), 1) (TestCmd( 300012), 1) (TestCmd( 300013), 1) (TestCmd( 300014), 1) (TestCmd( 300015), 1) (TestCmd( 100129), 1) (TestCmd( 100130), 1) (TestCmd( 100131), 1) (TestCmd( 100132), 1) (TestCmd( 100133), 1) (TestCmd( 100134), 1) (TestCmd( 100135), 1) (TestCmd( 100136), 1) (TestCmd( 100137), 1) (TestCmd( 100138), 1) (TestCmd( 100139), 1) (TestCmd( 100140), 1) (TestCmd( 100141), 1) (TestCmd( 100142), 1) (TestCmd( 100143), 1) (TestCmd( 100144), 1) (TestCmd( 100145), 1) (TestCmd( 100146), 1) (TestCmd( 100147), 1) (TestCmd( 100148), 1) (TestCmd( 100149), 1) (TestCmd( 100150), 1) (TestCmd( 100151), 1) (TestCmd( 100152), 1) (TestCmd( 100153), 1) (TestCmd( 100154), 1) (TestCmd( 100155), 1) (TestCmd( 100156), 1) (TestCmd( 100157), 1) (TestCmd( 100158), 1) (TestCmd( 100159), 1) (TestCmd( 100160), 1) 
[ 3] [Commit index strict for 3 :  55]
[ 3] [Append_entries Response for 3]
[ 3] [     Matching_Index_Strict:  54]
[ 3] [     Success: TRUE]
[ 3] [New_State: NO_CHANGES]
[ 3] [State: FOLLOWER, Term:  1] 
[ 3] [Received_message: RAFT.MESSAGES.APPEND_ENTRIES_REQUEST] 
[ 3] [AppendEntriesRequest] for 3 Checking if log contains an entry at PrevLogTerm whose index matches PrevLogIndex
[ 3] [PrevLogIndex from Message:  54]
[ 3] [PrevLogTerm from message:  1]
[ 3] [ LogUpperBound:  55]
[ 3] [Logs for 3]
[ 3] (TestCmd( 1), 1) (TestCmd( 100001), 1) (TestCmd( 600001), 1) (TestCmd( 200001), 1) (TestCmd( 300001), 1) (TestCmd( 400001), 1) (TestCmd( 100002), 1) (TestCmd( 600002), 1) (TestCmd( 300002), 1) (TestCmd( 300003), 1) (TestCmd( 300004), 1) (TestCmd( 300005), 1) (TestCmd( 300006), 1) (TestCmd( 300007), 1) (TestCmd( 300008), 1) (TestCmd( 300009), 1) (TestCmd( 300010), 1) (TestCmd( 300011), 1) (TestCmd( 300012), 1) (TestCmd( 300013), 1) (TestCmd( 300014), 1) (TestCmd( 300015), 1) (TestCmd( 100129), 1) (TestCmd( 100130), 1) (TestCmd( 100131), 1) (TestCmd( 100132), 1) (TestCmd( 100133), 1) (TestCmd( 100134), 1) (TestCmd( 100135), 1) (TestCmd( 100136), 1) (TestCmd( 100137), 1) (TestCmd( 100138), 1) (TestCmd( 100139), 1) (TestCmd( 100140), 1) (TestCmd( 100141), 1) (TestCmd( 100142), 1) (TestCmd( 100143), 1) (TestCmd( 100144), 1) (TestCmd( 100145), 1) (TestCmd( 100146), 1) (TestCmd( 100147), 1) (TestCmd( 100148), 1) (TestCmd( 100149), 1) (TestCmd( 100150), 1) (TestCmd( 100151), 1) (TestCmd( 100152), 1) (TestCmd( 100153), 1) (TestCmd( 100154), 1) (TestCmd( 100155), 1) (TestCmd( 100156), 1) (TestCmd( 100157), 1) (TestCmd( 100158), 1) (TestCmd( 100159), 1) (TestCmd( 100160), 1) 
[No entries to add for 3]
[ 3] [Logs after update for 3]
[ 3] (TestCmd( 1), 1) (TestCmd( 100001), 1) (TestCmd( 600001), 1) (TestCmd( 200001), 1) (TestCmd( 300001), 1) (TestCmd( 400001), 1) (TestCmd( 100002), 1) (TestCmd( 600002), 1) (TestCmd( 300002), 1) (TestCmd( 300003), 1) (TestCmd( 300004), 1) (TestCmd( 300005), 1) (TestCmd( 300006), 1) (TestCmd( 300007), 1) (TestCmd( 300008), 1) (TestCmd( 300009), 1) (TestCmd( 300010), 1) (TestCmd( 300011), 1) (TestCmd( 300012), 1) (TestCmd( 300013), 1) (TestCmd( 300014), 1) (TestCmd( 300015), 1) (TestCmd( 100129), 1) (TestCmd( 100130), 1) (TestCmd( 100131), 1) (TestCmd( 100132), 1) (TestCmd( 100133), 1) (TestCmd( 100134), 1) (TestCmd( 100135), 1) (TestCmd( 100136), 1) (TestCmd( 100137), 1) (TestCmd( 100138), 1) (TestCmd( 100139), 1) (TestCmd( 100140), 1) (TestCmd( 100141), 1) (TestCmd( 100142), 1) (TestCmd( 100143), 1) (TestCmd( 100144), 1) (TestCmd( 100145), 1) (TestCmd( 100146), 1) (TestCmd( 100147), 1) (TestCmd( 100148), 1) (TestCmd( 100149), 1) (TestCmd( 100150), 1) (TestCmd( 100151), 1) (TestCmd( 100152), 1) (TestCmd( 100153), 1) (TestCmd( 100154), 1) (TestCmd( 100155), 1) (TestCmd( 100156), 1) (TestCmd( 100157), 1) (TestCmd( 100158), 1) (TestCmd( 100159), 1) (TestCmd( 100160), 1) 
[ 3] [Commit index strict for 3 :  55]
[ 3] [Append_entries Response for 3]
[ 3] [     Matching_Index_Strict:  54]
[ 3] [     Success: TRUE]
[ 3] [New_State: NO_CHANGES]
[ 3] [State: FOLLOWER, Term:  1] 
[ 3] [Received_message: RAFT.MESSAGES.APPEND_ENTRIES_REQUEST] 
[ 3] [AppendEntriesRequest] for 3 Checking if log contains an entry at PrevLogTerm whose index matches PrevLogIndex
[ 3] [PrevLogIndex from Message:  54]
[ 3] [PrevLogTerm from message:  1]
[ 3] [ LogUpperBound:  55]
[ 3] [Logs for 3]
[ 3] (TestCmd( 1), 1) (TestCmd( 100001), 1) (TestCmd( 600001), 1) (TestCmd( 200001), 1) (TestCmd( 300001), 1) (TestCmd( 400001), 1) (TestCmd( 100002), 1) (TestCmd( 600002), 1) (TestCmd( 300002), 1) (TestCmd( 300003), 1) (TestCmd( 300004), 1) (TestCmd( 300005), 1) (TestCmd( 300006), 1) (TestCmd( 300007), 1) (TestCmd( 300008), 1) (TestCmd( 300009), 1) (TestCmd( 300010), 1) (TestCmd( 300011), 1) (TestCmd( 300012), 1) (TestCmd( 300013), 1) (TestCmd( 300014), 1) (TestCmd( 300015), 1) (TestCmd( 100129), 1) (TestCmd( 100130), 1) (TestCmd( 100131), 1) (TestCmd( 100132), 1) (TestCmd( 100133), 1) (TestCmd( 100134), 1) (TestCmd( 100135), 1) (TestCmd( 100136), 1) (TestCmd( 100137), 1) (TestCmd( 100138), 1) (TestCmd( 100139), 1) (TestCmd( 100140), 1) (TestCmd( 100141), 1) (TestCmd( 100142), 1) (TestCmd( 100143), 1) (TestCmd( 100144), 1) (TestCmd( 100145), 1) (TestCmd( 100146), 1) (TestCmd( 100147), 1) (TestCmd( 100148), 1) (TestCmd( 100149), 1) (TestCmd( 100150), 1) (TestCmd( 100151), 1) (TestCmd( 100152), 1) (TestCmd( 100153), 1) (TestCmd( 100154), 1) (TestCmd( 100155), 1) (TestCmd( 100156), 1) (TestCmd( 100157), 1) (TestCmd( 100158), 1) (TestCmd( 100159), 1) (TestCmd( 100160), 1) 
[No entries to add for 3]
[ 3] [Logs after update for 3]
[ 3] (TestCmd( 1), 1) (TestCmd( 100001), 1) (TestCmd( 600001), 1) (TestCmd( 200001), 1) (TestCmd( 300001), 1) (TestCmd( 400001), 1) (TestCmd( 100002), 1) (TestCmd( 600002), 1) (TestCmd( 300002), 1) (TestCmd( 300003), 1) (TestCmd( 300004), 1) (TestCmd( 300005), 1) (TestCmd( 300006), 1) (TestCmd( 300007), 1) (TestCmd( 300008), 1) (TestCmd( 300009), 1) (TestCmd( 300010), 1) (TestCmd( 300011), 1) (TestCmd( 300012), 1) (TestCmd( 300013), 1) (TestCmd( 300014), 1) (TestCmd( 300015), 1) (TestCmd( 100129), 1) (TestCmd( 100130), 1) (TestCmd( 100131), 1) (TestCmd( 100132), 1) (TestCmd( 100133), 1) (TestCmd( 100134), 1) (TestCmd( 100135), 1) (TestCmd( 100136), 1) (TestCmd( 100137), 1) (TestCmd( 100138), 1) (TestCmd( 100139), 1) (TestCmd( 100140), 1) (TestCmd( 100141), 1) (TestCmd( 100142), 1) (TestCmd( 100143), 1) (TestCmd( 100144), 1) (TestCmd( 100145), 1) (TestCmd( 100146), 1) (TestCmd( 100147), 1) (TestCmd( 100148), 1) (TestCmd( 100149), 1) (TestCmd( 100150), 1) (TestCmd( 100151), 1) (TestCmd( 100152), 1) (TestCmd( 100153), 1) (TestCmd( 100154), 1) (TestCmd( 100155), 1) (TestCmd( 100156), 1) (TestCmd( 100157), 1) (TestCmd( 100158), 1) (TestCmd( 100159), 1) (TestCmd( 100160), 1) 
[ 3] [Commit index strict for 3 :  55]
[ 3] [Append_entries Response for 3]
[ 3] [     Matching_Index_Strict:  54]
[ 3] [     Success: TRUE]
[ 3] [New_State: NO_CHANGES]
