[supervisor] 2026-07-14T15:28:11+02:00 starting node 2
starting raft server 2 using cluster.toml
epoch interval  0.050000000 s, election  30 epochs, heartbeat  4 epochs, compact_threshold  100, compact_log_retention  0
[ 2] [Switching to follower state]
[node 2 epoch= 0] logging client traffic (every  10 sends); set RAFT_NODE_VERBOSE=1 for all
[node 2 epoch= 0] client sync TCP listening on port  9302
[node 2 epoch= 0] audit monitor TCP listening on port  9402
[ 2] [State: FOLLOWER, Term:  0] 
[ 2] [Received_message: RAFT.MESSAGES.REQUEST_VOTE_REQUEST] 
[ 2] [Switching to follower state]
[ 2] [Request vote received]
[ 2] [check term  1 with  1 ]
[ 2] [same term or superior, voted_for :  0, request candidate :  1]
[ 2] [State: FOLLOWER, Term:  1] 
[ 2] [Received_message: RAFT.MESSAGES.APPEND_ENTRIES_REQUEST] 
[ 2] [AppendEntriesRequest] for 2 Checking if log contains an entry at PrevLogTerm whose index matches PrevLogIndex
[ 2] [PrevLogIndex from Message:  1]
[ 2] [PrevLogTerm from message:  0]
[ 2] [ LogUpperBound:  1]
[ 2] [Logs for 2]
[ 2] (null, 0) 
[No entries to add for 2]
[ 2] [Logs after update for 2]
[ 2] (null, 0) 
[ 2] [Commit index strict for 2 :  1]
[ 2] [Append_entries Response for 2]
[ 2] [     Matching_Index_Strict:  1]
[ 2] [     Success: TRUE]
[ 2] [New_State: NO_CHANGES]
[ 2] [State: FOLLOWER, Term:  1] 
[ 2] [Received_message: RAFT.MESSAGES.APPEND_ENTRIES_REQUEST] 
[ 2] [AppendEntriesRequest] for 2 Checking if log contains an entry at PrevLogTerm whose index matches PrevLogIndex
[ 2] [PrevLogIndex from Message:  1]
[ 2] [PrevLogTerm from message:  0]
[ 2] [ LogUpperBound:  1]
[ 2] [Logs for 2]
[ 2] (null, 0) 
[No entries to add for 2]
[ 2] [Logs after update for 2]
[ 2] (null, 0) 
[ 2] [Commit index strict for 2 :  1]
[ 2] [Append_entries Response for 2]
[ 2] [     Matching_Index_Strict:  1]
[ 2] [     Success: TRUE]
[ 2] [New_State: NO_CHANGES]
[ 2] [State: FOLLOWER, Term:  1] 
[ 2] [Received_message: RAFT.MESSAGES.APPEND_ENTRIES_REQUEST] 
[ 2] [AppendEntriesRequest] for 2 Checking if log contains an entry at PrevLogTerm whose index matches PrevLogIndex
[ 2] [PrevLogIndex from Message:  1]
[ 2] [PrevLogTerm from message:  0]
[ 2] [ LogUpperBound:  1]
[ 2] [Logs for 2]
[ 2] (null, 0) 
[No entries to add for 2]
[ 2] [Logs after update for 2]
[ 2] (null, 0) 
[ 2] [Commit index strict for 2 :  1]
[ 2] [Append_entries Response for 2]
[ 2] [     Matching_Index_Strict:  1]
[ 2] [     Success: TRUE]
[ 2] [New_State: NO_CHANGES]
[ 2] [State: FOLLOWER, Term:  1] 
[ 2] [Received_message: RAFT.MESSAGES.APPEND_ENTRIES_REQUEST] 
[ 2] [AppendEntriesRequest] for 2 Checking if log contains an entry at PrevLogTerm whose index matches PrevLogIndex
[ 2] [PrevLogIndex from Message:  1]
[ 2] [PrevLogTerm from message:  0]
[ 2] [ LogUpperBound:  1]
[ 2] [Logs for 2]
[ 2] (null, 0) 
[No entries to add for 2]
[ 2] [Logs after update for 2]
[ 2] (null, 0) 
[ 2] [Commit index strict for 2 :  1]
[ 2] [Append_entries Response for 2]
[ 2] [     Matching_Index_Strict:  1]
[ 2] [     Success: TRUE]
[ 2] [New_State: NO_CHANGES]
[ 2] [State: FOLLOWER, Term:  1] 
[ 2] [Received_message: RAFT.MESSAGES.APPEND_ENTRIES_REQUEST] 
[ 2] [AppendEntriesRequest] for 2 Checking if log contains an entry at PrevLogTerm whose index matches PrevLogIndex
[ 2] [PrevLogIndex from Message:  1]
[ 2] [PrevLogTerm from message:  0]
[ 2] [ LogUpperBound:  1]
[ 2] [Logs for 2]
[ 2] (null, 0) 
[No entries to add for 2]
[ 2] [Logs after update for 2]
[ 2] (null, 0) 
[ 2] [Commit index strict for 2 :  1]
[ 2] [Append_entries Response for 2]
[ 2] [     Matching_Index_Strict:  1]
[ 2] [     Success: TRUE]
[ 2] [New_State: NO_CHANGES]
[ 2] [State: FOLLOWER, Term:  1] 
[ 2] [Received_message: RAFT.MESSAGES.APPEND_ENTRIES_REQUEST] 
[ 2] [AppendEntriesRequest] for 2 Checking if log contains an entry at PrevLogTerm whose index matches PrevLogIndex
[ 2] [PrevLogIndex from Message:  1]
[ 2] [PrevLogTerm from message:  0]
[ 2] [ LogUpperBound:  1]
[ 2] [Logs for 2]
[ 2] (null, 0) 
[No entries to add for 2]
[ 2] [Logs after update for 2]
[ 2] (null, 0) 
[ 2] [Commit index strict for 2 :  1]
[ 2] [Append_entries Response for 2]
[ 2] [     Matching_Index_Strict:  1]
[ 2] [     Success: TRUE]
[ 2] [New_State: NO_CHANGES]
[ 2] [State: FOLLOWER, Term:  1] 
[ 2] [Received_message: RAFT.MESSAGES.APPEND_ENTRIES_REQUEST] 
[ 2] [AppendEntriesRequest] for 2 Checking if log contains an entry at PrevLogTerm whose index matches PrevLogIndex
[ 2] [PrevLogIndex from Message:  1]
[ 2] [PrevLogTerm from message:  0]
[ 2] [ LogUpperBound:  1]
[ 2] [Logs for 2]
[ 2] (null, 0) 
[No entries to add for 2]
[ 2] [Logs after update for 2]
[ 2] (null, 0) 
[ 2] [Commit index strict for 2 :  1]
[ 2] [Append_entries Response for 2]
[ 2] [     Matching_Index_Strict:  1]
[ 2] [     Success: TRUE]
[ 2] [New_State: NO_CHANGES]
[ 2] [State: FOLLOWER, Term:  1] 
[ 2] [Received_message: RAFT.MESSAGES.APPEND_ENTRIES_REQUEST] 
[ 2] [AppendEntriesRequest] for 2 Checking if log contains an entry at PrevLogTerm whose index matches PrevLogIndex
[ 2] [PrevLogIndex from Message:  1]
[ 2] [PrevLogTerm from message:  0]
[ 2] [ LogUpperBound:  1]
[ 2] [Logs for 2]
[ 2] (null, 0) 
[No entries to add for 2]
[ 2] [Logs after update for 2]
[ 2] (null, 0) 
[ 2] [Commit index strict for 2 :  1]
[ 2] [Append_entries Response for 2]
[ 2] [     Matching_Index_Strict:  1]
[ 2] [     Success: TRUE]
[ 2] [New_State: NO_CHANGES]
[ 2] [State: FOLLOWER, Term:  1] 
[ 2] [Received_message: RAFT.MESSAGES.APPEND_ENTRIES_REQUEST] 
[ 2] [AppendEntriesRequest] for 2 Checking if log contains an entry at PrevLogTerm whose index matches PrevLogIndex
[ 2] [PrevLogIndex from Message:  1]
[ 2] [PrevLogTerm from message:  0]
[ 2] [ LogUpperBound:  1]
[ 2] [Logs for 2]
[ 2] (null, 0) 
[No entries to add for 2]
[ 2] [Logs after update for 2]
[ 2] (null, 0) 
[ 2] [Commit index strict for 2 :  1]
[ 2] [Append_entries Response for 2]
[ 2] [     Matching_Index_Strict:  1]
[ 2] [     Success: TRUE]
[ 2] [New_State: NO_CHANGES]
[ 2] [State: FOLLOWER, Term:  1] 
[ 2] [Received_message: RAFT.MESSAGES.APPEND_ENTRIES_REQUEST] 
[ 2] [AppendEntriesRequest] for 2 Checking if log contains an entry at PrevLogTerm whose index matches PrevLogIndex
[ 2] [PrevLogIndex from Message:  1]
[ 2] [PrevLogTerm from message:  0]
[ 2] [ LogUpperBound:  1]
[ 2] [Logs for 2]
[ 2] (null, 0) 
[No entries to add for 2]
[ 2] [Logs after update for 2]
[ 2] (null, 0) 
[ 2] [Commit index strict for 2 :  1]
[ 2] [Append_entries Response for 2]
[ 2] [     Matching_Index_Strict:  1]
[ 2] [     Success: TRUE]
[ 2] [New_State: NO_CHANGES]
[ 2] [State: FOLLOWER, Term:  1] 
[ 2] [Received_message: RAFT.MESSAGES.APPEND_ENTRIES_REQUEST] 
[ 2] [AppendEntriesRequest] for 2 Checking if log contains an entry at PrevLogTerm whose index matches PrevLogIndex
[ 2] [PrevLogIndex from Message:  1]
[ 2] [PrevLogTerm from message:  0]
[ 2] [ LogUpperBound:  1]
[ 2] [Logs for 2]
[ 2] (null, 0) 
[No entries to add for 2]
[ 2] [Logs after update for 2]
[ 2] (null, 0) 
[ 2] [Commit index strict for 2 :  1]
[ 2] [Append_entries Response for 2]
[ 2] [     Matching_Index_Strict:  1]
[ 2] [     Success: TRUE]
[ 2] [New_State: NO_CHANGES]
[ 2] [State: FOLLOWER, Term:  1] 
[ 2] [Received_message: RAFT.MESSAGES.APPEND_ENTRIES_REQUEST] 
[ 2] [AppendEntriesRequest] for 2 Checking if log contains an entry at PrevLogTerm whose index matches PrevLogIndex
[ 2] [PrevLogIndex from Message:  1]
[ 2] [PrevLogTerm from message:  0]
[ 2] [ LogUpperBound:  1]
[ 2] [Logs for 2]
[ 2] (null, 0) 
[ 2] [Adding entries from  1 to  2 ]
[ 2] [Updated entry  1 with  1 on 2]
[ 2] [Updated entry  2 with  1 on 2]
[ 2] [Logs after update for 2]
[ 2] (TestCmd( 1), 1) (TestCmd( 100001), 1) 
[ 2] [Updated commit to  2 ]
[ 2] [Commit index strict for 2 :  2]
[ 2] [Append_entries Response for 2]
[ 2] [     Matching_Index_Strict:  2]
[ 2] [     Success: TRUE]
[ 2] [New_State: NO_CHANGES]
[node 2 epoch= 90] <- client A register
[ 2] [State: FOLLOWER, Term:  1] 
[ 2] [Received_message: RAFT.MESSAGES.REQUEST_REGISTER_CLIENT] 
[ 2] [New_State: NO_CHANGES]
[ 2] [State: FOLLOWER, Term:  1] 
[ 2] [Received_message: RAFT.MESSAGES.APPEND_ENTRIES_REQUEST] 
[ 2] [AppendEntriesRequest] for 2 Checking if log contains an entry at PrevLogTerm whose index matches PrevLogIndex
[ 2] [PrevLogIndex from Message:  2]
[ 2] [PrevLogTerm from message:  1]
[ 2] [ LogUpperBound:  3]
[ 2] [Logs for 2]
[ 2] (TestCmd( 1), 1) (TestCmd( 100001), 1) 
[ 2] [Adding entries from  1 to  1 ]
[ 2] [Updated entry  3 with  1 on 2]
[ 2] [Logs after update for 2]
[ 2] (TestCmd( 1), 1) (TestCmd( 100001), 1) (TestCmd( 600001), 1) 
[ 2] [Updated commit to  3 ]
[ 2] [Commit index strict for 2 :  3]
[ 2] [Append_entries Response for 2]
[ 2] [     Matching_Index_Strict:  3]
[ 2] [     Success: TRUE]
[ 2] [New_State: NO_CHANGES]
[node 2 epoch= 90] <- client F register
[ 2] [State: FOLLOWER, Term:  1] 
[ 2] [Received_message: RAFT.MESSAGES.REQUEST_REGISTER_CLIENT] 
[ 2] [New_State: NO_CHANGES]
[ 2] [State: FOLLOWER, Term:  1] 
[ 2] [Received_message: RAFT.MESSAGES.APPEND_ENTRIES_REQUEST] 
[ 2] [AppendEntriesRequest] for 2 Checking if log contains an entry at PrevLogTerm whose index matches PrevLogIndex
[ 2] [PrevLogIndex from Message:  3]
[ 2] [PrevLogTerm from message:  1]
[ 2] [ LogUpperBound:  4]
[ 2] [Logs for 2]
[ 2] (TestCmd( 1), 1) (TestCmd( 100001), 1) (TestCmd( 600001), 1) 
[ 2] [Adding entries from  1 to  1 ]
[ 2] [Updated entry  4 with  1 on 2]
[ 2] [Logs after update for 2]
[ 2] (TestCmd( 1), 1) (TestCmd( 100001), 1) (TestCmd( 600001), 1) (TestCmd( 200001), 1) 
[ 2] [Updated commit to  4 ]
[ 2] [Commit index strict for 2 :  4]
[ 2] [Append_entries Response for 2]
[ 2] [     Matching_Index_Strict:  4]
[ 2] [     Success: TRUE]
[ 2] [New_State: NO_CHANGES]
[node 2 epoch= 90] <- client F register
[ 2] [State: FOLLOWER, Term:  1] 
[ 2] [Received_message: RAFT.MESSAGES.REQUEST_REGISTER_CLIENT] 
[ 2] [New_State: NO_CHANGES]
[ 2] [State: FOLLOWER, Term:  1] 
[ 2] [Received_message: RAFT.MESSAGES.APPEND_ENTRIES_REQUEST] 
[ 2] [AppendEntriesRequest] for 2 Checking if log contains an entry at PrevLogTerm whose index matches PrevLogIndex
[ 2] [PrevLogIndex from Message:  4]
[ 2] [PrevLogTerm from message:  1]
[ 2] [ LogUpperBound:  5]
[ 2] [Logs for 2]
[ 2] (TestCmd( 1), 1) (TestCmd( 100001), 1) (TestCmd( 600001), 1) (TestCmd( 200001), 1) 
[ 2] [Adding entries from  1 to  1 ]
[ 2] [Updated entry  5 with  1 on 2]
[ 2] [Logs after update for 2]
[ 2] (TestCmd( 1), 1) (TestCmd( 100001), 1) (TestCmd( 600001), 1) (TestCmd( 200001), 1) (TestCmd( 300001), 1) 
[ 2] [Updated commit to  5 ]
[ 2] [Commit index strict for 2 :  5]
[ 2] [Append_entries Response for 2]
[ 2] [     Matching_Index_Strict:  5]
[ 2] [     Success: TRUE]
[ 2] [New_State: NO_CHANGES]
[node 2 epoch= 91] <- client F register
[ 2] [State: FOLLOWER, Term:  1] 
[ 2] [Received_message: RAFT.MESSAGES.REQUEST_REGISTER_CLIENT] 
[ 2] [New_State: NO_CHANGES]
[node 2 epoch= 91] <- client F register
[ 2] [State: FOLLOWER, Term:  1] 
[ 2] [Received_message: RAFT.MESSAGES.REQUEST_REGISTER_CLIENT] 
[ 2] [New_State: NO_CHANGES]
[node 2 epoch= 91] <- client F register
[ 2] [State: FOLLOWER, Term:  1] 
[ 2] [Received_message: RAFT.MESSAGES.REQUEST_REGISTER_CLIENT] 
[ 2] [New_State: NO_CHANGES]
[ 2] [State: FOLLOWER, Term:  1] 
[ 2] [Received_message: RAFT.MESSAGES.APPEND_ENTRIES_REQUEST] 
[ 2] [AppendEntriesRequest] for 2 Checking if log contains an entry at PrevLogTerm whose index matches PrevLogIndex
[ 2] [PrevLogIndex from Message:  5]
[ 2] [PrevLogTerm from message:  1]
[ 2] [ LogUpperBound:  6]
[ 2] [Logs for 2]
[ 2] (TestCmd( 1), 1) (TestCmd( 100001), 1) (TestCmd( 600001), 1) (TestCmd( 200001), 1) (TestCmd( 300001), 1) 
[ 2] [Adding entries from  1 to  2 ]
[ 2] [Updated entry  6 with  1 on 2]
[ 2] [Updated entry  7 with  1 on 2]
[ 2] [Logs after update for 2]
[ 2] (TestCmd( 1), 1) (TestCmd( 100001), 1) (TestCmd( 600001), 1) (TestCmd( 200001), 1) (TestCmd( 300001), 1) (TestCmd( 400001), 1) (TestCmd( 100002), 1) 
[ 2] [Updated commit to  7 ]
[ 2] [Commit index strict for 2 :  7]
[ 2] [Append_entries Response for 2]
[ 2] [     Matching_Index_Strict:  7]
[ 2] [     Success: TRUE]
[ 2] [New_State: NO_CHANGES]
[node 2 epoch= 91] <- client C register
[ 2] [State: FOLLOWER, Term:  1] 
[ 2] [Received_message: RAFT.MESSAGES.REQUEST_REGISTER_CLIENT] 
[ 2] [New_State: NO_CHANGES]
TCP network: ignored invalid queued connection
[ 2] [State: FOLLOWER, Term:  1] 
[ 2] [Received_message: RAFT.MESSAGES.APPEND_ENTRIES_REQUEST] 
[ 2] [AppendEntriesRequest] for 2 Checking if log contains an entry at PrevLogTerm whose index matches PrevLogIndex
[ 2] [PrevLogIndex from Message:  7]
[ 2] [PrevLogTerm from message:  1]
[ 2] [ LogUpperBound:  8]
[ 2] [Logs for 2]
[ 2] (TestCmd( 1), 1) (TestCmd( 100001), 1) (TestCmd( 600001), 1) (TestCmd( 200001), 1) (TestCmd( 300001), 1) (TestCmd( 400001), 1) (TestCmd( 100002), 1) 
[ 2] [Adding entries from  1 to  1 ]
[ 2] [Updated entry  8 with  1 on 2]
[ 2] [Logs after update for 2]
[ 2] (TestCmd( 1), 1) (TestCmd( 100001), 1) (TestCmd( 600001), 1) (TestCmd( 200001), 1) (TestCmd( 300001), 1) (TestCmd( 400001), 1) (TestCmd( 100002), 1) (TestCmd( 600002), 1) 
[ 2] [Updated commit to  8 ]
[ 2] [Commit index strict for 2 :  8]
[ 2] [Append_entries Response for 2]
[ 2] [     Matching_Index_Strict:  8]
[ 2] [     Success: TRUE]
[ 2] [New_State: NO_CHANGES]
[node 2 epoch= 91] <- client C register
[ 2] [State: FOLLOWER, Term:  1] 
[ 2] [Received_message: RAFT.MESSAGES.REQUEST_REGISTER_CLIENT] 
[ 2] [New_State: NO_CHANGES]
[node 2 epoch= 91] <- client B register
[ 2] [State: FOLLOWER, Term:  1] 
[ 2] [Received_message: RAFT.MESSAGES.REQUEST_REGISTER_CLIENT] 
[ 2] [New_State: NO_CHANGES]
[ 2] [State: FOLLOWER, Term:  1] 
[ 2] [Received_message: RAFT.MESSAGES.APPEND_ENTRIES_REQUEST] 
[ 2] [AppendEntriesRequest] for 2 Checking if log contains an entry at PrevLogTerm whose index matches PrevLogIndex
[ 2] [PrevLogIndex from Message:  8]
[ 2] [PrevLogTerm from message:  1]
[ 2] [ LogUpperBound:  9]
[ 2] [Logs for 2]
[ 2] (TestCmd( 1), 1) (TestCmd( 100001), 1) (TestCmd( 600001), 1) (TestCmd( 200001), 1) (TestCmd( 300001), 1) (TestCmd( 400001), 1) (TestCmd( 100002), 1) (TestCmd( 600002), 1) 
[ 2] [Adding entries from  1 to  1 ]
[ 2] [Updated entry  9 with  1 on 2]
[ 2] [Logs after update for 2]
[ 2] (TestCmd( 1), 1) (TestCmd( 100001), 1) (TestCmd( 600001), 1) (TestCmd( 200001), 1) (TestCmd( 300001), 1) (TestCmd( 400001), 1) (TestCmd( 100002), 1) (TestCmd( 600002), 1) (TestCmd( 300002), 1) 
[ 2] [Updated commit to  9 ]
[ 2] [Commit index strict for 2 :  9]
[ 2] [Append_entries Response for 2]
[ 2] [     Matching_Index_Strict:  9]
[ 2] [     Success: TRUE]
[ 2] [New_State: NO_CHANGES]
[node 2 epoch= 91] <- client H register
[ 2] [State: FOLLOWER, Term:  1] 
[ 2] [Received_message: RAFT.MESSAGES.REQUEST_REGISTER_CLIENT] 
[ 2] [New_State: NO_CHANGES]
[node 2 epoch= 91] <- client H register
[ 2] [State: FOLLOWER, Term:  1] 
[ 2] [Received_message: RAFT.MESSAGES.REQUEST_REGISTER_CLIENT] 
[ 2] [New_State: NO_CHANGES]
[ 2] [State: FOLLOWER, Term:  1] 
[ 2] [Received_message: RAFT.MESSAGES.APPEND_ENTRIES_REQUEST] 
[ 2] [AppendEntriesRequest] for 2 Checking if log contains an entry at PrevLogTerm whose index matches PrevLogIndex
[ 2] [PrevLogIndex from Message:  9]
[ 2] [PrevLogTerm from message:  1]
[ 2] [ LogUpperBound:  10]
[ 2] [Logs for 2]
[ 2] (TestCmd( 1), 1) (TestCmd( 100001), 1) (TestCmd( 600001), 1) (TestCmd( 200001), 1) (TestCmd( 300001), 1) (TestCmd( 400001), 1) (TestCmd( 100002), 1) (TestCmd( 600002), 1) (TestCmd( 300002), 1) 
[ 2] [Adding entries from  1 to  1 ]
[ 2] [Updated entry  10 with  1 on 2]
[ 2] [Logs after update for 2]
[ 2] (TestCmd( 1), 1) (TestCmd( 100001), 1) (TestCmd( 600001), 1) (TestCmd( 200001), 1) (TestCmd( 300001), 1) (TestCmd( 400001), 1) (TestCmd( 100002), 1) (TestCmd( 600002), 1) (TestCmd( 300002), 1) (TestCmd( 300003), 1) 
[ 2] [Updated commit to  10 ]
[ 2] [Commit index strict for 2 :  10]
[ 2] [Append_entries Response for 2]
[ 2] [     Matching_Index_Strict:  10]
[ 2] [     Success: TRUE]
[ 2] [New_State: NO_CHANGES]
[node 2 epoch= 91] <- client F register
[ 2] [State: FOLLOWER, Term:  1] 
[ 2] [Received_message: RAFT.MESSAGES.REQUEST_REGISTER_CLIENT] 
[ 2] [New_State: NO_CHANGES]
[node 2 epoch= 91] <- client B register
[ 2] [State: FOLLOWER, Term:  1] 
[ 2] [Received_message: RAFT.MESSAGES.REQUEST_REGISTER_CLIENT] 
[ 2] [New_State: NO_CHANGES]
[ 2] [State: FOLLOWER, Term:  1] 
[ 2] [Received_message: RAFT.MESSAGES.APPEND_ENTRIES_REQUEST] 
[ 2] [AppendEntriesRequest] for 2 Checking if log contains an entry at PrevLogTerm whose index matches PrevLogIndex
[ 2] [PrevLogIndex from Message:  10]
[ 2] [PrevLogTerm from message:  1]
[ 2] [ LogUpperBound:  11]
[ 2] [Logs for 2]
[ 2] (TestCmd( 1), 1) (TestCmd( 100001), 1) (TestCmd( 600001), 1) (TestCmd( 200001), 1) (TestCmd( 300001), 1) (TestCmd( 400001), 1) (TestCmd( 100002), 1) (TestCmd( 600002), 1) (TestCmd( 300002), 1) (TestCmd( 300003), 1) 
[ 2] [Adding entries from  1 to  1 ]
[ 2] [Updated entry  11 with  1 on 2]
[ 2] [Logs after update for 2]
[ 2] (TestCmd( 1), 1) (TestCmd( 100001), 1) (TestCmd( 600001), 1) (TestCmd( 200001), 1) (TestCmd( 300001), 1) (TestCmd( 400001), 1) (TestCmd( 100002), 1) (TestCmd( 600002), 1) (TestCmd( 300002), 1) (TestCmd( 300003), 1) (TestCmd( 300004), 1) 
[ 2] [Updated commit to  11 ]
[ 2] [Commit index strict for 2 :  11]
[ 2] [Append_entries Response for 2]
[ 2] [     Matching_Index_Strict:  11]
[ 2] [     Success: TRUE]
[ 2] [New_State: NO_CHANGES]
[node 2 epoch= 91] <- client A register
[ 2] [State: FOLLOWER, Term:  1] 
[ 2] [Received_message: RAFT.MESSAGES.REQUEST_REGISTER_CLIENT] 
[ 2] [New_State: NO_CHANGES]
[node 2 epoch= 91] <- client A register
[ 2] [State: FOLLOWER, Term:  1] 
[ 2] [Received_message: RAFT.MESSAGES.REQUEST_REGISTER_CLIENT] 
[ 2] [New_State: NO_CHANGES]
[ 2] [State: FOLLOWER, Term:  1] 
[ 2] [Received_message: RAFT.MESSAGES.APPEND_ENTRIES_REQUEST] 
[ 2] [AppendEntriesRequest] for 2 Checking if log contains an entry at PrevLogTerm whose index matches PrevLogIndex
[ 2] [PrevLogIndex from Message:  11]
[ 2] [PrevLogTerm from message:  1]
[ 2] [ LogUpperBound:  12]
[ 2] [Logs for 2]
[ 2] (TestCmd( 1), 1) (TestCmd( 100001), 1) (TestCmd( 600001), 1) (TestCmd( 200001), 1) (TestCmd( 300001), 1) (TestCmd( 400001), 1) (TestCmd( 100002), 1) (TestCmd( 600002), 1) (TestCmd( 300002), 1) (TestCmd( 300003), 1) (TestCmd( 300004), 1) 
[ 2] [Adding entries from  1 to  1 ]
[ 2] [Updated entry  12 with  1 on 2]
[ 2] [Logs after update for 2]
[ 2] (TestCmd( 1), 1) (TestCmd( 100001), 1) (TestCmd( 600001), 1) (TestCmd( 200001), 1) (TestCmd( 300001), 1) (TestCmd( 400001), 1) (TestCmd( 100002), 1) (TestCmd( 600002), 1) (TestCmd( 300002), 1) (TestCmd( 300003), 1) (TestCmd( 300004), 1) (TestCmd( 300005), 1) 
[ 2] [Updated commit to  12 ]
[ 2] [Commit index strict for 2 :  12]
[ 2] [Append_entries Response for 2]
[ 2] [     Matching_Index_Strict:  12]
[ 2] [     Success: TRUE]
[ 2] [New_State: NO_CHANGES]
[node 2 epoch= 91] <- client E register
[ 2] [State: FOLLOWER, Term:  1] 
[ 2] [Received_message: RAFT.MESSAGES.REQUEST_REGISTER_CLIENT] 
[ 2] [New_State: NO_CHANGES]
[ 2] [State: FOLLOWER, Term:  1] 
[ 2] [Received_message: RAFT.MESSAGES.APPEND_ENTRIES_REQUEST] 
[ 2] [AppendEntriesRequest] for 2 Checking if log contains an entry at PrevLogTerm whose index matches PrevLogIndex
[ 2] [PrevLogIndex from Message:  12]
[ 2] [PrevLogTerm from message:  1]
[ 2] [ LogUpperBound:  13]
[ 2] [Logs for 2]
[ 2] (TestCmd( 1), 1) (TestCmd( 100001), 1) (TestCmd( 600001), 1) (TestCmd( 200001), 1) (TestCmd( 300001), 1) (TestCmd( 400001), 1) (TestCmd( 100002), 1) (TestCmd( 600002), 1) (TestCmd( 300002), 1) (TestCmd( 300003), 1) (TestCmd( 300004), 1) (TestCmd( 300005), 1) 
[ 2] [Adding entries from  1 to  1 ]
[ 2] [Updated entry  13 with  1 on 2]
[ 2] [Logs after update for 2]
[ 2] (TestCmd( 1), 1) (TestCmd( 100001), 1) (TestCmd( 600001), 1) (TestCmd( 200001), 1) (TestCmd( 300001), 1) (TestCmd( 400001), 1) (TestCmd( 100002), 1) (TestCmd( 600002), 1) (TestCmd( 300002), 1) (TestCmd( 300003), 1) (TestCmd( 300004), 1) (TestCmd( 300005), 1) (TestCmd( 300006), 1) 
[ 2] [Updated commit to  13 ]
[ 2] [Commit index strict for 2 :  13]
[ 2] [Append_entries Response for 2]
[ 2] [     Matching_Index_Strict:  13]
[ 2] [     Success: TRUE]
[ 2] [New_State: NO_CHANGES]
[node 2 epoch= 91] <- client H register
[ 2] [State: FOLLOWER, Term:  1] 
[ 2] [Received_message: RAFT.MESSAGES.REQUEST_REGISTER_CLIENT] 
[ 2] [New_State: NO_CHANGES]
TCP network: ignored invalid queued connection
[node 2 epoch= 91] <- client D register
[ 2] [State: FOLLOWER, Term:  1] 
[ 2] [Received_message: RAFT.MESSAGES.REQUEST_REGISTER_CLIENT] 
[ 2] [New_State: NO_CHANGES]
[node 2 epoch= 91] <- client G register
[ 2] [State: FOLLOWER, Term:  1] 
[ 2] [Received_message: RAFT.MESSAGES.REQUEST_REGISTER_CLIENT] 
[ 2] [New_State: NO_CHANGES]
[node 2 epoch= 91] <- client C register
[ 2] [State: FOLLOWER, Term:  1] 
[ 2] [Received_message: RAFT.MESSAGES.REQUEST_REGISTER_CLIENT] 
[ 2] [New_State: NO_CHANGES]
[ 2] [State: FOLLOWER, Term:  1] 
[ 2] [Received_message: RAFT.MESSAGES.APPEND_ENTRIES_REQUEST] 
[ 2] [AppendEntriesRequest] for 2 Checking if log contains an entry at PrevLogTerm whose index matches PrevLogIndex
[ 2] [PrevLogIndex from Message:  13]
[ 2] [PrevLogTerm from message:  1]
[ 2] [ LogUpperBound:  14]
[ 2] [Logs for 2]
[ 2] (TestCmd( 1), 1) (TestCmd( 100001), 1) (TestCmd( 600001), 1) (TestCmd( 200001), 1) (TestCmd( 300001), 1) (TestCmd( 400001), 1) (TestCmd( 100002), 1) (TestCmd( 600002), 1) (TestCmd( 300002), 1) (TestCmd( 300003), 1) (TestCmd( 300004), 1) (TestCmd( 300005), 1) (TestCmd( 300006), 1) 
[ 2] [Adding entries from  1 to  1 ]
[ 2] [Updated entry  14 with  1 on 2]
[ 2] [Logs after update for 2]
[ 2] (TestCmd( 1), 1) (TestCmd( 100001), 1) (TestCmd( 600001), 1) (TestCmd( 200001), 1) (TestCmd( 300001), 1) (TestCmd( 400001), 1) (TestCmd( 100002), 1) (TestCmd( 600002), 1) (TestCmd( 300002), 1) (TestCmd( 300003), 1) (TestCmd( 300004), 1) (TestCmd( 300005), 1) (TestCmd( 300006), 1) (TestCmd( 300007), 1) 
[ 2] [Updated commit to  14 ]
[ 2] [Commit index strict for 2 :  14]
[ 2] [Append_entries Response for 2]
[ 2] [     Matching_Index_Strict:  14]
[ 2] [     Success: TRUE]
[ 2] [New_State: NO_CHANGES]
[node 2 epoch= 91] <- client H register
[ 2] [State: FOLLOWER, Term:  1] 
[ 2] [Received_message: RAFT.MESSAGES.REQUEST_REGISTER_CLIENT] 
[ 2] [New_State: NO_CHANGES]
[node 2 epoch= 91] <- client D register
[ 2] [State: FOLLOWER, Term:  1] 
[ 2] [Received_message: RAFT.MESSAGES.REQUEST_REGISTER_CLIENT] 
TCP network: ignored invalid queued connection
[ 2] [New_State: NO_CHANGES]
[node 2 epoch= 91] <- client G register
[ 2] [State: FOLLOWER, Term:  1] 
[ 2] [Received_message: RAFT.MESSAGES.REQUEST_REGISTER_CLIENT] 
[ 2] [New_State: NO_CHANGES]
[node 2 epoch= 91] <- client F register
[ 2] [State: FOLLOWER, Term:  1] 
[ 2] [Received_message: RAFT.MESSAGES.REQUEST_REGISTER_CLIENT] 
[ 2] [New_State: NO_CHANGES]
[node 2 epoch= 91] <- client C register
[ 2] [State: FOLLOWER, Term:  1] 
[ 2] [Received_message: RAFT.MESSAGES.REQUEST_REGISTER_CLIENT] 
[ 2] [New_State: NO_CHANGES]
[node 2 epoch= 92] <- client F register
[ 2] [State: FOLLOWER, Term:  1] 
[ 2] [Received_message: RAFT.MESSAGES.REQUEST_REGISTER_CLIENT] 
[ 2] [New_State: NO_CHANGES]
[ 2] [State: FOLLOWER, Term:  1] 
[ 2] [Received_message: RAFT.MESSAGES.APPEND_ENTRIES_REQUEST] 
[ 2] [AppendEntriesRequest] for 2 Checking if log contains an entry at PrevLogTerm whose index matches PrevLogIndex
[ 2] [PrevLogIndex from Message:  14]
[ 2] [PrevLogTerm from message:  1]
[ 2] [ LogUpperBound:  15]
[ 2] [Logs for 2]
[ 2] (TestCmd( 1), 1) (TestCmd( 100001), 1) (TestCmd( 600001), 1) (TestCmd( 200001), 1) (TestCmd( 300001), 1) (TestCmd( 400001), 1) (TestCmd( 100002), 1) (TestCmd( 600002), 1) (TestCmd( 300002), 1) (TestCmd( 300003), 1) (TestCmd( 300004), 1) (TestCmd( 300005), 1) (TestCmd( 300006), 1) (TestCmd( 300007), 1) 
[ 2] [Adding entries from  1 to  1 ]
[ 2] [Updated entry  15 with  1 on 2]
[ 2] [Logs after update for 2]
[ 2] (TestCmd( 1), 1) (TestCmd( 100001), 1) (TestCmd( 600001), 1) (TestCmd( 200001), 1) (TestCmd( 300001), 1) (TestCmd( 400001), 1) (TestCmd( 100002), 1) (TestCmd( 600002), 1) (TestCmd( 300002), 1) (TestCmd( 300003), 1) (TestCmd( 300004), 1) (TestCmd( 300005), 1) (TestCmd( 300006), 1) (TestCmd( 300007), 1) (TestCmd( 300008), 1) 
[ 2] [Updated commit to  15 ]
[ 2] [Commit index strict for 2 :  15]
[ 2] [Append_entries Response for 2]
[ 2] [     Matching_Index_Strict:  15]
[ 2] [     Success: TRUE]
[ 2] [New_State: NO_CHANGES]
[node 2 epoch= 92] <- client G register
[ 2] [State: FOLLOWER, Term:  1] 
[ 2] [Received_message: RAFT.MESSAGES.REQUEST_REGISTER_CLIENT] 
[ 2] [New_State: NO_CHANGES]
[node 2 epoch= 92] <- client C register
[ 2] [State: FOLLOWER, Term:  1] 
[ 2] [Received_message: RAFT.MESSAGES.REQUEST_REGISTER_CLIENT] 
[ 2] [New_State: NO_CHANGES]
[ 2] [State: FOLLOWER, Term:  1] 
[ 2] [Received_message: RAFT.MESSAGES.APPEND_ENTRIES_REQUEST] 
[ 2] [AppendEntriesRequest] for 2 Checking if log contains an entry at PrevLogTerm whose index matches PrevLogIndex
[ 2] [PrevLogIndex from Message:  15]
[ 2] [PrevLogTerm from message:  1]
[ 2] [ LogUpperBound:  16]
[ 2] [Logs for 2]
[ 2] (TestCmd( 1), 1) (TestCmd( 100001), 1) (TestCmd( 600001), 1) (TestCmd( 200001), 1) (TestCmd( 300001), 1) (TestCmd( 400001), 1) (TestCmd( 100002), 1) (TestCmd( 600002), 1) (TestCmd( 300002), 1) (TestCmd( 300003), 1) (TestCmd( 300004), 1) (TestCmd( 300005), 1) (TestCmd( 300006), 1) (TestCmd( 300007), 1) (TestCmd( 300008), 1) 
[ 2] [Adding entries from  1 to  1 ]
[ 2] [Updated entry  16 with  1 on 2]
[ 2] [Logs after update for 2]
[ 2] (TestCmd( 1), 1) (TestCmd( 100001), 1) (TestCmd( 600001), 1) (TestCmd( 200001), 1) (TestCmd( 300001), 1) (TestCmd( 400001), 1) (TestCmd( 100002), 1) (TestCmd( 600002), 1) (TestCmd( 300002), 1) (TestCmd( 300003), 1) (TestCmd( 300004), 1) (TestCmd( 300005), 1) (TestCmd( 300006), 1) (TestCmd( 300007), 1) (TestCmd( 300008), 1) (TestCmd( 300009), 1) 
[ 2] [Updated commit to  16 ]
[ 2] [Commit index strict for 2 :  16]
[ 2] [Append_entries Response for 2]
[ 2] [     Matching_Index_Strict:  16]
[ 2] [     Success: TRUE]
[ 2] [New_State: NO_CHANGES]
[node 2 epoch= 92] <- client B register
[ 2] [State: FOLLOWER, Term:  1] 
[ 2] [Received_message: RAFT.MESSAGES.REQUEST_REGISTER_CLIENT] 
[ 2] [New_State: NO_CHANGES]
[ 2] [State: FOLLOWER, Term:  1] 
[ 2] [Received_message: RAFT.MESSAGES.APPEND_ENTRIES_REQUEST] 
[ 2] [AppendEntriesRequest] for 2 Checking if log contains an entry at PrevLogTerm whose index matches PrevLogIndex
[ 2] [PrevLogIndex from Message:  16]
[ 2] [PrevLogTerm from message:  1]
[ 2] [ LogUpperBound:  17]
[ 2] [Logs for 2]
[ 2] (TestCmd( 1), 1) (TestCmd( 100001), 1) (TestCmd( 600001), 1) (TestCmd( 200001), 1) (TestCmd( 300001), 1) (TestCmd( 400001), 1) (TestCmd( 100002), 1) (TestCmd( 600002), 1) (TestCmd( 300002), 1) (TestCmd( 300003), 1) (TestCmd( 300004), 1) (TestCmd( 300005), 1) (TestCmd( 300006), 1) (TestCmd( 300007), 1) (TestCmd( 300008), 1) (TestCmd( 300009), 1) 
[ 2] [Adding entries from  1 to  2 ]
[ 2] [Updated entry  17 with  1 on 2]
[ 2] [Updated entry  18 with  1 on 2]
[ 2] [Logs after update for 2]
[ 2] (TestCmd( 1), 1) (TestCmd( 100001), 1) (TestCmd( 600001), 1) (TestCmd( 200001), 1) (TestCmd( 300001), 1) (TestCmd( 400001), 1) (TestCmd( 100002), 1) (TestCmd( 600002), 1) (TestCmd( 300002), 1) (TestCmd( 300003), 1) (TestCmd( 300004), 1) (TestCmd( 300005), 1) (TestCmd( 300006), 1) (TestCmd( 300007), 1) (TestCmd( 300008), 1) (TestCmd( 300009), 1) (TestCmd( 300010), 1) (TestCmd( 300011), 1) 
[ 2] [Updated commit to  18 ]
[ 2] [Commit index strict for 2 :  18]
[ 2] [Append_entries Response for 2]
[ 2] [     Matching_Index_Strict:  18]
[ 2] [     Success: TRUE]
TCP network: ignored invalid queued connection
[ 2] [New_State: NO_CHANGES]
[node 2 epoch= 92] <- client H register
[ 2] [State: FOLLOWER, Term:  1] 
[ 2] [Received_message: RAFT.MESSAGES.REQUEST_REGISTER_CLIENT] 
[ 2] [New_State: NO_CHANGES]
[node 2 epoch= 92] <- client H register
[ 2] [State: FOLLOWER, Term:  1] 
[ 2] [Received_message: RAFT.MESSAGES.REQUEST_REGISTER_CLIENT] 
[ 2] [New_State: NO_CHANGES]
[node 2 epoch= 92] <- client H register
[ 2] [State: FOLLOWER, Term:  1] 
[ 2] [Received_message: RAFT.MESSAGES.REQUEST_REGISTER_CLIENT] 
[ 2] [New_State: NO_CHANGES]
[ 2] [State: FOLLOWER, Term:  1] 
[ 2] [Received_message: RAFT.MESSAGES.APPEND_ENTRIES_REQUEST] 
[ 2] [AppendEntriesRequest] for 2 Checking if log contains an entry at PrevLogTerm whose index matches PrevLogIndex
[ 2] [PrevLogIndex from Message:  18]
[ 2] [PrevLogTerm from message:  1]
[ 2] [ LogUpperBound:  19]
[ 2] [Logs for 2]
[ 2] (TestCmd( 1), 1) (TestCmd( 100001), 1) (TestCmd( 600001), 1) (TestCmd( 200001), 1) (TestCmd( 300001), 1) (TestCmd( 400001), 1) (TestCmd( 100002), 1) (TestCmd( 600002), 1) (TestCmd( 300002), 1) (TestCmd( 300003), 1) (TestCmd( 300004), 1) (TestCmd( 300005), 1) (TestCmd( 300006), 1) (TestCmd( 300007), 1) (TestCmd( 300008), 1) (TestCmd( 300009), 1) (TestCmd( 300010), 1) (TestCmd( 300011), 1) 
[ 2] [Adding entries from  1 to  1 ]
[ 2] [Updated entry  19 with  1 on 2]
[ 2] [Logs after update for 2]
[ 2] (TestCmd( 1), 1) (TestCmd( 100001), 1) (TestCmd( 600001), 1) (TestCmd( 200001), 1) (TestCmd( 300001), 1) (TestCmd( 400001), 1) (TestCmd( 100002), 1) (TestCmd( 600002), 1) (TestCmd( 300002), 1) (TestCmd( 300003), 1) (TestCmd( 300004), 1) (TestCmd( 300005), 1) (TestCmd( 300006), 1) (TestCmd( 300007), 1) (TestCmd( 300008), 1) (TestCmd( 300009), 1) (TestCmd( 300010), 1) (TestCmd( 300011), 1) (TestCmd( 300012), 1) 
[ 2] [Updated commit to  19 ]
[ 2] [Commit index strict for 2 :  19]
[ 2] [Append_entries Response for 2]
[ 2] [     Matching_Index_Strict:  19]
[ 2] [     Success: TRUE]
[ 2] [New_State: NO_CHANGES]
[node 2 epoch= 92] <- client E register
[ 2] [State: FOLLOWER, Term:  1] 
[ 2] [Received_message: RAFT.MESSAGES.REQUEST_REGISTER_CLIENT] 
[ 2] [New_State: NO_CHANGES]
[node 2 epoch= 92] <- client E register
[ 2] [State: FOLLOWER, Term:  1] 
[ 2] [Received_message: RAFT.MESSAGES.REQUEST_REGISTER_CLIENT] 
[ 2] [New_State: NO_CHANGES]
[node 2 epoch= 92] <- client E register
[ 2] [State: FOLLOWER, Term:  1] 
[ 2] [Received_message: RAFT.MESSAGES.REQUEST_REGISTER_CLIENT] 
[ 2] [New_State: NO_CHANGES]
[ 2] [State: FOLLOWER, Term:  1] 
[ 2] [Received_message: RAFT.MESSAGES.APPEND_ENTRIES_REQUEST] 
[ 2] [AppendEntriesRequest] for 2 Checking if log contains an entry at PrevLogTerm whose index matches PrevLogIndex
[ 2] [PrevLogIndex from Message:  19]
TCP network: ignored invalid queued connection
[ 2] [PrevLogTerm from message:  1]
[ 2] [ LogUpperBound:  20]
[ 2] [Logs for 2]
[ 2] (TestCmd( 1), 1) (TestCmd( 100001), 1) (TestCmd( 600001), 1) (TestCmd( 200001), 1) (TestCmd( 300001), 1) (TestCmd( 400001), 1) (TestCmd( 100002), 1) (TestCmd( 600002), 1) (TestCmd( 300002), 1) (TestCmd( 300003), 1) (TestCmd( 300004), 1) (TestCmd( 300005), 1) (TestCmd( 300006), 1) (TestCmd( 300007), 1) (TestCmd( 300008), 1) (TestCmd( 300009), 1) (TestCmd( 300010), 1) (TestCmd( 300011), 1) (TestCmd( 300012), 1) 
[ 2] [Adding entries from  1 to  2 ]
[ 2] [Updated entry  20 with  1 on 2]
[ 2] [Updated entry  21 with  1 on 2]
[ 2] [Logs after update for 2]
[ 2] (TestCmd( 1), 1) (TestCmd( 100001), 1) (TestCmd( 600001), 1) (TestCmd( 200001), 1) (TestCmd( 300001), 1) (TestCmd( 400001), 1) (TestCmd( 100002), 1) (TestCmd( 600002), 1) (TestCmd( 300002), 1) (TestCmd( 300003), 1) (TestCmd( 300004), 1) (TestCmd( 300005), 1) (TestCmd( 300006), 1) (TestCmd( 300007), 1) (TestCmd( 300008), 1) (TestCmd( 300009), 1) (TestCmd( 300010), 1) (TestCmd( 300011), 1) (TestCmd( 300012), 1) (TestCmd( 300013), 1) (TestCmd( 300014), 1) 
[ 2] [Updated commit to  21 ]
[ 2] [Commit index strict for 2 :  21]
[ 2] [Append_entries Response for 2]
[ 2] [     Matching_Index_Strict:  21]
[ 2] [     Success: TRUE]
[ 2] [New_State: NO_CHANGES]
[node 2 epoch= 93] <- client D register
[ 2] [State: FOLLOWER, Term:  1] 
[ 2] [Received_message: RAFT.MESSAGES.REQUEST_REGISTER_CLIENT] 
[ 2] [New_State: NO_CHANGES]
[node 2 epoch= 93] <- client B register
[ 2] [State: FOLLOWER, Term:  1] 
[ 2] [Received_message: RAFT.MESSAGES.REQUEST_REGISTER_CLIENT] 
[ 2] [New_State: NO_CHANGES]
[ 2] [State: FOLLOWER, Term:  1] 
[ 2] [Received_message: RAFT.MESSAGES.APPEND_ENTRIES_REQUEST] 
[ 2] [AppendEntriesRequest] for 2 Checking if log contains an entry at PrevLogTerm whose index matches PrevLogIndex
[ 2] [PrevLogIndex from Message:  21]
[ 2] [PrevLogTerm from message:  1]
[ 2] [ LogUpperBound:  22]
[ 2] [Logs for 2]
[ 2] (TestCmd( 1), 1) (TestCmd( 100001), 1) (TestCmd( 600001), 1) (TestCmd( 200001), 1) (TestCmd( 300001), 1) (TestCmd( 400001), 1) (TestCmd( 100002), 1) (TestCmd( 600002), 1) (TestCmd( 300002), 1) (TestCmd( 300003), 1) (TestCmd( 300004), 1) (TestCmd( 300005), 1) (TestCmd( 300006), 1) (TestCmd( 300007), 1) (TestCmd( 300008), 1) (TestCmd( 300009), 1) (TestCmd( 300010), 1) (TestCmd( 300011), 1) (TestCmd( 300012), 1) (TestCmd( 300013), 1) (TestCmd( 300014), 1) 
[ 2] [Adding entries from  1 to  1 ]
[ 2] [Updated entry  22 with  1 on 2]
[ 2] [Logs after update for 2]
[ 2] (TestCmd( 1), 1) (TestCmd( 100001), 1) (TestCmd( 600001), 1) (TestCmd( 200001), 1) (TestCmd( 300001), 1) (TestCmd( 400001), 1) (TestCmd( 100002), 1) (TestCmd( 600002), 1) (TestCmd( 300002), 1) (TestCmd( 300003), 1) (TestCmd( 300004), 1) (TestCmd( 300005), 1) (TestCmd( 300006), 1) (TestCmd( 300007), 1) (TestCmd( 300008), 1) (TestCmd( 300009), 1) (TestCmd( 300010), 1) (TestCmd( 300011), 1) (TestCmd( 300012), 1) (TestCmd( 300013), 1) (TestCmd( 300014), 1) (TestCmd( 300015), 1) 
[ 2] [Updated commit to  22 ]
[ 2] [Commit index strict for 2 :  22]
[ 2] [Append_entries Response for 2]
[ 2] [     Matching_Index_Strict:  22]
[ 2] [     Success: TRUE]
[ 2] [New_State: NO_CHANGES]
[node 2 epoch= 93] <- client H register
[ 2] [State: FOLLOWER, Term:  1] 
[ 2] [Received_message: RAFT.MESSAGES.REQUEST_REGISTER_CLIENT] 
[ 2] [New_State: NO_CHANGES]
[node 2 epoch= 93] <- client H register
[ 2] [State: FOLLOWER, Term:  1] 
[ 2] [Received_message: RAFT.MESSAGES.REQUEST_REGISTER_CLIENT] 
[ 2] [New_State: NO_CHANGES]
[ 2] [State: FOLLOWER, Term:  1] 
[ 2] [Received_message: RAFT.MESSAGES.APPEND_ENTRIES_REQUEST] 
[ 2] [AppendEntriesRequest] for 2 Checking if log contains an entry at PrevLogTerm whose index matches PrevLogIndex
[ 2] [PrevLogIndex from Message:  22]
[ 2] [PrevLogTerm from message:  1]
[ 2] [ LogUpperBound:  23]
[ 2] [Logs for 2]
[ 2] (TestCmd( 1), 1) (TestCmd( 100001), 1) (TestCmd( 600001), 1) (TestCmd( 200001), 1) (TestCmd( 300001), 1) (TestCmd( 400001), 1) (TestCmd( 100002), 1) (TestCmd( 600002), 1) (TestCmd( 300002), 1) (TestCmd( 300003), 1) (TestCmd( 300004), 1) (TestCmd( 300005), 1) (TestCmd( 300006), 1) (TestCmd( 300007), 1) (TestCmd( 300008), 1) (TestCmd( 300009), 1) (TestCmd( 300010), 1) (TestCmd( 300011), 1) (TestCmd( 300012), 1) (TestCmd( 300013), 1) (TestCmd( 300014), 1) (TestCmd( 300015), 1) 
[No entries to add for 2]
[ 2] [Logs after update for 2]
[ 2] (TestCmd( 1), 1) (TestCmd( 100001), 1) (TestCmd( 600001), 1) (TestCmd( 200001), 1) (TestCmd( 300001), 1) (TestCmd( 400001), 1) (TestCmd( 100002), 1) (TestCmd( 600002), 1) (TestCmd( 300002), 1) (TestCmd( 300003), 1) (TestCmd( 300004), 1) (TestCmd( 300005), 1) (TestCmd( 300006), 1) (TestCmd( 300007), 1) (TestCmd( 300008), 1) (TestCmd( 300009), 1) (TestCmd( 300010), 1) (TestCmd( 300011), 1) (TestCmd( 300012), 1) (TestCmd( 300013), 1) (TestCmd( 300014), 1) (TestCmd( 300015), 1) 
[ 2] [Updated commit to  23 ]
[ 2] [Commit index strict for 2 :  23]
[ 2] [Append_entries Response for 2]
[ 2] [     Matching_Index_Strict:  22]
[ 2] [     Success: TRUE]
[ 2] [New_State: NO_CHANGES]
[ 2] [State: FOLLOWER, Term:  1] 
[ 2] [Received_message: RAFT.MESSAGES.APPEND_ENTRIES_REQUEST] 
[ 2] [AppendEntriesRequest] for 2 Checking if log contains an entry at PrevLogTerm whose index matches PrevLogIndex
[ 2] [PrevLogIndex from Message:  22]
[ 2] [PrevLogTerm from message:  1]
[ 2] [ LogUpperBound:  23]
[ 2] [Logs for 2]
[ 2] (TestCmd( 1), 1) (TestCmd( 100001), 1) (TestCmd( 600001), 1) (TestCmd( 200001), 1) (TestCmd( 300001), 1) (TestCmd( 400001), 1) (TestCmd( 100002), 1) (TestCmd( 600002), 1) (TestCmd( 300002), 1) (TestCmd( 300003), 1) (TestCmd( 300004), 1) (TestCmd( 300005), 1) (TestCmd( 300006), 1) (TestCmd( 300007), 1) (TestCmd( 300008), 1) (TestCmd( 300009), 1) (TestCmd( 300010), 1) (TestCmd( 300011), 1) (TestCmd( 300012), 1) (TestCmd( 300013), 1) (TestCmd( 300014), 1) (TestCmd( 300015), 1) 
[No entries to add for 2]
[ 2] [Logs after update for 2]
[ 2] (TestCmd( 1), 1) (TestCmd( 100001), 1) (TestCmd( 600001), 1) (TestCmd( 200001), 1) (TestCmd( 300001), 1) (TestCmd( 400001), 1) (TestCmd( 100002), 1) (TestCmd( 600002), 1) (TestCmd( 300002), 1) (TestCmd( 300003), 1) (TestCmd( 300004), 1) (TestCmd( 300005), 1) (TestCmd( 300006), 1) (TestCmd( 300007), 1) (TestCmd( 300008), 1) (TestCmd( 300009), 1) (TestCmd( 300010), 1) (TestCmd( 300011), 1) (TestCmd( 300012), 1) (TestCmd( 300013), 1) (TestCmd( 300014), 1) (TestCmd( 300015), 1) 
[ 2] [Commit index strict for 2 :  23]
[ 2] [Append_entries Response for 2]
[ 2] [     Matching_Index_Strict:  22]
[ 2] [     Success: TRUE]
[ 2] [New_State: NO_CHANGES]
audit: messages= 69 bytes= 8066 rate= 1.31051E+03 B/s
state: FOLLOWER epoch= 100 snapshot= 1@ 0 application_state=TestAppState(Sum= 6500129)
[ 2] [State: FOLLOWER, Term:  1] 
[ 2] [Received_message: RAFT.MESSAGES.APPEND_ENTRIES_REQUEST] 
[ 2] [AppendEntriesRequest] for 2 Checking if log contains an entry at PrevLogTerm whose index matches PrevLogIndex
[ 2] [PrevLogIndex from Message:  22]
[ 2] [PrevLogTerm from message:  1]
[ 2] [ LogUpperBound:  23]
[ 2] [Logs for 2]
[ 2] (TestCmd( 1), 1) (TestCmd( 100001), 1) (TestCmd( 600001), 1) (TestCmd( 200001), 1) (TestCmd( 300001), 1) (TestCmd( 400001), 1) (TestCmd( 100002), 1) (TestCmd( 600002), 1) (TestCmd( 300002), 1) (TestCmd( 300003), 1) (TestCmd( 300004), 1) (TestCmd( 300005), 1) (TestCmd( 300006), 1) (TestCmd( 300007), 1) (TestCmd( 300008), 1) (TestCmd( 300009), 1) (TestCmd( 300010), 1) (TestCmd( 300011), 1) (TestCmd( 300012), 1) (TestCmd( 300013), 1) (TestCmd( 300014), 1) (TestCmd( 300015), 1) 
[No entries to add for 2]
[ 2] [Logs after update for 2]
[ 2] (TestCmd( 1), 1) (TestCmd( 100001), 1) (TestCmd( 600001), 1) (TestCmd( 200001), 1) (TestCmd( 300001), 1) (TestCmd( 400001), 1) (TestCmd( 100002), 1) (TestCmd( 600002), 1) (TestCmd( 300002), 1) (TestCmd( 300003), 1) (TestCmd( 300004), 1) (TestCmd( 300005), 1) (TestCmd( 300006), 1) (TestCmd( 300007), 1) (TestCmd( 300008), 1) (TestCmd( 300009), 1) (TestCmd( 300010), 1) (TestCmd( 300011), 1) (TestCmd( 300012), 1) (TestCmd( 300013), 1) (TestCmd( 300014), 1) (TestCmd( 300015), 1) 
[ 2] [Commit index strict for 2 :  23]
[ 2] [Append_entries Response for 2]
[ 2] [     Matching_Index_Strict:  22]
[ 2] [     Success: TRUE]
[ 2] [New_State: NO_CHANGES]
[ 2] [State: FOLLOWER, Term:  1] 
[ 2] [Received_message: RAFT.MESSAGES.APPEND_ENTRIES_REQUEST] 
[ 2] [AppendEntriesRequest] for 2 Checking if log contains an entry at PrevLogTerm whose index matches PrevLogIndex
[ 2] [PrevLogIndex from Message:  22]
[ 2] [PrevLogTerm from message:  1]
[ 2] [ LogUpperBound:  23]
[ 2] [Logs for 2]
[ 2] (TestCmd( 1), 1) (TestCmd( 100001), 1) (TestCmd( 600001), 1) (TestCmd( 200001), 1) (TestCmd( 300001), 1) (TestCmd( 400001), 1) (TestCmd( 100002), 1) (TestCmd( 600002), 1) (TestCmd( 300002), 1) (TestCmd( 300003), 1) (TestCmd( 300004), 1) (TestCmd( 300005), 1) (TestCmd( 300006), 1) (TestCmd( 300007), 1) (TestCmd( 300008), 1) (TestCmd( 300009), 1) (TestCmd( 300010), 1) (TestCmd( 300011), 1) (TestCmd( 300012), 1) (TestCmd( 300013), 1) (TestCmd( 300014), 1) (TestCmd( 300015), 1) 
[No entries to add for 2]
[ 2] [Logs after update for 2]
[ 2] (TestCmd( 1), 1) (TestCmd( 100001), 1) (TestCmd( 600001), 1) (TestCmd( 200001), 1) (TestCmd( 300001), 1) (TestCmd( 400001), 1) (TestCmd( 100002), 1) (TestCmd( 600002), 1) (TestCmd( 300002), 1) (TestCmd( 300003), 1) (TestCmd( 300004), 1) (TestCmd( 300005), 1) (TestCmd( 300006), 1) (TestCmd( 300007), 1) (TestCmd( 300008), 1) (TestCmd( 300009), 1) (TestCmd( 300010), 1) (TestCmd( 300011), 1) (TestCmd( 300012), 1) (TestCmd( 300013), 1) (TestCmd( 300014), 1) (TestCmd( 300015), 1) 
[ 2] [Commit index strict for 2 :  23]
[ 2] [Append_entries Response for 2]
[ 2] [     Matching_Index_Strict:  22]
[ 2] [     Success: TRUE]
[ 2] [New_State: NO_CHANGES]
[ 2] [State: FOLLOWER, Term:  1] 
[ 2] [Received_message: RAFT.MESSAGES.APPEND_ENTRIES_REQUEST] 
[ 2] [AppendEntriesRequest] for 2 Checking if log contains an entry at PrevLogTerm whose index matches PrevLogIndex
[ 2] [PrevLogIndex from Message:  22]
[ 2] [PrevLogTerm from message:  1]
[ 2] [ LogUpperBound:  23]
[ 2] [Logs for 2]
[ 2] (TestCmd( 1), 1) (TestCmd( 100001), 1) (TestCmd( 600001), 1) (TestCmd( 200001), 1) (TestCmd( 300001), 1) (TestCmd( 400001), 1) (TestCmd( 100002), 1) (TestCmd( 600002), 1) (TestCmd( 300002), 1) (TestCmd( 300003), 1) (TestCmd( 300004), 1) (TestCmd( 300005), 1) (TestCmd( 300006), 1) (TestCmd( 300007), 1) (TestCmd( 300008), 1) (TestCmd( 300009), 1) (TestCmd( 300010), 1) (TestCmd( 300011), 1) (TestCmd( 300012), 1) (TestCmd( 300013), 1) (TestCmd( 300014), 1) (TestCmd( 300015), 1) 
[No entries to add for 2]
[ 2] [Logs after update for 2]
[ 2] (TestCmd( 1), 1) (TestCmd( 100001), 1) (TestCmd( 600001), 1) (TestCmd( 200001), 1) (TestCmd( 300001), 1) (TestCmd( 400001), 1) (TestCmd( 100002), 1) (TestCmd( 600002), 1) (TestCmd( 300002), 1) (TestCmd( 300003), 1) (TestCmd( 300004), 1) (TestCmd( 300005), 1) (TestCmd( 300006), 1) (TestCmd( 300007), 1) (TestCmd( 300008), 1) (TestCmd( 300009), 1) (TestCmd( 300010), 1) (TestCmd( 300011), 1) (TestCmd( 300012), 1) (TestCmd( 300013), 1) (TestCmd( 300014), 1) (TestCmd( 300015), 1) 
[ 2] [Commit index strict for 2 :  23]
[ 2] [Append_entries Response for 2]
[ 2] [     Matching_Index_Strict:  22]
[ 2] [     Success: TRUE]
[ 2] [New_State: NO_CHANGES]
[ 2] [State: FOLLOWER, Term:  1] 
[ 2] [Received_message: RAFT.MESSAGES.APPEND_ENTRIES_REQUEST] 
[ 2] [AppendEntriesRequest] for 2 Checking if log contains an entry at PrevLogTerm whose index matches PrevLogIndex
[ 2] [PrevLogIndex from Message:  22]
[ 2] [PrevLogTerm from message:  1]
[ 2] [ LogUpperBound:  23]
[ 2] [Logs for 2]
[ 2] (TestCmd( 1), 1) (TestCmd( 100001), 1) (TestCmd( 600001), 1) (TestCmd( 200001), 1) (TestCmd( 300001), 1) (TestCmd( 400001), 1) (TestCmd( 100002), 1) (TestCmd( 600002), 1) (TestCmd( 300002), 1) (TestCmd( 300003), 1) (TestCmd( 300004), 1) (TestCmd( 300005), 1) (TestCmd( 300006), 1) (TestCmd( 300007), 1) (TestCmd( 300008), 1) (TestCmd( 300009), 1) (TestCmd( 300010), 1) (TestCmd( 300011), 1) (TestCmd( 300012), 1) (TestCmd( 300013), 1) (TestCmd( 300014), 1) (TestCmd( 300015), 1) 
[No entries to add for 2]
[ 2] [Logs after update for 2]
[ 2] (TestCmd( 1), 1) (TestCmd( 100001), 1) (TestCmd( 600001), 1) (TestCmd( 200001), 1) (TestCmd( 300001), 1) (TestCmd( 400001), 1) (TestCmd( 100002), 1) (TestCmd( 600002), 1) (TestCmd( 300002), 1) (TestCmd( 300003), 1) (TestCmd( 300004), 1) (TestCmd( 300005), 1) (TestCmd( 300006), 1) (TestCmd( 300007), 1) (TestCmd( 300008), 1) (TestCmd( 300009), 1) (TestCmd( 300010), 1) (TestCmd( 300011), 1) (TestCmd( 300012), 1) (TestCmd( 300013), 1) (TestCmd( 300014), 1) (TestCmd( 300015), 1) 
[ 2] [Commit index strict for 2 :  23]
[ 2] [Append_entries Response for 2]
[ 2] [     Matching_Index_Strict:  22]
[ 2] [     Success: TRUE]
[ 2] [New_State: NO_CHANGES]
[ 2] [State: FOLLOWER, Term:  1] 
[ 2] [Received_message: RAFT.MESSAGES.APPEND_ENTRIES_REQUEST] 
[ 2] [AppendEntriesRequest] for 2 Checking if log contains an entry at PrevLogTerm whose index matches PrevLogIndex
[ 2] [PrevLogIndex from Message:  22]
[ 2] [PrevLogTerm from message:  1]
[ 2] [ LogUpperBound:  23]
[ 2] [Logs for 2]
[ 2] (TestCmd( 1), 1) (TestCmd( 100001), 1) (TestCmd( 600001), 1) (TestCmd( 200001), 1) (TestCmd( 300001), 1) (TestCmd( 400001), 1) (TestCmd( 100002), 1) (TestCmd( 600002), 1) (TestCmd( 300002), 1) (TestCmd( 300003), 1) (TestCmd( 300004), 1) (TestCmd( 300005), 1) (TestCmd( 300006), 1) (TestCmd( 300007), 1) (TestCmd( 300008), 1) (TestCmd( 300009), 1) (TestCmd( 300010), 1) (TestCmd( 300011), 1) (TestCmd( 300012), 1) (TestCmd( 300013), 1) (TestCmd( 300014), 1) (TestCmd( 300015), 1) 
[No entries to add for 2]
[ 2] [Logs after update for 2]
[ 2] (TestCmd( 1), 1) (TestCmd( 100001), 1) (TestCmd( 600001), 1) (TestCmd( 200001), 1) (TestCmd( 300001), 1) (TestCmd( 400001), 1) (TestCmd( 100002), 1) (TestCmd( 600002), 1) (TestCmd( 300002), 1) (TestCmd( 300003), 1) (TestCmd( 300004), 1) (TestCmd( 300005), 1) (TestCmd( 300006), 1) (TestCmd( 300007), 1) (TestCmd( 300008), 1) (TestCmd( 300009), 1) (TestCmd( 300010), 1) (TestCmd( 300011), 1) (TestCmd( 300012), 1) (TestCmd( 300013), 1) (TestCmd( 300014), 1) (TestCmd( 300015), 1) 
[ 2] [Commit index strict for 2 :  23]
[ 2] [Append_entries Response for 2]
[ 2] [     Matching_Index_Strict:  22]
[ 2] [     Success: TRUE]
[ 2] [New_State: NO_CHANGES]
[ 2] [State: FOLLOWER, Term:  1] 
[ 2] [Received_message: RAFT.MESSAGES.APPEND_ENTRIES_REQUEST] 
[ 2] [AppendEntriesRequest] for 2 Checking if log contains an entry at PrevLogTerm whose index matches PrevLogIndex
[ 2] [PrevLogIndex from Message:  22]
[ 2] [PrevLogTerm from message:  1]
[ 2] [ LogUpperBound:  23]
[ 2] [Logs for 2]
[ 2] (TestCmd( 1), 1) (TestCmd( 100001), 1) (TestCmd( 600001), 1) (TestCmd( 200001), 1) (TestCmd( 300001), 1) (TestCmd( 400001), 1) (TestCmd( 100002), 1) (TestCmd( 600002), 1) (TestCmd( 300002), 1) (TestCmd( 300003), 1) (TestCmd( 300004), 1) (TestCmd( 300005), 1) (TestCmd( 300006), 1) (TestCmd( 300007), 1) (TestCmd( 300008), 1) (TestCmd( 300009), 1) (TestCmd( 300010), 1) (TestCmd( 300011), 1) (TestCmd( 300012), 1) (TestCmd( 300013), 1) (TestCmd( 300014), 1) (TestCmd( 300015), 1) 
[No entries to add for 2]
[ 2] [Logs after update for 2]
[ 2] (TestCmd( 1), 1) (TestCmd( 100001), 1) (TestCmd( 600001), 1) (TestCmd( 200001), 1) (TestCmd( 300001), 1) (TestCmd( 400001), 1) (TestCmd( 100002), 1) (TestCmd( 600002), 1) (TestCmd( 300002), 1) (TestCmd( 300003), 1) (TestCmd( 300004), 1) (TestCmd( 300005), 1) (TestCmd( 300006), 1) (TestCmd( 300007), 1) (TestCmd( 300008), 1) (TestCmd( 300009), 1) (TestCmd( 300010), 1) (TestCmd( 300011), 1) (TestCmd( 300012), 1) (TestCmd( 300013), 1) (TestCmd( 300014), 1) (TestCmd( 300015), 1) 
[ 2] [Commit index strict for 2 :  23]
[ 2] [Append_entries Response for 2]
[ 2] [     Matching_Index_Strict:  22]
[ 2] [     Success: TRUE]
[ 2] [New_State: NO_CHANGES]
[ 2] [State: FOLLOWER, Term:  1] 
[ 2] [Received_message: RAFT.MESSAGES.APPEND_ENTRIES_REQUEST] 
[ 2] [AppendEntriesRequest] for 2 Checking if log contains an entry at PrevLogTerm whose index matches PrevLogIndex
[ 2] [PrevLogIndex from Message:  22]
[ 2] [PrevLogTerm from message:  1]
[ 2] [ LogUpperBound:  23]
[ 2] [Logs for 2]
[ 2] (TestCmd( 1), 1) (TestCmd( 100001), 1) (TestCmd( 600001), 1) (TestCmd( 200001), 1) (TestCmd( 300001), 1) (TestCmd( 400001), 1) (TestCmd( 100002), 1) (TestCmd( 600002), 1) (TestCmd( 300002), 1) (TestCmd( 300003), 1) (TestCmd( 300004), 1) (TestCmd( 300005), 1) (TestCmd( 300006), 1) (TestCmd( 300007), 1) (TestCmd( 300008), 1) (TestCmd( 300009), 1) (TestCmd( 300010), 1) (TestCmd( 300011), 1) (TestCmd( 300012), 1) (TestCmd( 300013), 1) (TestCmd( 300014), 1) (TestCmd( 300015), 1) 
[No entries to add for 2]
[ 2] [Logs after update for 2]
[ 2] (TestCmd( 1), 1) (TestCmd( 100001), 1) (TestCmd( 600001), 1) (TestCmd( 200001), 1) (TestCmd( 300001), 1) (TestCmd( 400001), 1) (TestCmd( 100002), 1) (TestCmd( 600002), 1) (TestCmd( 300002), 1) (TestCmd( 300003), 1) (TestCmd( 300004), 1) (TestCmd( 300005), 1) (TestCmd( 300006), 1) (TestCmd( 300007), 1) (TestCmd( 300008), 1) (TestCmd( 300009), 1) (TestCmd( 300010), 1) (TestCmd( 300011), 1) (TestCmd( 300012), 1) (TestCmd( 300013), 1) (TestCmd( 300014), 1) (TestCmd( 300015), 1) 
[ 2] [Commit index strict for 2 :  23]
[ 2] [Append_entries Response for 2]
[ 2] [     Matching_Index_Strict:  22]
[ 2] [     Success: TRUE]
[ 2] [New_State: NO_CHANGES]
[node 2 epoch= 128] <- client D register
[ 2] [State: FOLLOWER, Term:  1] 
[ 2] [Received_message: RAFT.MESSAGES.REQUEST_REGISTER_CLIENT] 
[ 2] [New_State: NO_CHANGES]
[node 2 epoch= 129] <- client E register
[ 2] [State: FOLLOWER, Term:  1] 
[ 2] [Received_message: RAFT.MESSAGES.REQUEST_REGISTER_CLIENT] 
[ 2] [New_State: NO_CHANGES]
[node 2 epoch= 130] <- client E register
[ 2] [State: FOLLOWER, Term:  1] 
[ 2] [Received_message: RAFT.MESSAGES.REQUEST_REGISTER_CLIENT] 
[ 2] [New_State: NO_CHANGES]
TCP network: ignored invalid queued connection
[node 2 epoch= 130] <- client G register
[ 2] [State: FOLLOWER, Term:  1] 
[ 2] [Received_message: RAFT.MESSAGES.REQUEST_REGISTER_CLIENT] 
[ 2] [New_State: NO_CHANGES]
[node 2 epoch= 130] <- client H register
[ 2] [State: FOLLOWER, Term:  1] 
[ 2] [Received_message: RAFT.MESSAGES.REQUEST_REGISTER_CLIENT] 
[ 2] [New_State: NO_CHANGES]
[node 2 epoch= 130] <- client H register
[ 2] [State: FOLLOWER, Term:  1] 
[ 2] [Received_message: RAFT.MESSAGES.REQUEST_REGISTER_CLIENT] 
TCP network: ignored invalid queued connection
[ 2] [New_State: NO_CHANGES]
[ 2] [State: FOLLOWER, Term:  1] 
[ 2] [Received_message: RAFT.MESSAGES.APPEND_ENTRIES_REQUEST] 
[ 2] [AppendEntriesRequest] for 2 Checking if log contains an entry at PrevLogTerm whose index matches PrevLogIndex
[ 2] [PrevLogIndex from Message:  22]
[ 2] [PrevLogTerm from message:  1]
[ 2] [ LogUpperBound:  23]
[ 2] [Logs for 2]
[ 2] (TestCmd( 1), 1) (TestCmd( 100001), 1) (TestCmd( 600001), 1) (TestCmd( 200001), 1) (TestCmd( 300001), 1) (TestCmd( 400001), 1) (TestCmd( 100002), 1) (TestCmd( 600002), 1) (TestCmd( 300002), 1) (TestCmd( 300003), 1) (TestCmd( 300004), 1) (TestCmd( 300005), 1) (TestCmd( 300006), 1) (TestCmd( 300007), 1) (TestCmd( 300008), 1) (TestCmd( 300009), 1) (TestCmd( 300010), 1) (TestCmd( 300011), 1) (TestCmd( 300012), 1) (TestCmd( 300013), 1) (TestCmd( 300014), 1) (TestCmd( 300015), 1) 
[No entries to add for 2]
[ 2] [Logs after update for 2]
[ 2] (TestCmd( 1), 1) (TestCmd( 100001), 1) (TestCmd( 600001), 1) (TestCmd( 200001), 1) (TestCmd( 300001), 1) (TestCmd( 400001), 1) (TestCmd( 100002), 1) (TestCmd( 600002), 1) (TestCmd( 300002), 1) (TestCmd( 300003), 1) (TestCmd( 300004), 1) (TestCmd( 300005), 1) (TestCmd( 300006), 1) (TestCmd( 300007), 1) (TestCmd( 300008), 1) (TestCmd( 300009), 1) (TestCmd( 300010), 1) (TestCmd( 300011), 1) (TestCmd( 300012), 1) (TestCmd( 300013), 1) (TestCmd( 300014), 1) (TestCmd( 300015), 1) 
[ 2] [Commit index strict for 2 :  23]
[ 2] [Append_entries Response for 2]
[ 2] [     Matching_Index_Strict:  22]
[ 2] [     Success: TRUE]
[ 2] [New_State: NO_CHANGES]
[node 2 epoch= 131] <- client F register
[ 2] [State: FOLLOWER, Term:  1] 
[ 2] [Received_message: RAFT.MESSAGES.REQUEST_REGISTER_CLIENT] 
[ 2] [New_State: NO_CHANGES]
[ 2] [State: FOLLOWER, Term:  1] 
[ 2] [Received_message: RAFT.MESSAGES.APPEND_ENTRIES_REQUEST] 
[ 2] [AppendEntriesRequest] for 2 Checking if log contains an entry at PrevLogTerm whose index matches PrevLogIndex
[ 2] [PrevLogIndex from Message:  22]
[ 2] [PrevLogTerm from message:  1]
[ 2] [ LogUpperBound:  23]
[ 2] [Logs for 2]
[ 2] (TestCmd( 1), 1) (TestCmd( 100001), 1) (TestCmd( 600001), 1) (TestCmd( 200001), 1) (TestCmd( 300001), 1) (TestCmd( 400001), 1) (TestCmd( 100002), 1) (TestCmd( 600002), 1) (TestCmd( 300002), 1) (TestCmd( 300003), 1) (TestCmd( 300004), 1) (TestCmd( 300005), 1) (TestCmd( 300006), 1) (TestCmd( 300007), 1) (TestCmd( 300008), 1) (TestCmd( 300009), 1) (TestCmd( 300010), 1) (TestCmd( 300011), 1) (TestCmd( 300012), 1) (TestCmd( 300013), 1) (TestCmd( 300014), 1) (TestCmd( 300015), 1) 
[No entries to add for 2]
[ 2] [Logs after update for 2]
[ 2] (TestCmd( 1), 1) (TestCmd( 100001), 1) (TestCmd( 600001), 1) (TestCmd( 200001), 1) (TestCmd( 300001), 1) (TestCmd( 400001), 1) (TestCmd( 100002), 1) (TestCmd( 600002), 1) (TestCmd( 300002), 1) (TestCmd( 300003), 1) (TestCmd( 300004), 1) (TestCmd( 300005), 1) (TestCmd( 300006), 1) (TestCmd( 300007), 1) (TestCmd( 300008), 1) (TestCmd( 300009), 1) (TestCmd( 300010), 1) (TestCmd( 300011), 1) (TestCmd( 300012), 1) (TestCmd( 300013), 1) (TestCmd( 300014), 1) (TestCmd( 300015), 1) 
[ 2] [Commit index strict for 2 :  23]
[ 2] [Append_entries Response for 2]
[ 2] [     Matching_Index_Strict:  22]
[ 2] [     Success: TRUE]
[ 2] [New_State: NO_CHANGES]
[ 2] [State: FOLLOWER, Term:  1] 
[ 2] [Received_message: RAFT.MESSAGES.APPEND_ENTRIES_REQUEST] 
[ 2] [AppendEntriesRequest] for 2 Checking if log contains an entry at PrevLogTerm whose index matches PrevLogIndex
[ 2] [PrevLogIndex from Message:  22]
[ 2] [PrevLogTerm from message:  1]
[ 2] [ LogUpperBound:  23]
[ 2] [Logs for 2]
[ 2] (TestCmd( 1), 1) (TestCmd( 100001), 1) (TestCmd( 600001), 1) (TestCmd( 200001), 1) (TestCmd( 300001), 1) (TestCmd( 400001), 1) (TestCmd( 100002), 1) (TestCmd( 600002), 1) (TestCmd( 300002), 1) (TestCmd( 300003), 1) (TestCmd( 300004), 1) (TestCmd( 300005), 1) (TestCmd( 300006), 1) (TestCmd( 300007), 1) (TestCmd( 300008), 1) (TestCmd( 300009), 1) (TestCmd( 300010), 1) (TestCmd( 300011), 1) (TestCmd( 300012), 1) (TestCmd( 300013), 1) (TestCmd( 300014), 1) (TestCmd( 300015), 1) 
[No entries to add for 2]
[ 2] [Logs after update for 2]
[ 2] (TestCmd( 1), 1) (TestCmd( 100001), 1) (TestCmd( 600001), 1) (TestCmd( 200001), 1) (TestCmd( 300001), 1) (TestCmd( 400001), 1) (TestCmd( 100002), 1) (TestCmd( 600002), 1) (TestCmd( 300002), 1) (TestCmd( 300003), 1) (TestCmd( 300004), 1) (TestCmd( 300005), 1) (TestCmd( 300006), 1) (TestCmd( 300007), 1) (TestCmd( 300008), 1) (TestCmd( 300009), 1) (TestCmd( 300010), 1) (TestCmd( 300011), 1) (TestCmd( 300012), 1) (TestCmd( 300013), 1) (TestCmd( 300014), 1) (TestCmd( 300015), 1) 
[ 2] [Commit index strict for 2 :  23]
[ 2] [Append_entries Response for 2]
[ 2] [     Matching_Index_Strict:  22]
[ 2] [     Success: TRUE]
[ 2] [New_State: NO_CHANGES]
[ 2] [State: FOLLOWER, Term:  1] 
[ 2] [Received_message: RAFT.MESSAGES.APPEND_ENTRIES_REQUEST] 
[ 2] [AppendEntriesRequest] for 2 Checking if log contains an entry at PrevLogTerm whose index matches PrevLogIndex
[ 2] [PrevLogIndex from Message:  22]
[ 2] [PrevLogTerm from message:  1]
[ 2] [ LogUpperBound:  23]
[ 2] [Logs for 2]
[ 2] (TestCmd( 1), 1) (TestCmd( 100001), 1) (TestCmd( 600001), 1) (TestCmd( 200001), 1) (TestCmd( 300001), 1) (TestCmd( 400001), 1) (TestCmd( 100002), 1) (TestCmd( 600002), 1) (TestCmd( 300002), 1) (TestCmd( 300003), 1) (TestCmd( 300004), 1) (TestCmd( 300005), 1) (TestCmd( 300006), 1) (TestCmd( 300007), 1) (TestCmd( 300008), 1) (TestCmd( 300009), 1) (TestCmd( 300010), 1) (TestCmd( 300011), 1) (TestCmd( 300012), 1) (TestCmd( 300013), 1) (TestCmd( 300014), 1) (TestCmd( 300015), 1) 
[No entries to add for 2]
[ 2] [Logs after update for 2]
[ 2] (TestCmd( 1), 1) (TestCmd( 100001), 1) (TestCmd( 600001), 1) (TestCmd( 200001), 1) (TestCmd( 300001), 1) (TestCmd( 400001), 1) (TestCmd( 100002), 1) (TestCmd( 600002), 1) (TestCmd( 300002), 1) (TestCmd( 300003), 1) (TestCmd( 300004), 1) (TestCmd( 300005), 1) (TestCmd( 300006), 1) (TestCmd( 300007), 1) (TestCmd( 300008), 1) (TestCmd( 300009), 1) (TestCmd( 300010), 1) (TestCmd( 300011), 1) (TestCmd( 300012), 1) (TestCmd( 300013), 1) (TestCmd( 300014), 1) (TestCmd( 300015), 1) 
[ 2] [Commit index strict for 2 :  23]
[ 2] [Append_entries Response for 2]
[ 2] [     Matching_Index_Strict:  22]
[ 2] [     Success: TRUE]
[ 2] [New_State: NO_CHANGES]
[ 2] [State: FOLLOWER, Term:  1] 
[ 2] [Received_message: RAFT.MESSAGES.APPEND_ENTRIES_REQUEST] 
[ 2] [AppendEntriesRequest] for 2 Checking if log contains an entry at PrevLogTerm whose index matches PrevLogIndex
[ 2] [PrevLogIndex from Message:  22]
[ 2] [PrevLogTerm from message:  1]
[ 2] [ LogUpperBound:  23]
[ 2] [Logs for 2]
[ 2] (TestCmd( 1), 1) (TestCmd( 100001), 1) (TestCmd( 600001), 1) (TestCmd( 200001), 1) (TestCmd( 300001), 1) (TestCmd( 400001), 1) (TestCmd( 100002), 1) (TestCmd( 600002), 1) (TestCmd( 300002), 1) (TestCmd( 300003), 1) (TestCmd( 300004), 1) (TestCmd( 300005), 1) (TestCmd( 300006), 1) (TestCmd( 300007), 1) (TestCmd( 300008), 1) (TestCmd( 300009), 1) (TestCmd( 300010), 1) (TestCmd( 300011), 1) (TestCmd( 300012), 1) (TestCmd( 300013), 1) (TestCmd( 300014), 1) (TestCmd( 300015), 1) 
[No entries to add for 2]
[ 2] [Logs after update for 2]
[ 2] (TestCmd( 1), 1) (TestCmd( 100001), 1) (TestCmd( 600001), 1) (TestCmd( 200001), 1) (TestCmd( 300001), 1) (TestCmd( 400001), 1) (TestCmd( 100002), 1) (TestCmd( 600002), 1) (TestCmd( 300002), 1) (TestCmd( 300003), 1) (TestCmd( 300004), 1) (TestCmd( 300005), 1) (TestCmd( 300006), 1) (TestCmd( 300007), 1) (TestCmd( 300008), 1) (TestCmd( 300009), 1) (TestCmd( 300010), 1) (TestCmd( 300011), 1) (TestCmd( 300012), 1) (TestCmd( 300013), 1) (TestCmd( 300014), 1) (TestCmd( 300015), 1) 
[ 2] [Commit index strict for 2 :  23]
[ 2] [Append_entries Response for 2]
[ 2] [     Matching_Index_Strict:  22]
[ 2] [     Success: TRUE]
[ 2] [New_State: NO_CHANGES]
[ 2] [State: FOLLOWER, Term:  1] 
[ 2] [Received_message: RAFT.MESSAGES.APPEND_ENTRIES_REQUEST] 
[ 2] [AppendEntriesRequest] for 2 Checking if log contains an entry at PrevLogTerm whose index matches PrevLogIndex
[ 2] [PrevLogIndex from Message:  22]
[ 2] [PrevLogTerm from message:  1]
[ 2] [ LogUpperBound:  23]
[ 2] [Logs for 2]
[ 2] (TestCmd( 1), 1) (TestCmd( 100001), 1) (TestCmd( 600001), 1) (TestCmd( 200001), 1) (TestCmd( 300001), 1) (TestCmd( 400001), 1) (TestCmd( 100002), 1) (TestCmd( 600002), 1) (TestCmd( 300002), 1) (TestCmd( 300003), 1) (TestCmd( 300004), 1) (TestCmd( 300005), 1) (TestCmd( 300006), 1) (TestCmd( 300007), 1) (TestCmd( 300008), 1) (TestCmd( 300009), 1) (TestCmd( 300010), 1) (TestCmd( 300011), 1) (TestCmd( 300012), 1) (TestCmd( 300013), 1) (TestCmd( 300014), 1) (TestCmd( 300015), 1) 
[No entries to add for 2]
[ 2] [Logs after update for 2]
[ 2] (TestCmd( 1), 1) (TestCmd( 100001), 1) (TestCmd( 600001), 1) (TestCmd( 200001), 1) (TestCmd( 300001), 1) (TestCmd( 400001), 1) (TestCmd( 100002), 1) (TestCmd( 600002), 1) (TestCmd( 300002), 1) (TestCmd( 300003), 1) (TestCmd( 300004), 1) (TestCmd( 300005), 1) (TestCmd( 300006), 1) (TestCmd( 300007), 1) (TestCmd( 300008), 1) (TestCmd( 300009), 1) (TestCmd( 300010), 1) (TestCmd( 300011), 1) (TestCmd( 300012), 1) (TestCmd( 300013), 1) (TestCmd( 300014), 1) (TestCmd( 300015), 1) 
[ 2] [Commit index strict for 2 :  23]
[ 2] [Append_entries Response for 2]
[ 2] [     Matching_Index_Strict:  22]
[ 2] [     Success: TRUE]
[ 2] [New_State: NO_CHANGES]
[ 2] [State: FOLLOWER, Term:  1] 
[ 2] [Received_message: RAFT.MESSAGES.APPEND_ENTRIES_REQUEST] 
[ 2] [AppendEntriesRequest] for 2 Checking if log contains an entry at PrevLogTerm whose index matches PrevLogIndex
[ 2] [PrevLogIndex from Message:  22]
[ 2] [PrevLogTerm from message:  1]
[ 2] [ LogUpperBound:  23]
[ 2] [Logs for 2]
[ 2] (TestCmd( 1), 1) (TestCmd( 100001), 1) (TestCmd( 600001), 1) (TestCmd( 200001), 1) (TestCmd( 300001), 1) (TestCmd( 400001), 1) (TestCmd( 100002), 1) (TestCmd( 600002), 1) (TestCmd( 300002), 1) (TestCmd( 300003), 1) (TestCmd( 300004), 1) (TestCmd( 300005), 1) (TestCmd( 300006), 1) (TestCmd( 300007), 1) (TestCmd( 300008), 1) (TestCmd( 300009), 1) (TestCmd( 300010), 1) (TestCmd( 300011), 1) (TestCmd( 300012), 1) (TestCmd( 300013), 1) (TestCmd( 300014), 1) (TestCmd( 300015), 1) 
[No entries to add for 2]
[ 2] [Logs after update for 2]
[ 2] (TestCmd( 1), 1) (TestCmd( 100001), 1) (TestCmd( 600001), 1) (TestCmd( 200001), 1) (TestCmd( 300001), 1) (TestCmd( 400001), 1) (TestCmd( 100002), 1) (TestCmd( 600002), 1) (TestCmd( 300002), 1) (TestCmd( 300003), 1) (TestCmd( 300004), 1) (TestCmd( 300005), 1) (TestCmd( 300006), 1) (TestCmd( 300007), 1) (TestCmd( 300008), 1) (TestCmd( 300009), 1) (TestCmd( 300010), 1) (TestCmd( 300011), 1) (TestCmd( 300012), 1) (TestCmd( 300013), 1) (TestCmd( 300014), 1) (TestCmd( 300015), 1) 
[ 2] [Commit index strict for 2 :  23]
[ 2] [Append_entries Response for 2]
[ 2] [     Matching_Index_Strict:  22]
[ 2] [     Success: TRUE]
[ 2] [New_State: NO_CHANGES]
[ 2] [State: FOLLOWER, Term:  1] 
[ 2] [Received_message: RAFT.MESSAGES.APPEND_ENTRIES_REQUEST] 
[ 2] [AppendEntriesRequest] for 2 Checking if log contains an entry at PrevLogTerm whose index matches PrevLogIndex
[ 2] [PrevLogIndex from Message:  22]
[ 2] [PrevLogTerm from message:  1]
[ 2] [ LogUpperBound:  23]
[ 2] [Logs for 2]
[ 2] (TestCmd( 1), 1) (TestCmd( 100001), 1) (TestCmd( 600001), 1) (TestCmd( 200001), 1) (TestCmd( 300001), 1) (TestCmd( 400001), 1) (TestCmd( 100002), 1) (TestCmd( 600002), 1) (TestCmd( 300002), 1) (TestCmd( 300003), 1) (TestCmd( 300004), 1) (TestCmd( 300005), 1) (TestCmd( 300006), 1) (TestCmd( 300007), 1) (TestCmd( 300008), 1) (TestCmd( 300009), 1) (TestCmd( 300010), 1) (TestCmd( 300011), 1) (TestCmd( 300012), 1) (TestCmd( 300013), 1) (TestCmd( 300014), 1) (TestCmd( 300015), 1) 
[No entries to add for 2]
[ 2] [Logs after update for 2]
[ 2] (TestCmd( 1), 1) (TestCmd( 100001), 1) (TestCmd( 600001), 1) (TestCmd( 200001), 1) (TestCmd( 300001), 1) (TestCmd( 400001), 1) (TestCmd( 100002), 1) (TestCmd( 600002), 1) (TestCmd( 300002), 1) (TestCmd( 300003), 1) (TestCmd( 300004), 1) (TestCmd( 300005), 1) (TestCmd( 300006), 1) (TestCmd( 300007), 1) (TestCmd( 300008), 1) (TestCmd( 300009), 1) (TestCmd( 300010), 1) (TestCmd( 300011), 1) (TestCmd( 300012), 1) (TestCmd( 300013), 1) (TestCmd( 300014), 1) (TestCmd( 300015), 1) 
[ 2] [Commit index strict for 2 :  23]
[ 2] [Append_entries Response for 2]
[ 2] [     Matching_Index_Strict:  22]
[ 2] [     Success: TRUE]
[ 2] [New_State: NO_CHANGES]
[ 2] [State: FOLLOWER, Term:  1] 
[ 2] [Received_message: RAFT.MESSAGES.APPEND_ENTRIES_REQUEST] 
[ 2] [AppendEntriesRequest] for 2 Checking if log contains an entry at PrevLogTerm whose index matches PrevLogIndex
[ 2] [PrevLogIndex from Message:  22]
[ 2] [PrevLogTerm from message:  1]
[ 2] [ LogUpperBound:  23]
[ 2] [Logs for 2]
[ 2] (TestCmd( 1), 1) (TestCmd( 100001), 1) (TestCmd( 600001), 1) (TestCmd( 200001), 1) (TestCmd( 300001), 1) (TestCmd( 400001), 1) (TestCmd( 100002), 1) (TestCmd( 600002), 1) (TestCmd( 300002), 1) (TestCmd( 300003), 1) (TestCmd( 300004), 1) (TestCmd( 300005), 1) (TestCmd( 300006), 1) (TestCmd( 300007), 1) (TestCmd( 300008), 1) (TestCmd( 300009), 1) (TestCmd( 300010), 1) (TestCmd( 300011), 1) (TestCmd( 300012), 1) (TestCmd( 300013), 1) (TestCmd( 300014), 1) (TestCmd( 300015), 1) 
[No entries to add for 2]
[ 2] [Logs after update for 2]
[ 2] (TestCmd( 1), 1) (TestCmd( 100001), 1) (TestCmd( 600001), 1) (TestCmd( 200001), 1) (TestCmd( 300001), 1) (TestCmd( 400001), 1) (TestCmd( 100002), 1) (TestCmd( 600002), 1) (TestCmd( 300002), 1) (TestCmd( 300003), 1) (TestCmd( 300004), 1) (TestCmd( 300005), 1) (TestCmd( 300006), 1) (TestCmd( 300007), 1) (TestCmd( 300008), 1) (TestCmd( 300009), 1) (TestCmd( 300010), 1) (TestCmd( 300011), 1) (TestCmd( 300012), 1) (TestCmd( 300013), 1) (TestCmd( 300014), 1) (TestCmd( 300015), 1) 
[ 2] [Commit index strict for 2 :  23]
[ 2] [Append_entries Response for 2]
[ 2] [     Matching_Index_Strict:  22]
[ 2] [     Success: TRUE]
[ 2] [New_State: NO_CHANGES]
[ 2] [State: FOLLOWER, Term:  1] 
[ 2] [Received_message: RAFT.MESSAGES.APPEND_ENTRIES_REQUEST] 
[ 2] [AppendEntriesRequest] for 2 Checking if log contains an entry at PrevLogTerm whose index matches PrevLogIndex
[ 2] [PrevLogIndex from Message:  22]
[ 2] [PrevLogTerm from message:  1]
[ 2] [ LogUpperBound:  23]
[ 2] [Logs for 2]
[ 2] (TestCmd( 1), 1) (TestCmd( 100001), 1) (TestCmd( 600001), 1) (TestCmd( 200001), 1) (TestCmd( 300001), 1) (TestCmd( 400001), 1) (TestCmd( 100002), 1) (TestCmd( 600002), 1) (TestCmd( 300002), 1) (TestCmd( 300003), 1) (TestCmd( 300004), 1) (TestCmd( 300005), 1) (TestCmd( 300006), 1) (TestCmd( 300007), 1) (TestCmd( 300008), 1) (TestCmd( 300009), 1) (TestCmd( 300010), 1) (TestCmd( 300011), 1) (TestCmd( 300012), 1) (TestCmd( 300013), 1) (TestCmd( 300014), 1) (TestCmd( 300015), 1) 
[No entries to add for 2]
[ 2] [Logs after update for 2]
[ 2] (TestCmd( 1), 1) (TestCmd( 100001), 1) (TestCmd( 600001), 1) (TestCmd( 200001), 1) (TestCmd( 300001), 1) (TestCmd( 400001), 1) (TestCmd( 100002), 1) (TestCmd( 600002), 1) (TestCmd( 300002), 1) (TestCmd( 300003), 1) (TestCmd( 300004), 1) (TestCmd( 300005), 1) (TestCmd( 300006), 1) (TestCmd( 300007), 1) (TestCmd( 300008), 1) (TestCmd( 300009), 1) (TestCmd( 300010), 1) (TestCmd( 300011), 1) (TestCmd( 300012), 1) (TestCmd( 300013), 1) (TestCmd( 300014), 1) (TestCmd( 300015), 1) 
[ 2] [Commit index strict for 2 :  23]
[ 2] [Append_entries Response for 2]
[ 2] [     Matching_Index_Strict:  22]
[ 2] [     Success: TRUE]
[ 2] [New_State: NO_CHANGES]
[node 2 epoch= 168] <- client D register
[ 2] [State: FOLLOWER, Term:  1] 
[ 2] [Received_message: RAFT.MESSAGES.REQUEST_REGISTER_CLIENT] 
[ 2] [New_State: NO_CHANGES]
[ 2] [State: FOLLOWER, Term:  1] 
[ 2] [Received_message: RAFT.MESSAGES.APPEND_ENTRIES_REQUEST] 
[ 2] [AppendEntriesRequest] for 2 Checking if log contains an entry at PrevLogTerm whose index matches PrevLogIndex
[ 2] [PrevLogIndex from Message:  22]
[ 2] [PrevLogTerm from message:  1]
[ 2] [ LogUpperBound:  23]
[ 2] [Logs for 2]
[ 2] (TestCmd( 1), 1) (TestCmd( 100001), 1) (TestCmd( 600001), 1) (TestCmd( 200001), 1) (TestCmd( 300001), 1) (TestCmd( 400001), 1) (TestCmd( 100002), 1) (TestCmd( 600002), 1) (TestCmd( 300002), 1) (TestCmd( 300003), 1) (TestCmd( 300004), 1) (TestCmd( 300005), 1) (TestCmd( 300006), 1) (TestCmd( 300007), 1) (TestCmd( 300008), 1) (TestCmd( 300009), 1) (TestCmd( 300010), 1) (TestCmd( 300011), 1) (TestCmd( 300012), 1) (TestCmd( 300013), 1) (TestCmd( 300014), 1) (TestCmd( 300015), 1) 
[No entries to add for 2]
[ 2] [Logs after update for 2]
[ 2] (TestCmd( 1), 1) (TestCmd( 100001), 1) (TestCmd( 600001), 1) (TestCmd( 200001), 1) (TestCmd( 300001), 1) (TestCmd( 400001), 1) (TestCmd( 100002), 1) (TestCmd( 600002), 1) (TestCmd( 300002), 1) (TestCmd( 300003), 1) (TestCmd( 300004), 1) (TestCmd( 300005), 1) (TestCmd( 300006), 1) (TestCmd( 300007), 1) (TestCmd( 300008), 1) (TestCmd( 300009), 1) (TestCmd( 300010), 1) (TestCmd( 300011), 1) (TestCmd( 300012), 1) (TestCmd( 300013), 1) (TestCmd( 300014), 1) (TestCmd( 300015), 1) 
[ 2] [Commit index strict for 2 :  23]
[ 2] [Append_entries Response for 2]
[ 2] [     Matching_Index_Strict:  22]
[ 2] [     Success: TRUE]
[ 2] [New_State: NO_CHANGES]
[ 2] [State: FOLLOWER, Term:  1] 
[ 2] [Received_message: RAFT.MESSAGES.APPEND_ENTRIES_REQUEST] 
[ 2] [AppendEntriesRequest] for 2 Checking if log contains an entry at PrevLogTerm whose index matches PrevLogIndex
[ 2] [PrevLogIndex from Message:  22]
[ 2] [PrevLogTerm from message:  1]
[ 2] [ LogUpperBound:  23]
[ 2] [Logs for 2]
[ 2] (TestCmd( 1), 1) (TestCmd( 100001), 1) (TestCmd( 600001), 1) (TestCmd( 200001), 1) (TestCmd( 300001), 1) (TestCmd( 400001), 1) (TestCmd( 100002), 1) (TestCmd( 600002), 1) (TestCmd( 300002), 1) (TestCmd( 300003), 1) (TestCmd( 300004), 1) (TestCmd( 300005), 1) (TestCmd( 300006), 1) (TestCmd( 300007), 1) (TestCmd( 300008), 1) (TestCmd( 300009), 1) (TestCmd( 300010), 1) (TestCmd( 300011), 1) (TestCmd( 300012), 1) (TestCmd( 300013), 1) (TestCmd( 300014), 1) (TestCmd( 300015), 1) 
[No entries to add for 2]
[ 2] [Logs after update for 2]
[ 2] (TestCmd( 1), 1) (TestCmd( 100001), 1) (TestCmd( 600001), 1) (TestCmd( 200001), 1) (TestCmd( 300001), 1) (TestCmd( 400001), 1) (TestCmd( 100002), 1) (TestCmd( 600002), 1) (TestCmd( 300002), 1) (TestCmd( 300003), 1) (TestCmd( 300004), 1) (TestCmd( 300005), 1) (TestCmd( 300006), 1) (TestCmd( 300007), 1) (TestCmd( 300008), 1) (TestCmd( 300009), 1) (TestCmd( 300010), 1) (TestCmd( 300011), 1) (TestCmd( 300012), 1) (TestCmd( 300013), 1) (TestCmd( 300014), 1) (TestCmd( 300015), 1) 
[ 2] [Commit index strict for 2 :  23]
[ 2] [Append_entries Response for 2]
[ 2] [     Matching_Index_Strict:  22]
[ 2] [     Success: TRUE]
[ 2] [New_State: NO_CHANGES]
[ 2] [State: FOLLOWER, Term:  1] 
[ 2] [Received_message: RAFT.MESSAGES.APPEND_ENTRIES_REQUEST] 
[ 2] [AppendEntriesRequest] for 2 Checking if log contains an entry at PrevLogTerm whose index matches PrevLogIndex
[ 2] [PrevLogIndex from Message:  22]
[ 2] [PrevLogTerm from message:  1]
[ 2] [ LogUpperBound:  23]
[ 2] [Logs for 2]
[ 2] (TestCmd( 1), 1) (TestCmd( 100001), 1) (TestCmd( 600001), 1) (TestCmd( 200001), 1) (TestCmd( 300001), 1) (TestCmd( 400001), 1) (TestCmd( 100002), 1) (TestCmd( 600002), 1) (TestCmd( 300002), 1) (TestCmd( 300003), 1) (TestCmd( 300004), 1) (TestCmd( 300005), 1) (TestCmd( 300006), 1) (TestCmd( 300007), 1) (TestCmd( 300008), 1) (TestCmd( 300009), 1) (TestCmd( 300010), 1) (TestCmd( 300011), 1) (TestCmd( 300012), 1) (TestCmd( 300013), 1) (TestCmd( 300014), 1) (TestCmd( 300015), 1) 
[No entries to add for 2]
[ 2] [Logs after update for 2]
[ 2] (TestCmd( 1), 1) (TestCmd( 100001), 1) (TestCmd( 600001), 1) (TestCmd( 200001), 1) (TestCmd( 300001), 1) (TestCmd( 400001), 1) (TestCmd( 100002), 1) (TestCmd( 600002), 1) (TestCmd( 300002), 1) (TestCmd( 300003), 1) (TestCmd( 300004), 1) (TestCmd( 300005), 1) (TestCmd( 300006), 1) (TestCmd( 300007), 1) (TestCmd( 300008), 1) (TestCmd( 300009), 1) (TestCmd( 300010), 1) (TestCmd( 300011), 1) (TestCmd( 300012), 1) (TestCmd( 300013), 1) (TestCmd( 300014), 1) (TestCmd( 300015), 1) 
[ 2] [Commit index strict for 2 :  23]
[ 2] [Append_entries Response for 2]
[ 2] [     Matching_Index_Strict:  22]
[ 2] [     Success: TRUE]
[ 2] [New_State: NO_CHANGES]
[ 2] [State: FOLLOWER, Term:  1] 
[ 2] [Received_message: RAFT.MESSAGES.APPEND_ENTRIES_REQUEST] 
[ 2] [AppendEntriesRequest] for 2 Checking if log contains an entry at PrevLogTerm whose index matches PrevLogIndex
[ 2] [PrevLogIndex from Message:  22]
[ 2] [PrevLogTerm from message:  1]
[ 2] [ LogUpperBound:  23]
[ 2] [Logs for 2]
[ 2] (TestCmd( 1), 1) (TestCmd( 100001), 1) (TestCmd( 600001), 1) (TestCmd( 200001), 1) (TestCmd( 300001), 1) (TestCmd( 400001), 1) (TestCmd( 100002), 1) (TestCmd( 600002), 1) (TestCmd( 300002), 1) (TestCmd( 300003), 1) (TestCmd( 300004), 1) (TestCmd( 300005), 1) (TestCmd( 300006), 1) (TestCmd( 300007), 1) (TestCmd( 300008), 1) (TestCmd( 300009), 1) (TestCmd( 300010), 1) (TestCmd( 300011), 1) (TestCmd( 300012), 1) (TestCmd( 300013), 1) (TestCmd( 300014), 1) (TestCmd( 300015), 1) 
[No entries to add for 2]
[ 2] [Logs after update for 2]
[ 2] (TestCmd( 1), 1) (TestCmd( 100001), 1) (TestCmd( 600001), 1) (TestCmd( 200001), 1) (TestCmd( 300001), 1) (TestCmd( 400001), 1) (TestCmd( 100002), 1) (TestCmd( 600002), 1) (TestCmd( 300002), 1) (TestCmd( 300003), 1) (TestCmd( 300004), 1) (TestCmd( 300005), 1) (TestCmd( 300006), 1) (TestCmd( 300007), 1) (TestCmd( 300008), 1) (TestCmd( 300009), 1) (TestCmd( 300010), 1) (TestCmd( 300011), 1) (TestCmd( 300012), 1) (TestCmd( 300013), 1) (TestCmd( 300014), 1) (TestCmd( 300015), 1) 
[ 2] [Commit index strict for 2 :  23]
[ 2] [Append_entries Response for 2]
[ 2] [     Matching_Index_Strict:  22]
[ 2] [     Success: TRUE]
[ 2] [New_State: NO_CHANGES]
[ 2] [State: FOLLOWER, Term:  1] 
[ 2] [Received_message: RAFT.MESSAGES.APPEND_ENTRIES_REQUEST] 
[ 2] [AppendEntriesRequest] for 2 Checking if log contains an entry at PrevLogTerm whose index matches PrevLogIndex
[ 2] [PrevLogIndex from Message:  22]
[ 2] [PrevLogTerm from message:  1]
[ 2] [ LogUpperBound:  23]
[ 2] [Logs for 2]
[ 2] (TestCmd( 1), 1) (TestCmd( 100001), 1) (TestCmd( 600001), 1) (TestCmd( 200001), 1) (TestCmd( 300001), 1) (TestCmd( 400001), 1) (TestCmd( 100002), 1) (TestCmd( 600002), 1) (TestCmd( 300002), 1) (TestCmd( 300003), 1) (TestCmd( 300004), 1) (TestCmd( 300005), 1) (TestCmd( 300006), 1) (TestCmd( 300007), 1) (TestCmd( 300008), 1) (TestCmd( 300009), 1) (TestCmd( 300010), 1) (TestCmd( 300011), 1) (TestCmd( 300012), 1) (TestCmd( 300013), 1) (TestCmd( 300014), 1) (TestCmd( 300015), 1) 
[No entries to add for 2]
[ 2] [Logs after update for 2]
[ 2] (TestCmd( 1), 1) (TestCmd( 100001), 1) (TestCmd( 600001), 1) (TestCmd( 200001), 1) (TestCmd( 300001), 1) (TestCmd( 400001), 1) (TestCmd( 100002), 1) (TestCmd( 600002), 1) (TestCmd( 300002), 1) (TestCmd( 300003), 1) (TestCmd( 300004), 1) (TestCmd( 300005), 1) (TestCmd( 300006), 1) (TestCmd( 300007), 1) (TestCmd( 300008), 1) (TestCmd( 300009), 1) (TestCmd( 300010), 1) (TestCmd( 300011), 1) (TestCmd( 300012), 1) (TestCmd( 300013), 1) (TestCmd( 300014), 1) (TestCmd( 300015), 1) 
[ 2] [Commit index strict for 2 :  23]
[ 2] [Append_entries Response for 2]
[ 2] [     Matching_Index_Strict:  22]
[ 2] [     Success: TRUE]
[ 2] [New_State: NO_CHANGES]
[ 2] [State: FOLLOWER, Term:  1] 
[ 2] [Received_message: RAFT.MESSAGES.APPEND_ENTRIES_REQUEST] 
[ 2] [AppendEntriesRequest] for 2 Checking if log contains an entry at PrevLogTerm whose index matches PrevLogIndex
[ 2] [PrevLogIndex from Message:  22]
[ 2] [PrevLogTerm from message:  1]
[ 2] [ LogUpperBound:  23]
[ 2] [Logs for 2]
[ 2] (TestCmd( 1), 1) (TestCmd( 100001), 1) (TestCmd( 600001), 1) (TestCmd( 200001), 1) (TestCmd( 300001), 1) (TestCmd( 400001), 1) (TestCmd( 100002), 1) (TestCmd( 600002), 1) (TestCmd( 300002), 1) (TestCmd( 300003), 1) (TestCmd( 300004), 1) (TestCmd( 300005), 1) (TestCmd( 300006), 1) (TestCmd( 300007), 1) (TestCmd( 300008), 1) (TestCmd( 300009), 1) (TestCmd( 300010), 1) (TestCmd( 300011), 1) (TestCmd( 300012), 1) (TestCmd( 300013), 1) (TestCmd( 300014), 1) (TestCmd( 300015), 1) 
[No entries to add for 2]
[ 2] [Logs after update for 2]
[ 2] (TestCmd( 1), 1) (TestCmd( 100001), 1) (TestCmd( 600001), 1) (TestCmd( 200001), 1) (TestCmd( 300001), 1) (TestCmd( 400001), 1) (TestCmd( 100002), 1) (TestCmd( 600002), 1) (TestCmd( 300002), 1) (TestCmd( 300003), 1) (TestCmd( 300004), 1) (TestCmd( 300005), 1) (TestCmd( 300006), 1) (TestCmd( 300007), 1) (TestCmd( 300008), 1) (TestCmd( 300009), 1) (TestCmd( 300010), 1) (TestCmd( 300011), 1) (TestCmd( 300012), 1) (TestCmd( 300013), 1) (TestCmd( 300014), 1) (TestCmd( 300015), 1) 
[ 2] [Commit index strict for 2 :  23]
[ 2] [Append_entries Response for 2]
[ 2] [     Matching_Index_Strict:  22]
[ 2] [     Success: TRUE]
[ 2] [New_State: NO_CHANGES]
[ 2] [State: FOLLOWER, Term:  1] 
[ 2] [Received_message: RAFT.MESSAGES.APPEND_ENTRIES_REQUEST] 
[ 2] [AppendEntriesRequest] for 2 Checking if log contains an entry at PrevLogTerm whose index matches PrevLogIndex
[ 2] [PrevLogIndex from Message:  22]
[ 2] [PrevLogTerm from message:  1]
[ 2] [ LogUpperBound:  23]
[ 2] [Logs for 2]
[ 2] (TestCmd( 1), 1) (TestCmd( 100001), 1) (TestCmd( 600001), 1) (TestCmd( 200001), 1) (TestCmd( 300001), 1) (TestCmd( 400001), 1) (TestCmd( 100002), 1) (TestCmd( 600002), 1) (TestCmd( 300002), 1) (TestCmd( 300003), 1) (TestCmd( 300004), 1) (TestCmd( 300005), 1) (TestCmd( 300006), 1) (TestCmd( 300007), 1) (TestCmd( 300008), 1) (TestCmd( 300009), 1) (TestCmd( 300010), 1) (TestCmd( 300011), 1) (TestCmd( 300012), 1) (TestCmd( 300013), 1) (TestCmd( 300014), 1) (TestCmd( 300015), 1) 
[No entries to add for 2]
[ 2] [Logs after update for 2]
[ 2] (TestCmd( 1), 1) (TestCmd( 100001), 1) (TestCmd( 600001), 1) (TestCmd( 200001), 1) (TestCmd( 300001), 1) (TestCmd( 400001), 1) (TestCmd( 100002), 1) (TestCmd( 600002), 1) (TestCmd( 300002), 1) (TestCmd( 300003), 1) (TestCmd( 300004), 1) (TestCmd( 300005), 1) (TestCmd( 300006), 1) (TestCmd( 300007), 1) (TestCmd( 300008), 1) (TestCmd( 300009), 1) (TestCmd( 300010), 1) (TestCmd( 300011), 1) (TestCmd( 300012), 1) (TestCmd( 300013), 1) (TestCmd( 300014), 1) (TestCmd( 300015), 1) 
[ 2] [Commit index strict for 2 :  23]
[ 2] [Append_entries Response for 2]
[ 2] [     Matching_Index_Strict:  22]
[ 2] [     Success: TRUE]
[ 2] [New_State: NO_CHANGES]
[ 2] [State: FOLLOWER, Term:  1] 
[ 2] [Received_message: RAFT.MESSAGES.APPEND_ENTRIES_REQUEST] 
[ 2] [AppendEntriesRequest] for 2 Checking if log contains an entry at PrevLogTerm whose index matches PrevLogIndex
[ 2] [PrevLogIndex from Message:  22]
[ 2] [PrevLogTerm from message:  1]
[ 2] [ LogUpperBound:  23]
[ 2] [Logs for 2]
[ 2] (TestCmd( 1), 1) (TestCmd( 100001), 1) (TestCmd( 600001), 1) (TestCmd( 200001), 1) (TestCmd( 300001), 1) (TestCmd( 400001), 1) (TestCmd( 100002), 1) (TestCmd( 600002), 1) (TestCmd( 300002), 1) (TestCmd( 300003), 1) (TestCmd( 300004), 1) (TestCmd( 300005), 1) (TestCmd( 300006), 1) (TestCmd( 300007), 1) (TestCmd( 300008), 1) (TestCmd( 300009), 1) (TestCmd( 300010), 1) (TestCmd( 300011), 1) (TestCmd( 300012), 1) (TestCmd( 300013), 1) (TestCmd( 300014), 1) (TestCmd( 300015), 1) 
[No entries to add for 2]
[ 2] [Logs after update for 2]
[ 2] (TestCmd( 1), 1) (TestCmd( 100001), 1) (TestCmd( 600001), 1) (TestCmd( 200001), 1) (TestCmd( 300001), 1) (TestCmd( 400001), 1) (TestCmd( 100002), 1) (TestCmd( 600002), 1) (TestCmd( 300002), 1) (TestCmd( 300003), 1) (TestCmd( 300004), 1) (TestCmd( 300005), 1) (TestCmd( 300006), 1) (TestCmd( 300007), 1) (TestCmd( 300008), 1) (TestCmd( 300009), 1) (TestCmd( 300010), 1) (TestCmd( 300011), 1) (TestCmd( 300012), 1) (TestCmd( 300013), 1) (TestCmd( 300014), 1) (TestCmd( 300015), 1) 
[ 2] [Commit index strict for 2 :  23]
[ 2] [Append_entries Response for 2]
[ 2] [     Matching_Index_Strict:  22]
[ 2] [     Success: TRUE]
[ 2] [New_State: NO_CHANGES]
[ 2] [State: FOLLOWER, Term:  1] 
[ 2] [Received_message: RAFT.MESSAGES.APPEND_ENTRIES_REQUEST] 
[ 2] [AppendEntriesRequest] for 2 Checking if log contains an entry at PrevLogTerm whose index matches PrevLogIndex
[ 2] [PrevLogIndex from Message:  22]
[ 2] [PrevLogTerm from message:  1]
[ 2] [ LogUpperBound:  23]
[ 2] [Logs for 2]
[ 2] (TestCmd( 1), 1) (TestCmd( 100001), 1) (TestCmd( 600001), 1) (TestCmd( 200001), 1) (TestCmd( 300001), 1) (TestCmd( 400001), 1) (TestCmd( 100002), 1) (TestCmd( 600002), 1) (TestCmd( 300002), 1) (TestCmd( 300003), 1) (TestCmd( 300004), 1) (TestCmd( 300005), 1) (TestCmd( 300006), 1) (TestCmd( 300007), 1) (TestCmd( 300008), 1) (TestCmd( 300009), 1) (TestCmd( 300010), 1) (TestCmd( 300011), 1) (TestCmd( 300012), 1) (TestCmd( 300013), 1) (TestCmd( 300014), 1) (TestCmd( 300015), 1) 
[No entries to add for 2]
[ 2] [Logs after update for 2]
[ 2] (TestCmd( 1), 1) (TestCmd( 100001), 1) (TestCmd( 600001), 1) (TestCmd( 200001), 1) (TestCmd( 300001), 1) (TestCmd( 400001), 1) (TestCmd( 100002), 1) (TestCmd( 600002), 1) (TestCmd( 300002), 1) (TestCmd( 300003), 1) (TestCmd( 300004), 1) (TestCmd( 300005), 1) (TestCmd( 300006), 1) (TestCmd( 300007), 1) (TestCmd( 300008), 1) (TestCmd( 300009), 1) (TestCmd( 300010), 1) (TestCmd( 300011), 1) (TestCmd( 300012), 1) (TestCmd( 300013), 1) (TestCmd( 300014), 1) (TestCmd( 300015), 1) 
[ 2] [Commit index strict for 2 :  23]
[ 2] [Append_entries Response for 2]
[ 2] [     Matching_Index_Strict:  22]
[ 2] [     Success: TRUE]
[ 2] [New_State: NO_CHANGES]
[ 2] [State: FOLLOWER, Term:  1] 
[ 2] [Received_message: RAFT.MESSAGES.APPEND_ENTRIES_REQUEST] 
[ 2] [AppendEntriesRequest] for 2 Checking if log contains an entry at PrevLogTerm whose index matches PrevLogIndex
[ 2] [PrevLogIndex from Message:  22]
[ 2] [PrevLogTerm from message:  1]
[ 2] [ LogUpperBound:  23]
[ 2] [Logs for 2]
[ 2] (TestCmd( 1), 1) (TestCmd( 100001), 1) (TestCmd( 600001), 1) (TestCmd( 200001), 1) (TestCmd( 300001), 1) (TestCmd( 400001), 1) (TestCmd( 100002), 1) (TestCmd( 600002), 1) (TestCmd( 300002), 1) (TestCmd( 300003), 1) (TestCmd( 300004), 1) (TestCmd( 300005), 1) (TestCmd( 300006), 1) (TestCmd( 300007), 1) (TestCmd( 300008), 1) (TestCmd( 300009), 1) (TestCmd( 300010), 1) (TestCmd( 300011), 1) (TestCmd( 300012), 1) (TestCmd( 300013), 1) (TestCmd( 300014), 1) (TestCmd( 300015), 1) 
[No entries to add for 2]
[ 2] [Logs after update for 2]
[ 2] (TestCmd( 1), 1) (TestCmd( 100001), 1) (TestCmd( 600001), 1) (TestCmd( 200001), 1) (TestCmd( 300001), 1) (TestCmd( 400001), 1) (TestCmd( 100002), 1) (TestCmd( 600002), 1) (TestCmd( 300002), 1) (TestCmd( 300003), 1) (TestCmd( 300004), 1) (TestCmd( 300005), 1) (TestCmd( 300006), 1) (TestCmd( 300007), 1) (TestCmd( 300008), 1) (TestCmd( 300009), 1) (TestCmd( 300010), 1) (TestCmd( 300011), 1) (TestCmd( 300012), 1) (TestCmd( 300013), 1) (TestCmd( 300014), 1) (TestCmd( 300015), 1) 
[ 2] [Commit index strict for 2 :  23]
[ 2] [Append_entries Response for 2]
[ 2] [     Matching_Index_Strict:  22]
[ 2] [     Success: TRUE]
[ 2] [New_State: NO_CHANGES]
[ 2] [State: FOLLOWER, Term:  1] 
[ 2] [Received_message: RAFT.MESSAGES.APPEND_ENTRIES_REQUEST] 
[ 2] [AppendEntriesRequest] for 2 Checking if log contains an entry at PrevLogTerm whose index matches PrevLogIndex
[ 2] [PrevLogIndex from Message:  22]
[ 2] [PrevLogTerm from message:  1]
[ 2] [ LogUpperBound:  23]
[ 2] [Logs for 2]
[ 2] (TestCmd( 1), 1) (TestCmd( 100001), 1) (TestCmd( 600001), 1) (TestCmd( 200001), 1) (TestCmd( 300001), 1) (TestCmd( 400001), 1) (TestCmd( 100002), 1) (TestCmd( 600002), 1) (TestCmd( 300002), 1) (TestCmd( 300003), 1) (TestCmd( 300004), 1) (TestCmd( 300005), 1) (TestCmd( 300006), 1) (TestCmd( 300007), 1) (TestCmd( 300008), 1) (TestCmd( 300009), 1) (TestCmd( 300010), 1) (TestCmd( 300011), 1) (TestCmd( 300012), 1) (TestCmd( 300013), 1) (TestCmd( 300014), 1) (TestCmd( 300015), 1) 
[No entries to add for 2]
[ 2] [Logs after update for 2]
[ 2] (TestCmd( 1), 1) (TestCmd( 100001), 1) (TestCmd( 600001), 1) (TestCmd( 200001), 1) (TestCmd( 300001), 1) (TestCmd( 400001), 1) (TestCmd( 100002), 1) (TestCmd( 600002), 1) (TestCmd( 300002), 1) (TestCmd( 300003), 1) (TestCmd( 300004), 1) (TestCmd( 300005), 1) (TestCmd( 300006), 1) (TestCmd( 300007), 1) (TestCmd( 300008), 1) (TestCmd( 300009), 1) (TestCmd( 300010), 1) (TestCmd( 300011), 1) (TestCmd( 300012), 1) (TestCmd( 300013), 1) (TestCmd( 300014), 1) (TestCmd( 300015), 1) 
[ 2] [Commit index strict for 2 :  23]
[ 2] [Append_entries Response for 2]
[ 2] [     Matching_Index_Strict:  22]
[ 2] [     Success: TRUE]
[ 2] [New_State: NO_CHANGES]
[ 2] [State: FOLLOWER, Term:  1] 
[ 2] [Received_message: RAFT.MESSAGES.APPEND_ENTRIES_REQUEST] 
[ 2] [AppendEntriesRequest] for 2 Checking if log contains an entry at PrevLogTerm whose index matches PrevLogIndex
[ 2] [PrevLogIndex from Message:  22]
[ 2] [PrevLogTerm from message:  1]
[ 2] [ LogUpperBound:  23]
[ 2] [Logs for 2]
[ 2] (TestCmd( 1), 1) (TestCmd( 100001), 1) (TestCmd( 600001), 1) (TestCmd( 200001), 1) (TestCmd( 300001), 1) (TestCmd( 400001), 1) (TestCmd( 100002), 1) (TestCmd( 600002), 1) (TestCmd( 300002), 1) (TestCmd( 300003), 1) (TestCmd( 300004), 1) (TestCmd( 300005), 1) (TestCmd( 300006), 1) (TestCmd( 300007), 1) (TestCmd( 300008), 1) (TestCmd( 300009), 1) (TestCmd( 300010), 1) (TestCmd( 300011), 1) (TestCmd( 300012), 1) (TestCmd( 300013), 1) (TestCmd( 300014), 1) (TestCmd( 300015), 1) 
[No entries to add for 2]
[ 2] [Logs after update for 2]
[ 2] (TestCmd( 1), 1) (TestCmd( 100001), 1) (TestCmd( 600001), 1) (TestCmd( 200001), 1) (TestCmd( 300001), 1) (TestCmd( 400001), 1) (TestCmd( 100002), 1) (TestCmd( 600002), 1) (TestCmd( 300002), 1) (TestCmd( 300003), 1) (TestCmd( 300004), 1) (TestCmd( 300005), 1) (TestCmd( 300006), 1) (TestCmd( 300007), 1) (TestCmd( 300008), 1) (TestCmd( 300009), 1) (TestCmd( 300010), 1) (TestCmd( 300011), 1) (TestCmd( 300012), 1) (TestCmd( 300013), 1) (TestCmd( 300014), 1) (TestCmd( 300015), 1) 
[ 2] [Commit index strict for 2 :  23]
[ 2] [Append_entries Response for 2]
[ 2] [     Matching_Index_Strict:  22]
[ 2] [     Success: TRUE]
[ 2] [New_State: NO_CHANGES]
[ 2] [State: FOLLOWER, Term:  1] 
[ 2] [Received_message: RAFT.MESSAGES.APPEND_ENTRIES_REQUEST] 
[ 2] [AppendEntriesRequest] for 2 Checking if log contains an entry at PrevLogTerm whose index matches PrevLogIndex
[ 2] [PrevLogIndex from Message:  22]
[ 2] [PrevLogTerm from message:  1]
[ 2] [ LogUpperBound:  23]
[ 2] [Logs for 2]
[ 2] (TestCmd( 1), 1) (TestCmd( 100001), 1) (TestCmd( 600001), 1) (TestCmd( 200001), 1) (TestCmd( 300001), 1) (TestCmd( 400001), 1) (TestCmd( 100002), 1) (TestCmd( 600002), 1) (TestCmd( 300002), 1) (TestCmd( 300003), 1) (TestCmd( 300004), 1) (TestCmd( 300005), 1) (TestCmd( 300006), 1) (TestCmd( 300007), 1) (TestCmd( 300008), 1) (TestCmd( 300009), 1) (TestCmd( 300010), 1) (TestCmd( 300011), 1) (TestCmd( 300012), 1) (TestCmd( 300013), 1) (TestCmd( 300014), 1) (TestCmd( 300015), 1) 
[No entries to add for 2]
[ 2] [Logs after update for 2]
[ 2] (TestCmd( 1), 1) (TestCmd( 100001), 1) (TestCmd( 600001), 1) (TestCmd( 200001), 1) (TestCmd( 300001), 1) (TestCmd( 400001), 1) (TestCmd( 100002), 1) (TestCmd( 600002), 1) (TestCmd( 300002), 1) (TestCmd( 300003), 1) (TestCmd( 300004), 1) (TestCmd( 300005), 1) (TestCmd( 300006), 1) (TestCmd( 300007), 1) (TestCmd( 300008), 1) (TestCmd( 300009), 1) (TestCmd( 300010), 1) (TestCmd( 300011), 1) (TestCmd( 300012), 1) (TestCmd( 300013), 1) (TestCmd( 300014), 1) (TestCmd( 300015), 1) 
[ 2] [Commit index strict for 2 :  23]
[ 2] [Append_entries Response for 2]
[ 2] [     Matching_Index_Strict:  22]
[ 2] [     Success: TRUE]
[ 2] [New_State: NO_CHANGES]
[ 2] [State: FOLLOWER, Term:  1] 
[ 2] [Received_message: RAFT.MESSAGES.APPEND_ENTRIES_REQUEST] 
[ 2] [AppendEntriesRequest] for 2 Checking if log contains an entry at PrevLogTerm whose index matches PrevLogIndex
[ 2] [PrevLogIndex from Message:  22]
[ 2] [PrevLogTerm from message:  1]
[ 2] [ LogUpperBound:  23]
[ 2] [Logs for 2]
[ 2] (TestCmd( 1), 1) (TestCmd( 100001), 1) (TestCmd( 600001), 1) (TestCmd( 200001), 1) (TestCmd( 300001), 1) (TestCmd( 400001), 1) (TestCmd( 100002), 1) (TestCmd( 600002), 1) (TestCmd( 300002), 1) (TestCmd( 300003), 1) (TestCmd( 300004), 1) (TestCmd( 300005), 1) (TestCmd( 300006), 1) (TestCmd( 300007), 1) (TestCmd( 300008), 1) (TestCmd( 300009), 1) (TestCmd( 300010), 1) (TestCmd( 300011), 1) (TestCmd( 300012), 1) (TestCmd( 300013), 1) (TestCmd( 300014), 1) (TestCmd( 300015), 1) 
[No entries to add for 2]
[ 2] [Logs after update for 2]
[ 2] (TestCmd( 1), 1) (TestCmd( 100001), 1) (TestCmd( 600001), 1) (TestCmd( 200001), 1) (TestCmd( 300001), 1) (TestCmd( 400001), 1) (TestCmd( 100002), 1) (TestCmd( 600002), 1) (TestCmd( 300002), 1) (TestCmd( 300003), 1) (TestCmd( 300004), 1) (TestCmd( 300005), 1) (TestCmd( 300006), 1) (TestCmd( 300007), 1) (TestCmd( 300008), 1) (TestCmd( 300009), 1) (TestCmd( 300010), 1) (TestCmd( 300011), 1) (TestCmd( 300012), 1) (TestCmd( 300013), 1) (TestCmd( 300014), 1) (TestCmd( 300015), 1) 
[ 2] [Commit index strict for 2 :  23]
[ 2] [Append_entries Response for 2]
[ 2] [     Matching_Index_Strict:  22]
[ 2] [     Success: TRUE]
[ 2] [New_State: NO_CHANGES]
[ 2] [State: FOLLOWER, Term:  1] 
[ 2] [Received_message: RAFT.MESSAGES.APPEND_ENTRIES_REQUEST] 
[ 2] [AppendEntriesRequest] for 2 Checking if log contains an entry at PrevLogTerm whose index matches PrevLogIndex
[ 2] [PrevLogIndex from Message:  22]
[ 2] [PrevLogTerm from message:  1]
[ 2] [ LogUpperBound:  23]
[ 2] [Logs for 2]
[ 2] (TestCmd( 1), 1) (TestCmd( 100001), 1) (TestCmd( 600001), 1) (TestCmd( 200001), 1) (TestCmd( 300001), 1) (TestCmd( 400001), 1) (TestCmd( 100002), 1) (TestCmd( 600002), 1) (TestCmd( 300002), 1) (TestCmd( 300003), 1) (TestCmd( 300004), 1) (TestCmd( 300005), 1) (TestCmd( 300006), 1) (TestCmd( 300007), 1) (TestCmd( 300008), 1) (TestCmd( 300009), 1) (TestCmd( 300010), 1) (TestCmd( 300011), 1) (TestCmd( 300012), 1) (TestCmd( 300013), 1) (TestCmd( 300014), 1) (TestCmd( 300015), 1) 
[No entries to add for 2]
[ 2] [Logs after update for 2]
[ 2] (TestCmd( 1), 1) (TestCmd( 100001), 1) (TestCmd( 600001), 1) (TestCmd( 200001), 1) (TestCmd( 300001), 1) (TestCmd( 400001), 1) (TestCmd( 100002), 1) (TestCmd( 600002), 1) (TestCmd( 300002), 1) (TestCmd( 300003), 1) (TestCmd( 300004), 1) (TestCmd( 300005), 1) (TestCmd( 300006), 1) (TestCmd( 300007), 1) (TestCmd( 300008), 1) (TestCmd( 300009), 1) (TestCmd( 300010), 1) (TestCmd( 300011), 1) (TestCmd( 300012), 1) (TestCmd( 300013), 1) (TestCmd( 300014), 1) (TestCmd( 300015), 1) 
[ 2] [Commit index strict for 2 :  23]
[ 2] [Append_entries Response for 2]
[ 2] [     Matching_Index_Strict:  22]
[ 2] [     Success: TRUE]
[ 2] [New_State: NO_CHANGES]
[ 2] [State: FOLLOWER, Term:  1] 
[ 2] [Received_message: RAFT.MESSAGES.APPEND_ENTRIES_REQUEST] 
[ 2] [AppendEntriesRequest] for 2 Checking if log contains an entry at PrevLogTerm whose index matches PrevLogIndex
[ 2] [PrevLogIndex from Message:  22]
[ 2] [PrevLogTerm from message:  1]
[ 2] [ LogUpperBound:  23]
[ 2] [Logs for 2]
[ 2] (TestCmd( 1), 1) (TestCmd( 100001), 1) (TestCmd( 600001), 1) (TestCmd( 200001), 1) (TestCmd( 300001), 1) (TestCmd( 400001), 1) (TestCmd( 100002), 1) (TestCmd( 600002), 1) (TestCmd( 300002), 1) (TestCmd( 300003), 1) (TestCmd( 300004), 1) (TestCmd( 300005), 1) (TestCmd( 300006), 1) (TestCmd( 300007), 1) (TestCmd( 300008), 1) (TestCmd( 300009), 1) (TestCmd( 300010), 1) (TestCmd( 300011), 1) (TestCmd( 300012), 1) (TestCmd( 300013), 1) (TestCmd( 300014), 1) (TestCmd( 300015), 1) 
[No entries to add for 2]
[ 2] [Logs after update for 2]
[ 2] (TestCmd( 1), 1) (TestCmd( 100001), 1) (TestCmd( 600001), 1) (TestCmd( 200001), 1) (TestCmd( 300001), 1) (TestCmd( 400001), 1) (TestCmd( 100002), 1) (TestCmd( 600002), 1) (TestCmd( 300002), 1) (TestCmd( 300003), 1) (TestCmd( 300004), 1) (TestCmd( 300005), 1) (TestCmd( 300006), 1) (TestCmd( 300007), 1) (TestCmd( 300008), 1) (TestCmd( 300009), 1) (TestCmd( 300010), 1) (TestCmd( 300011), 1) (TestCmd( 300012), 1) (TestCmd( 300013), 1) (TestCmd( 300014), 1) (TestCmd( 300015), 1) 
[ 2] [Commit index strict for 2 :  23]
[ 2] [Append_entries Response for 2]
[ 2] [     Matching_Index_Strict:  22]
[ 2] [     Success: TRUE]
[ 2] [New_State: NO_CHANGES]
[ 2] [State: FOLLOWER, Term:  1] 
[ 2] [Received_message: RAFT.MESSAGES.APPEND_ENTRIES_REQUEST] 
[ 2] [AppendEntriesRequest] for 2 Checking if log contains an entry at PrevLogTerm whose index matches PrevLogIndex
[ 2] [PrevLogIndex from Message:  22]
[ 2] [PrevLogTerm from message:  1]
[ 2] [ LogUpperBound:  23]
[ 2] [Logs for 2]
[ 2] (TestCmd( 1), 1) (TestCmd( 100001), 1) (TestCmd( 600001), 1) (TestCmd( 200001), 1) (TestCmd( 300001), 1) (TestCmd( 400001), 1) (TestCmd( 100002), 1) (TestCmd( 600002), 1) (TestCmd( 300002), 1) (TestCmd( 300003), 1) (TestCmd( 300004), 1) (TestCmd( 300005), 1) (TestCmd( 300006), 1) (TestCmd( 300007), 1) (TestCmd( 300008), 1) (TestCmd( 300009), 1) (TestCmd( 300010), 1) (TestCmd( 300011), 1) (TestCmd( 300012), 1) (TestCmd( 300013), 1) (TestCmd( 300014), 1) (TestCmd( 300015), 1) 
[No entries to add for 2]
[ 2] [Logs after update for 2]
[ 2] (TestCmd( 1), 1) (TestCmd( 100001), 1) (TestCmd( 600001), 1) (TestCmd( 200001), 1) (TestCmd( 300001), 1) (TestCmd( 400001), 1) (TestCmd( 100002), 1) (TestCmd( 600002), 1) (TestCmd( 300002), 1) (TestCmd( 300003), 1) (TestCmd( 300004), 1) (TestCmd( 300005), 1) (TestCmd( 300006), 1) (TestCmd( 300007), 1) (TestCmd( 300008), 1) (TestCmd( 300009), 1) (TestCmd( 300010), 1) (TestCmd( 300011), 1) (TestCmd( 300012), 1) (TestCmd( 300013), 1) (TestCmd( 300014), 1) (TestCmd( 300015), 1) 
[ 2] [Commit index strict for 2 :  23]
[ 2] [Append_entries Response for 2]
[ 2] [     Matching_Index_Strict:  22]
[ 2] [     Success: TRUE]
[ 2] [New_State: NO_CHANGES]
[ 2] [State: FOLLOWER, Term:  1] 
[ 2] [Received_message: RAFT.MESSAGES.APPEND_ENTRIES_REQUEST] 
[ 2] [AppendEntriesRequest] for 2 Checking if log contains an entry at PrevLogTerm whose index matches PrevLogIndex
[ 2] [PrevLogIndex from Message:  22]
[ 2] [PrevLogTerm from message:  1]
[ 2] [ LogUpperBound:  23]
[ 2] [Logs for 2]
[ 2] (TestCmd( 1), 1) (TestCmd( 100001), 1) (TestCmd( 600001), 1) (TestCmd( 200001), 1) (TestCmd( 300001), 1) (TestCmd( 400001), 1) (TestCmd( 100002), 1) (TestCmd( 600002), 1) (TestCmd( 300002), 1) (TestCmd( 300003), 1) (TestCmd( 300004), 1) (TestCmd( 300005), 1) (TestCmd( 300006), 1) (TestCmd( 300007), 1) (TestCmd( 300008), 1) (TestCmd( 300009), 1) (TestCmd( 300010), 1) (TestCmd( 300011), 1) (TestCmd( 300012), 1) (TestCmd( 300013), 1) (TestCmd( 300014), 1) (TestCmd( 300015), 1) 
[No entries to add for 2]
[ 2] [Logs after update for 2]
[ 2] (TestCmd( 1), 1) (TestCmd( 100001), 1) (TestCmd( 600001), 1) (TestCmd( 200001), 1) (TestCmd( 300001), 1) (TestCmd( 400001), 1) (TestCmd( 100002), 1) (TestCmd( 600002), 1) (TestCmd( 300002), 1) (TestCmd( 300003), 1) (TestCmd( 300004), 1) (TestCmd( 300005), 1) (TestCmd( 300006), 1) (TestCmd( 300007), 1) (TestCmd( 300008), 1) (TestCmd( 300009), 1) (TestCmd( 300010), 1) (TestCmd( 300011), 1) (TestCmd( 300012), 1) (TestCmd( 300013), 1) (TestCmd( 300014), 1) (TestCmd( 300015), 1) 
[ 2] [Commit index strict for 2 :  23]
[ 2] [Append_entries Response for 2]
[ 2] [     Matching_Index_Strict:  22]
[ 2] [     Success: TRUE]
[ 2] [New_State: NO_CHANGES]
[ 2] [State: FOLLOWER, Term:  1] 
[ 2] [Received_message: RAFT.MESSAGES.APPEND_ENTRIES_REQUEST] 
[ 2] [AppendEntriesRequest] for 2 Checking if log contains an entry at PrevLogTerm whose index matches PrevLogIndex
[ 2] [PrevLogIndex from Message:  22]
[ 2] [PrevLogTerm from message:  1]
[ 2] [ LogUpperBound:  23]
[ 2] [Logs for 2]
[ 2] (TestCmd( 1), 1) (TestCmd( 100001), 1) (TestCmd( 600001), 1) (TestCmd( 200001), 1) (TestCmd( 300001), 1) (TestCmd( 400001), 1) (TestCmd( 100002), 1) (TestCmd( 600002), 1) (TestCmd( 300002), 1) (TestCmd( 300003), 1) (TestCmd( 300004), 1) (TestCmd( 300005), 1) (TestCmd( 300006), 1) (TestCmd( 300007), 1) (TestCmd( 300008), 1) (TestCmd( 300009), 1) (TestCmd( 300010), 1) (TestCmd( 300011), 1) (TestCmd( 300012), 1) (TestCmd( 300013), 1) (TestCmd( 300014), 1) (TestCmd( 300015), 1) 
[No entries to add for 2]
[ 2] [Logs after update for 2]
[ 2] (TestCmd( 1), 1) (TestCmd( 100001), 1) (TestCmd( 600001), 1) (TestCmd( 200001), 1) (TestCmd( 300001), 1) (TestCmd( 400001), 1) (TestCmd( 100002), 1) (TestCmd( 600002), 1) (TestCmd( 300002), 1) (TestCmd( 300003), 1) (TestCmd( 300004), 1) (TestCmd( 300005), 1) (TestCmd( 300006), 1) (TestCmd( 300007), 1) (TestCmd( 300008), 1) (TestCmd( 300009), 1) (TestCmd( 300010), 1) (TestCmd( 300011), 1) (TestCmd( 300012), 1) (TestCmd( 300013), 1) (TestCmd( 300014), 1) (TestCmd( 300015), 1) 
[ 2] [Commit index strict for 2 :  23]
[ 2] [Append_entries Response for 2]
[ 2] [     Matching_Index_Strict:  22]
[ 2] [     Success: TRUE]
[ 2] [New_State: NO_CHANGES]
[ 2] [State: FOLLOWER, Term:  1] 
[ 2] [Received_message: RAFT.MESSAGES.APPEND_ENTRIES_REQUEST] 
[ 2] [AppendEntriesRequest] for 2 Checking if log contains an entry at PrevLogTerm whose index matches PrevLogIndex
[ 2] [PrevLogIndex from Message:  22]
[ 2] [PrevLogTerm from message:  1]
[ 2] [ LogUpperBound:  23]
[ 2] [Logs for 2]
[ 2] (TestCmd( 1), 1) (TestCmd( 100001), 1) (TestCmd( 600001), 1) (TestCmd( 200001), 1) (TestCmd( 300001), 1) (TestCmd( 400001), 1) (TestCmd( 100002), 1) (TestCmd( 600002), 1) (TestCmd( 300002), 1) (TestCmd( 300003), 1) (TestCmd( 300004), 1) (TestCmd( 300005), 1) (TestCmd( 300006), 1) (TestCmd( 300007), 1) (TestCmd( 300008), 1) (TestCmd( 300009), 1) (TestCmd( 300010), 1) (TestCmd( 300011), 1) (TestCmd( 300012), 1) (TestCmd( 300013), 1) (TestCmd( 300014), 1) (TestCmd( 300015), 1) 
[No entries to add for 2]
[ 2] [Logs after update for 2]
[ 2] (TestCmd( 1), 1) (TestCmd( 100001), 1) (TestCmd( 600001), 1) (TestCmd( 200001), 1) (TestCmd( 300001), 1) (TestCmd( 400001), 1) (TestCmd( 100002), 1) (TestCmd( 600002), 1) (TestCmd( 300002), 1) (TestCmd( 300003), 1) (TestCmd( 300004), 1) (TestCmd( 300005), 1) (TestCmd( 300006), 1) (TestCmd( 300007), 1) (TestCmd( 300008), 1) (TestCmd( 300009), 1) (TestCmd( 300010), 1) (TestCmd( 300011), 1) (TestCmd( 300012), 1) (TestCmd( 300013), 1) (TestCmd( 300014), 1) (TestCmd( 300015), 1) 
[ 2] [Commit index strict for 2 :  23]
[ 2] [Append_entries Response for 2]
[ 2] [     Matching_Index_Strict:  22]
[ 2] [     Success: TRUE]
[ 2] [New_State: NO_CHANGES]
[ 2] [State: FOLLOWER, Term:  1] 
[ 2] [Received_message: RAFT.MESSAGES.APPEND_ENTRIES_REQUEST] 
[ 2] [AppendEntriesRequest] for 2 Checking if log contains an entry at PrevLogTerm whose index matches PrevLogIndex
[ 2] [PrevLogIndex from Message:  22]
[ 2] [PrevLogTerm from message:  1]
[ 2] [ LogUpperBound:  23]
[ 2] [Logs for 2]
[ 2] (TestCmd( 1), 1) (TestCmd( 100001), 1) (TestCmd( 600001), 1) (TestCmd( 200001), 1) (TestCmd( 300001), 1) (TestCmd( 400001), 1) (TestCmd( 100002), 1) (TestCmd( 600002), 1) (TestCmd( 300002), 1) (TestCmd( 300003), 1) (TestCmd( 300004), 1) (TestCmd( 300005), 1) (TestCmd( 300006), 1) (TestCmd( 300007), 1) (TestCmd( 300008), 1) (TestCmd( 300009), 1) (TestCmd( 300010), 1) (TestCmd( 300011), 1) (TestCmd( 300012), 1) (TestCmd( 300013), 1) (TestCmd( 300014), 1) (TestCmd( 300015), 1) 
[No entries to add for 2]
[ 2] [Logs after update for 2]
[ 2] (TestCmd( 1), 1) (TestCmd( 100001), 1) (TestCmd( 600001), 1) (TestCmd( 200001), 1) (TestCmd( 300001), 1) (TestCmd( 400001), 1) (TestCmd( 100002), 1) (TestCmd( 600002), 1) (TestCmd( 300002), 1) (TestCmd( 300003), 1) (TestCmd( 300004), 1) (TestCmd( 300005), 1) (TestCmd( 300006), 1) (TestCmd( 300007), 1) (TestCmd( 300008), 1) (TestCmd( 300009), 1) (TestCmd( 300010), 1) (TestCmd( 300011), 1) (TestCmd( 300012), 1) (TestCmd( 300013), 1) (TestCmd( 300014), 1) (TestCmd( 300015), 1) 
[ 2] [Commit index strict for 2 :  23]
[ 2] [Append_entries Response for 2]
[ 2] [     Matching_Index_Strict:  22]
[ 2] [     Success: TRUE]
[ 2] [New_State: NO_CHANGES]
[ 2] [State: FOLLOWER, Term:  1] 
[ 2] [Received_message: RAFT.MESSAGES.APPEND_ENTRIES_REQUEST] 
[ 2] [AppendEntriesRequest] for 2 Checking if log contains an entry at PrevLogTerm whose index matches PrevLogIndex
[ 2] [PrevLogIndex from Message:  22]
[ 2] [PrevLogTerm from message:  1]
[ 2] [ LogUpperBound:  23]
[ 2] [Logs for 2]
[ 2] (TestCmd( 1), 1) (TestCmd( 100001), 1) (TestCmd( 600001), 1) (TestCmd( 200001), 1) (TestCmd( 300001), 1) (TestCmd( 400001), 1) (TestCmd( 100002), 1) (TestCmd( 600002), 1) (TestCmd( 300002), 1) (TestCmd( 300003), 1) (TestCmd( 300004), 1) (TestCmd( 300005), 1) (TestCmd( 300006), 1) (TestCmd( 300007), 1) (TestCmd( 300008), 1) (TestCmd( 300009), 1) (TestCmd( 300010), 1) (TestCmd( 300011), 1) (TestCmd( 300012), 1) (TestCmd( 300013), 1) (TestCmd( 300014), 1) (TestCmd( 300015), 1) 
[No entries to add for 2]
[ 2] [Logs after update for 2]
[ 2] (TestCmd( 1), 1) (TestCmd( 100001), 1) (TestCmd( 600001), 1) (TestCmd( 200001), 1) (TestCmd( 300001), 1) (TestCmd( 400001), 1) (TestCmd( 100002), 1) (TestCmd( 600002), 1) (TestCmd( 300002), 1) (TestCmd( 300003), 1) (TestCmd( 300004), 1) (TestCmd( 300005), 1) (TestCmd( 300006), 1) (TestCmd( 300007), 1) (TestCmd( 300008), 1) (TestCmd( 300009), 1) (TestCmd( 300010), 1) (TestCmd( 300011), 1) (TestCmd( 300012), 1) (TestCmd( 300013), 1) (TestCmd( 300014), 1) (TestCmd( 300015), 1) 
[ 2] [Commit index strict for 2 :  23]
[ 2] [Append_entries Response for 2]
[ 2] [     Matching_Index_Strict:  22]
[ 2] [     Success: TRUE]
[ 2] [New_State: NO_CHANGES]
[ 2] [State: FOLLOWER, Term:  1] 
[ 2] [Received_message: RAFT.MESSAGES.APPEND_ENTRIES_REQUEST] 
[ 2] [AppendEntriesRequest] for 2 Checking if log contains an entry at PrevLogTerm whose index matches PrevLogIndex
[ 2] [PrevLogIndex from Message:  22]
[ 2] [PrevLogTerm from message:  1]
[ 2] [ LogUpperBound:  23]
[ 2] [Logs for 2]
[ 2] (TestCmd( 1), 1) (TestCmd( 100001), 1) (TestCmd( 600001), 1) (TestCmd( 200001), 1) (TestCmd( 300001), 1) (TestCmd( 400001), 1) (TestCmd( 100002), 1) (TestCmd( 600002), 1) (TestCmd( 300002), 1) (TestCmd( 300003), 1) (TestCmd( 300004), 1) (TestCmd( 300005), 1) (TestCmd( 300006), 1) (TestCmd( 300007), 1) (TestCmd( 300008), 1) (TestCmd( 300009), 1) (TestCmd( 300010), 1) (TestCmd( 300011), 1) (TestCmd( 300012), 1) (TestCmd( 300013), 1) (TestCmd( 300014), 1) (TestCmd( 300015), 1) 
[No entries to add for 2]
[ 2] [Logs after update for 2]
[ 2] (TestCmd( 1), 1) (TestCmd( 100001), 1) (TestCmd( 600001), 1) (TestCmd( 200001), 1) (TestCmd( 300001), 1) (TestCmd( 400001), 1) (TestCmd( 100002), 1) (TestCmd( 600002), 1) (TestCmd( 300002), 1) (TestCmd( 300003), 1) (TestCmd( 300004), 1) (TestCmd( 300005), 1) (TestCmd( 300006), 1) (TestCmd( 300007), 1) (TestCmd( 300008), 1) (TestCmd( 300009), 1) (TestCmd( 300010), 1) (TestCmd( 300011), 1) (TestCmd( 300012), 1) (TestCmd( 300013), 1) (TestCmd( 300014), 1) (TestCmd( 300015), 1) 
[ 2] [Commit index strict for 2 :  23]
[ 2] [Append_entries Response for 2]
[ 2] [     Matching_Index_Strict:  22]
[ 2] [     Success: TRUE]
[ 2] [New_State: NO_CHANGES]
[ 2] [State: FOLLOWER, Term:  1] 
[ 2] [Received_message: RAFT.MESSAGES.APPEND_ENTRIES_REQUEST] 
[ 2] [AppendEntriesRequest] for 2 Checking if log contains an entry at PrevLogTerm whose index matches PrevLogIndex
[ 2] [PrevLogIndex from Message:  22]
[ 2] [PrevLogTerm from message:  1]
[ 2] [ LogUpperBound:  23]
[ 2] [Logs for 2]
[ 2] (TestCmd( 1), 1) (TestCmd( 100001), 1) (TestCmd( 600001), 1) (TestCmd( 200001), 1) (TestCmd( 300001), 1) (TestCmd( 400001), 1) (TestCmd( 100002), 1) (TestCmd( 600002), 1) (TestCmd( 300002), 1) (TestCmd( 300003), 1) (TestCmd( 300004), 1) (TestCmd( 300005), 1) (TestCmd( 300006), 1) (TestCmd( 300007), 1) (TestCmd( 300008), 1) (TestCmd( 300009), 1) (TestCmd( 300010), 1) (TestCmd( 300011), 1) (TestCmd( 300012), 1) (TestCmd( 300013), 1) (TestCmd( 300014), 1) (TestCmd( 300015), 1) 
[No entries to add for 2]
[ 2] [Logs after update for 2]
[ 2] (TestCmd( 1), 1) (TestCmd( 100001), 1) (TestCmd( 600001), 1) (TestCmd( 200001), 1) (TestCmd( 300001), 1) (TestCmd( 400001), 1) (TestCmd( 100002), 1) (TestCmd( 600002), 1) (TestCmd( 300002), 1) (TestCmd( 300003), 1) (TestCmd( 300004), 1) (TestCmd( 300005), 1) (TestCmd( 300006), 1) (TestCmd( 300007), 1) (TestCmd( 300008), 1) (TestCmd( 300009), 1) (TestCmd( 300010), 1) (TestCmd( 300011), 1) (TestCmd( 300012), 1) (TestCmd( 300013), 1) (TestCmd( 300014), 1) (TestCmd( 300015), 1) 
[ 2] [Commit index strict for 2 :  23]
[ 2] [Append_entries Response for 2]
[ 2] [     Matching_Index_Strict:  22]
[ 2] [     Success: TRUE]
[ 2] [New_State: NO_CHANGES]
[ 2] [State: FOLLOWER, Term:  1] 
[ 2] [Received_message: RAFT.MESSAGES.APPEND_ENTRIES_REQUEST] 
[ 2] [AppendEntriesRequest] for 2 Checking if log contains an entry at PrevLogTerm whose index matches PrevLogIndex
[ 2] [PrevLogIndex from Message:  22]
[ 2] [PrevLogTerm from message:  1]
[ 2] [ LogUpperBound:  23]
[ 2] [Logs for 2]
[ 2] (TestCmd( 1), 1) (TestCmd( 100001), 1) (TestCmd( 600001), 1) (TestCmd( 200001), 1) (TestCmd( 300001), 1) (TestCmd( 400001), 1) (TestCmd( 100002), 1) (TestCmd( 600002), 1) (TestCmd( 300002), 1) (TestCmd( 300003), 1) (TestCmd( 300004), 1) (TestCmd( 300005), 1) (TestCmd( 300006), 1) (TestCmd( 300007), 1) (TestCmd( 300008), 1) (TestCmd( 300009), 1) (TestCmd( 300010), 1) (TestCmd( 300011), 1) (TestCmd( 300012), 1) (TestCmd( 300013), 1) (TestCmd( 300014), 1) (TestCmd( 300015), 1) 
[No entries to add for 2]
[ 2] [Logs after update for 2]
[ 2] (TestCmd( 1), 1) (TestCmd( 100001), 1) (TestCmd( 600001), 1) (TestCmd( 200001), 1) (TestCmd( 300001), 1) (TestCmd( 400001), 1) (TestCmd( 100002), 1) (TestCmd( 600002), 1) (TestCmd( 300002), 1) (TestCmd( 300003), 1) (TestCmd( 300004), 1) (TestCmd( 300005), 1) (TestCmd( 300006), 1) (TestCmd( 300007), 1) (TestCmd( 300008), 1) (TestCmd( 300009), 1) (TestCmd( 300010), 1) (TestCmd( 300011), 1) (TestCmd( 300012), 1) (TestCmd( 300013), 1) (TestCmd( 300014), 1) (TestCmd( 300015), 1) 
[ 2] [Commit index strict for 2 :  23]
[ 2] [Append_entries Response for 2]
[ 2] [     Matching_Index_Strict:  22]
[ 2] [     Success: TRUE]
[ 2] [New_State: NO_CHANGES]
[ 2] [State: FOLLOWER, Term:  1] 
[ 2] [Received_message: RAFT.MESSAGES.APPEND_ENTRIES_REQUEST] 
[ 2] [AppendEntriesRequest] for 2 Checking if log contains an entry at PrevLogTerm whose index matches PrevLogIndex
[ 2] [PrevLogIndex from Message:  22]
[ 2] [PrevLogTerm from message:  1]
[ 2] [ LogUpperBound:  23]
[ 2] [Logs for 2]
[ 2] (TestCmd( 1), 1) (TestCmd( 100001), 1) (TestCmd( 600001), 1) (TestCmd( 200001), 1) (TestCmd( 300001), 1) (TestCmd( 400001), 1) (TestCmd( 100002), 1) (TestCmd( 600002), 1) (TestCmd( 300002), 1) (TestCmd( 300003), 1) (TestCmd( 300004), 1) (TestCmd( 300005), 1) (TestCmd( 300006), 1) (TestCmd( 300007), 1) (TestCmd( 300008), 1) (TestCmd( 300009), 1) (TestCmd( 300010), 1) (TestCmd( 300011), 1) (TestCmd( 300012), 1) (TestCmd( 300013), 1) (TestCmd( 300014), 1) (TestCmd( 300015), 1) 
[No entries to add for 2]
[ 2] [Logs after update for 2]
[ 2] (TestCmd( 1), 1) (TestCmd( 100001), 1) (TestCmd( 600001), 1) (TestCmd( 200001), 1) (TestCmd( 300001), 1) (TestCmd( 400001), 1) (TestCmd( 100002), 1) (TestCmd( 600002), 1) (TestCmd( 300002), 1) (TestCmd( 300003), 1) (TestCmd( 300004), 1) (TestCmd( 300005), 1) (TestCmd( 300006), 1) (TestCmd( 300007), 1) (TestCmd( 300008), 1) (TestCmd( 300009), 1) (TestCmd( 300010), 1) (TestCmd( 300011), 1) (TestCmd( 300012), 1) (TestCmd( 300013), 1) (TestCmd( 300014), 1) (TestCmd( 300015), 1) 
[ 2] [Commit index strict for 2 :  23]
[ 2] [Append_entries Response for 2]
[ 2] [     Matching_Index_Strict:  22]
[ 2] [     Success: TRUE]
[ 2] [New_State: NO_CHANGES]
[ 2] [State: FOLLOWER, Term:  1] 
[ 2] [Received_message: RAFT.MESSAGES.APPEND_ENTRIES_REQUEST] 
[ 2] [AppendEntriesRequest] for 2 Checking if log contains an entry at PrevLogTerm whose index matches PrevLogIndex
[ 2] [PrevLogIndex from Message:  22]
[ 2] [PrevLogTerm from message:  1]
[ 2] [ LogUpperBound:  23]
[ 2] [Logs for 2]
[ 2] (TestCmd( 1), 1) (TestCmd( 100001), 1) (TestCmd( 600001), 1) (TestCmd( 200001), 1) (TestCmd( 300001), 1) (TestCmd( 400001), 1) (TestCmd( 100002), 1) (TestCmd( 600002), 1) (TestCmd( 300002), 1) (TestCmd( 300003), 1) (TestCmd( 300004), 1) (TestCmd( 300005), 1) (TestCmd( 300006), 1) (TestCmd( 300007), 1) (TestCmd( 300008), 1) (TestCmd( 300009), 1) (TestCmd( 300010), 1) (TestCmd( 300011), 1) (TestCmd( 300012), 1) (TestCmd( 300013), 1) (TestCmd( 300014), 1) (TestCmd( 300015), 1) 
[No entries to add for 2]
[ 2] [Logs after update for 2]
[ 2] (TestCmd( 1), 1) (TestCmd( 100001), 1) (TestCmd( 600001), 1) (TestCmd( 200001), 1) (TestCmd( 300001), 1) (TestCmd( 400001), 1) (TestCmd( 100002), 1) (TestCmd( 600002), 1) (TestCmd( 300002), 1) (TestCmd( 300003), 1) (TestCmd( 300004), 1) (TestCmd( 300005), 1) (TestCmd( 300006), 1) (TestCmd( 300007), 1) (TestCmd( 300008), 1) (TestCmd( 300009), 1) (TestCmd( 300010), 1) (TestCmd( 300011), 1) (TestCmd( 300012), 1) (TestCmd( 300013), 1) (TestCmd( 300014), 1) (TestCmd( 300015), 1) 
[ 2] [Commit index strict for 2 :  23]
[ 2] [Append_entries Response for 2]
[ 2] [     Matching_Index_Strict:  22]
[ 2] [     Success: TRUE]
[ 2] [New_State: NO_CHANGES]
[ 2] [State: FOLLOWER, Term:  1] 
[ 2] [Received_message: RAFT.MESSAGES.APPEND_ENTRIES_REQUEST] 
[ 2] [AppendEntriesRequest] for 2 Checking if log contains an entry at PrevLogTerm whose index matches PrevLogIndex
[ 2] [PrevLogIndex from Message:  22]
[ 2] [PrevLogTerm from message:  1]
[ 2] [ LogUpperBound:  23]
[ 2] [Logs for 2]
[ 2] (TestCmd( 1), 1) (TestCmd( 100001), 1) (TestCmd( 600001), 1) (TestCmd( 200001), 1) (TestCmd( 300001), 1) (TestCmd( 400001), 1) (TestCmd( 100002), 1) (TestCmd( 600002), 1) (TestCmd( 300002), 1) (TestCmd( 300003), 1) (TestCmd( 300004), 1) (TestCmd( 300005), 1) (TestCmd( 300006), 1) (TestCmd( 300007), 1) (TestCmd( 300008), 1) (TestCmd( 300009), 1) (TestCmd( 300010), 1) (TestCmd( 300011), 1) (TestCmd( 300012), 1) (TestCmd( 300013), 1) (TestCmd( 300014), 1) (TestCmd( 300015), 1) 
[ 2] [Adding entries from  1 to  2 ]
[ 2] [Updated entry  23 with  1 on 2]
[ 2] [Updated entry  24 with  1 on 2]
[ 2] [Logs after update for 2]
[ 2] (TestCmd( 1), 1) (TestCmd( 100001), 1) (TestCmd( 600001), 1) (TestCmd( 200001), 1) (TestCmd( 300001), 1) (TestCmd( 400001), 1) (TestCmd( 100002), 1) (TestCmd( 600002), 1) (TestCmd( 300002), 1) (TestCmd( 300003), 1) (TestCmd( 300004), 1) (TestCmd( 300005), 1) (TestCmd( 300006), 1) (TestCmd( 300007), 1) (TestCmd( 300008), 1) (TestCmd( 300009), 1) (TestCmd( 300010), 1) (TestCmd( 300011), 1) (TestCmd( 300012), 1) (TestCmd( 300013), 1) (TestCmd( 300014), 1) (TestCmd( 300015), 1) (TestCmd( 100129), 1) (TestCmd( 100130), 1) 
[ 2] [Updated commit to  24 ]
[ 2] [Commit index strict for 2 :  24]
[ 2] [Append_entries Response for 2]
[ 2] [     Matching_Index_Strict:  24]
[ 2] [     Success: TRUE]
[ 2] [New_State: NO_CHANGES]
[ 2] [State: FOLLOWER, Term:  1] 
[ 2] [Received_message: RAFT.MESSAGES.APPEND_ENTRIES_REQUEST] 
[ 2] [AppendEntriesRequest] for 2 Checking if log contains an entry at PrevLogTerm whose index matches PrevLogIndex
[ 2] [PrevLogIndex from Message:  24]
[ 2] [PrevLogTerm from message:  1]
[ 2] [ LogUpperBound:  25]
[ 2] [Logs for 2]
[ 2] (TestCmd( 1), 1) (TestCmd( 100001), 1) (TestCmd( 600001), 1) (TestCmd( 200001), 1) (TestCmd( 300001), 1) (TestCmd( 400001), 1) (TestCmd( 100002), 1) (TestCmd( 600002), 1) (TestCmd( 300002), 1) (TestCmd( 300003), 1) (TestCmd( 300004), 1) (TestCmd( 300005), 1) (TestCmd( 300006), 1) (TestCmd( 300007), 1) (TestCmd( 300008), 1) (TestCmd( 300009), 1) (TestCmd( 300010), 1) (TestCmd( 300011), 1) (TestCmd( 300012), 1) (TestCmd( 300013), 1) (TestCmd( 300014), 1) (TestCmd( 300015), 1) (TestCmd( 100129), 1) (TestCmd( 100130), 1) 
[ 2] [Adding entries from  1 to  1 ]
[ 2] [Updated entry  25 with  1 on 2]
[ 2] [Logs after update for 2]
[ 2] (TestCmd( 1), 1) (TestCmd( 100001), 1) (TestCmd( 600001), 1) (TestCmd( 200001), 1) (TestCmd( 300001), 1) (TestCmd( 400001), 1) (TestCmd( 100002), 1) (TestCmd( 600002), 1) (TestCmd( 300002), 1) (TestCmd( 300003), 1) (TestCmd( 300004), 1) (TestCmd( 300005), 1) (TestCmd( 300006), 1) (TestCmd( 300007), 1) (TestCmd( 300008), 1) (TestCmd( 300009), 1) (TestCmd( 300010), 1) (TestCmd( 300011), 1) (TestCmd( 300012), 1) (TestCmd( 300013), 1) (TestCmd( 300014), 1) (TestCmd( 300015), 1) (TestCmd( 100129), 1) (TestCmd( 100130), 1) (TestCmd( 100131), 1) 
[ 2] [Updated commit to  25 ]
[ 2] [Commit index strict for 2 :  25]
[ 2] [Append_entries Response for 2]
[ 2] [     Matching_Index_Strict:  25]
[ 2] [     Success: TRUE]
[ 2] [New_State: NO_CHANGES]
[ 2] [State: FOLLOWER, Term:  1] 
[ 2] [Received_message: RAFT.MESSAGES.APPEND_ENTRIES_REQUEST] 
[ 2] [AppendEntriesRequest] for 2 Checking if log contains an entry at PrevLogTerm whose index matches PrevLogIndex
[ 2] [PrevLogIndex from Message:  24]
[ 2] [PrevLogTerm from message:  1]
[ 2] [ LogUpperBound:  26]
[ 2] [Logs for 2]
[ 2] (TestCmd( 1), 1) (TestCmd( 100001), 1) (TestCmd( 600001), 1) (TestCmd( 200001), 1) (TestCmd( 300001), 1) (TestCmd( 400001), 1) (TestCmd( 100002), 1) (TestCmd( 600002), 1) (TestCmd( 300002), 1) (TestCmd( 300003), 1) (TestCmd( 300004), 1) (TestCmd( 300005), 1) (TestCmd( 300006), 1) (TestCmd( 300007), 1) (TestCmd( 300008), 1) (TestCmd( 300009), 1) (TestCmd( 300010), 1) (TestCmd( 300011), 1) (TestCmd( 300012), 1) (TestCmd( 300013), 1) (TestCmd( 300014), 1) (TestCmd( 300015), 1) (TestCmd( 100129), 1) (TestCmd( 100130), 1) (TestCmd( 100131), 1) 
[ 2] [Adding entries from  1 to  2 ]
[ 2] [Updated entry  25 with  1 on 2]
[ 2] [Updated entry  26 with  1 on 2]
[ 2] [Logs after update for 2]
[ 2] (TestCmd( 1), 1) (TestCmd( 100001), 1) (TestCmd( 600001), 1) (TestCmd( 200001), 1) (TestCmd( 300001), 1) (TestCmd( 400001), 1) (TestCmd( 100002), 1) (TestCmd( 600002), 1) (TestCmd( 300002), 1) (TestCmd( 300003), 1) (TestCmd( 300004), 1) (TestCmd( 300005), 1) (TestCmd( 300006), 1) (TestCmd( 300007), 1) (TestCmd( 300008), 1) (TestCmd( 300009), 1) (TestCmd( 300010), 1) (TestCmd( 300011), 1) (TestCmd( 300012), 1) (TestCmd( 300013), 1) (TestCmd( 300014), 1) (TestCmd( 300015), 1) (TestCmd( 100129), 1) (TestCmd( 100130), 1) (TestCmd( 100131), 1) (TestCmd( 100132), 1) 
[ 2] [Updated commit to  26 ]
[ 2] [Commit index strict for 2 :  26]
[ 2] [Append_entries Response for 2]
[ 2] [     Matching_Index_Strict:  26]
[ 2] [     Success: TRUE]
[ 2] [New_State: NO_CHANGES]
[ 2] [State: FOLLOWER, Term:  1] 
[ 2] [Received_message: RAFT.MESSAGES.APPEND_ENTRIES_REQUEST] 
[ 2] [AppendEntriesRequest] for 2 Checking if log contains an entry at PrevLogTerm whose index matches PrevLogIndex
[ 2] [PrevLogIndex from Message:  26]
[ 2] [PrevLogTerm from message:  1]
[ 2] [ LogUpperBound:  27]
[ 2] [Logs for 2]
[ 2] (TestCmd( 1), 1) (TestCmd( 100001), 1) (TestCmd( 600001), 1) (TestCmd( 200001), 1) (TestCmd( 300001), 1) (TestCmd( 400001), 1) (TestCmd( 100002), 1) (TestCmd( 600002), 1) (TestCmd( 300002), 1) (TestCmd( 300003), 1) (TestCmd( 300004), 1) (TestCmd( 300005), 1) (TestCmd( 300006), 1) (TestCmd( 300007), 1) (TestCmd( 300008), 1) (TestCmd( 300009), 1) (TestCmd( 300010), 1) (TestCmd( 300011), 1) (TestCmd( 300012), 1) (TestCmd( 300013), 1) (TestCmd( 300014), 1) (TestCmd( 300015), 1) (TestCmd( 100129), 1) (TestCmd( 100130), 1) (TestCmd( 100131), 1) (TestCmd( 100132), 1) 
[ 2] [Adding entries from  1 to  2 ]
[ 2] [Updated entry  27 with  1 on 2]
[ 2] [Updated entry  28 with  1 on 2]
[ 2] [Logs after update for 2]
[ 2] (TestCmd( 1), 1) (TestCmd( 100001), 1) (TestCmd( 600001), 1) (TestCmd( 200001), 1) (TestCmd( 300001), 1) (TestCmd( 400001), 1) (TestCmd( 100002), 1) (TestCmd( 600002), 1) (TestCmd( 300002), 1) (TestCmd( 300003), 1) (TestCmd( 300004), 1) (TestCmd( 300005), 1) (TestCmd( 300006), 1) (TestCmd( 300007), 1) (TestCmd( 300008), 1) (TestCmd( 300009), 1) (TestCmd( 300010), 1) (TestCmd( 300011), 1) (TestCmd( 300012), 1) (TestCmd( 300013), 1) (TestCmd( 300014), 1) (TestCmd( 300015), 1) (TestCmd( 100129), 1) (TestCmd( 100130), 1) (TestCmd( 100131), 1) (TestCmd( 100132), 1) (TestCmd( 100133), 1) (TestCmd( 100134), 1) 
[ 2] [Updated commit to  28 ]
[ 2] [Commit index strict for 2 :  28]
[ 2] [Append_entries Response for 2]
[ 2] [     Matching_Index_Strict:  28]
[ 2] [     Success: TRUE]
[ 2] [New_State: NO_CHANGES]
[ 2] [State: FOLLOWER, Term:  1] 
[ 2] [Received_message: RAFT.MESSAGES.APPEND_ENTRIES_REQUEST] 
[ 2] [AppendEntriesRequest] for 2 Checking if log contains an entry at PrevLogTerm whose index matches PrevLogIndex
[ 2] [PrevLogIndex from Message:  28]
[ 2] [PrevLogTerm from message:  1]
[ 2] [ LogUpperBound:  29]
[ 2] [Logs for 2]
[ 2] (TestCmd( 1), 1) (TestCmd( 100001), 1) (TestCmd( 600001), 1) (TestCmd( 200001), 1) (TestCmd( 300001), 1) (TestCmd( 400001), 1) (TestCmd( 100002), 1) (TestCmd( 600002), 1) (TestCmd( 300002), 1) (TestCmd( 300003), 1) (TestCmd( 300004), 1) (TestCmd( 300005), 1) (TestCmd( 300006), 1) (TestCmd( 300007), 1) (TestCmd( 300008), 1) (TestCmd( 300009), 1) (TestCmd( 300010), 1) (TestCmd( 300011), 1) (TestCmd( 300012), 1) (TestCmd( 300013), 1) (TestCmd( 300014), 1) (TestCmd( 300015), 1) (TestCmd( 100129), 1) (TestCmd( 100130), 1) (TestCmd( 100131), 1) (TestCmd( 100132), 1) (TestCmd( 100133), 1) (TestCmd( 100134), 1) 
[ 2] [Adding entries from  1 to  2 ]
[ 2] [Updated entry  29 with  1 on 2]
[ 2] [Updated entry  30 with  1 on 2]
[ 2] [Logs after update for 2]
[ 2] (TestCmd( 1), 1) (TestCmd( 100001), 1) (TestCmd( 600001), 1) (TestCmd( 200001), 1) (TestCmd( 300001), 1) (TestCmd( 400001), 1) (TestCmd( 100002), 1) (TestCmd( 600002), 1) (TestCmd( 300002), 1) (TestCmd( 300003), 1) (TestCmd( 300004), 1) (TestCmd( 300005), 1) (TestCmd( 300006), 1) (TestCmd( 300007), 1) (TestCmd( 300008), 1) (TestCmd( 300009), 1) (TestCmd( 300010), 1) (TestCmd( 300011), 1) (TestCmd( 300012), 1) (TestCmd( 300013), 1) (TestCmd( 300014), 1) (TestCmd( 300015), 1) (TestCmd( 100129), 1) (TestCmd( 100130), 1) (TestCmd( 100131), 1) (TestCmd( 100132), 1) (TestCmd( 100133), 1) (TestCmd( 100134), 1) (TestCmd( 100135), 1) (TestCmd( 100136), 1) 
[ 2] [Updated commit to  30 ]
[ 2] [Commit index strict for 2 :  30]
[ 2] [Append_entries Response for 2]
[ 2] [     Matching_Index_Strict:  30]
[ 2] [     Success: TRUE]
[ 2] [New_State: NO_CHANGES]
[ 2] [State: FOLLOWER, Term:  1] 
[ 2] [Received_message: RAFT.MESSAGES.APPEND_ENTRIES_REQUEST] 
[ 2] [AppendEntriesRequest] for 2 Checking if log contains an entry at PrevLogTerm whose index matches PrevLogIndex
[ 2] [PrevLogIndex from Message:  30]
[ 2] [PrevLogTerm from message:  1]
[ 2] [ LogUpperBound:  31]
[ 2] [Logs for 2]
[ 2] (TestCmd( 1), 1) (TestCmd( 100001), 1) (TestCmd( 600001), 1) (TestCmd( 200001), 1) (TestCmd( 300001), 1) (TestCmd( 400001), 1) (TestCmd( 100002), 1) (TestCmd( 600002), 1) (TestCmd( 300002), 1) (TestCmd( 300003), 1) (TestCmd( 300004), 1) (TestCmd( 300005), 1) (TestCmd( 300006), 1) (TestCmd( 300007), 1) (TestCmd( 300008), 1) (TestCmd( 300009), 1) (TestCmd( 300010), 1) (TestCmd( 300011), 1) (TestCmd( 300012), 1) (TestCmd( 300013), 1) (TestCmd( 300014), 1) (TestCmd( 300015), 1) (TestCmd( 100129), 1) (TestCmd( 100130), 1) (TestCmd( 100131), 1) (TestCmd( 100132), 1) (TestCmd( 100133), 1) (TestCmd( 100134), 1) (TestCmd( 100135), 1) (TestCmd( 100136), 1) 
[ 2] [Adding entries from  1 to  2 ]
[ 2] [Updated entry  31 with  1 on 2]
[ 2] [Updated entry  32 with  1 on 2]
[ 2] [Logs after update for 2]
[ 2] (TestCmd( 1), 1) (TestCmd( 100001), 1) (TestCmd( 600001), 1) (TestCmd( 200001), 1) (TestCmd( 300001), 1) (TestCmd( 400001), 1) (TestCmd( 100002), 1) (TestCmd( 600002), 1) (TestCmd( 300002), 1) (TestCmd( 300003), 1) (TestCmd( 300004), 1) (TestCmd( 300005), 1) (TestCmd( 300006), 1) (TestCmd( 300007), 1) (TestCmd( 300008), 1) (TestCmd( 300009), 1) (TestCmd( 300010), 1) (TestCmd( 300011), 1) (TestCmd( 300012), 1) (TestCmd( 300013), 1) (TestCmd( 300014), 1) (TestCmd( 300015), 1) (TestCmd( 100129), 1) (TestCmd( 100130), 1) (TestCmd( 100131), 1) (TestCmd( 100132), 1) (TestCmd( 100133), 1) (TestCmd( 100134), 1) (TestCmd( 100135), 1) (TestCmd( 100136), 1) (TestCmd( 100137), 1) (TestCmd( 100138), 1) 
[ 2] [Updated commit to  32 ]
[ 2] [Commit index strict for 2 :  32]
[ 2] [Append_entries Response for 2]
[ 2] [     Matching_Index_Strict:  32]
[ 2] [     Success: TRUE]
[ 2] [New_State: NO_CHANGES]
[ 2] [State: FOLLOWER, Term:  1] 
[ 2] [Received_message: RAFT.MESSAGES.APPEND_ENTRIES_REQUEST] 
[ 2] [AppendEntriesRequest] for 2 Checking if log contains an entry at PrevLogTerm whose index matches PrevLogIndex
[ 2] [PrevLogIndex from Message:  32]
[ 2] [PrevLogTerm from message:  1]
[ 2] [ LogUpperBound:  33]
[ 2] [Logs for 2]
[ 2] (TestCmd( 1), 1) (TestCmd( 100001), 1) (TestCmd( 600001), 1) (TestCmd( 200001), 1) (TestCmd( 300001), 1) (TestCmd( 400001), 1) (TestCmd( 100002), 1) (TestCmd( 600002), 1) (TestCmd( 300002), 1) (TestCmd( 300003), 1) (TestCmd( 300004), 1) (TestCmd( 300005), 1) (TestCmd( 300006), 1) (TestCmd( 300007), 1) (TestCmd( 300008), 1) (TestCmd( 300009), 1) (TestCmd( 300010), 1) (TestCmd( 300011), 1) (TestCmd( 300012), 1) (TestCmd( 300013), 1) (TestCmd( 300014), 1) (TestCmd( 300015), 1) (TestCmd( 100129), 1) (TestCmd( 100130), 1) (TestCmd( 100131), 1) (TestCmd( 100132), 1) (TestCmd( 100133), 1) (TestCmd( 100134), 1) (TestCmd( 100135), 1) (TestCmd( 100136), 1) (TestCmd( 100137), 1) (TestCmd( 100138), 1) 
[ 2] [Adding entries from  1 to  1 ]
[ 2] [Updated entry  33 with  1 on 2]
[ 2] [Logs after update for 2]
[ 2] (TestCmd( 1), 1) (TestCmd( 100001), 1) (TestCmd( 600001), 1) (TestCmd( 200001), 1) (TestCmd( 300001), 1) (TestCmd( 400001), 1) (TestCmd( 100002), 1) (TestCmd( 600002), 1) (TestCmd( 300002), 1) (TestCmd( 300003), 1) (TestCmd( 300004), 1) (TestCmd( 300005), 1) (TestCmd( 300006), 1) (TestCmd( 300007), 1) (TestCmd( 300008), 1) (TestCmd( 300009), 1) (TestCmd( 300010), 1) (TestCmd( 300011), 1) (TestCmd( 300012), 1) (TestCmd( 300013), 1) (TestCmd( 300014), 1) (TestCmd( 300015), 1) (TestCmd( 100129), 1) (TestCmd( 100130), 1) (TestCmd( 100131), 1) (TestCmd( 100132), 1) (TestCmd( 100133), 1) (TestCmd( 100134), 1) (TestCmd( 100135), 1) (TestCmd( 100136), 1) (TestCmd( 100137), 1) (TestCmd( 100138), 1) (TestCmd( 100139), 1) 
[ 2] [Updated commit to  33 ]
[ 2] [Commit index strict for 2 :  33]
[ 2] [Append_entries Response for 2]
[ 2] [     Matching_Index_Strict:  33]
[ 2] [     Success: TRUE]
[ 2] [New_State: NO_CHANGES]
[ 2] [State: FOLLOWER, Term:  1] 
[ 2] [Received_message: RAFT.MESSAGES.APPEND_ENTRIES_REQUEST] 
[ 2] [AppendEntriesRequest] for 2 Checking if log contains an entry at PrevLogTerm whose index matches PrevLogIndex
[ 2] [PrevLogIndex from Message:  32]
[ 2] [PrevLogTerm from message:  1]
[ 2] [ LogUpperBound:  34]
[ 2] [Logs for 2]
[ 2] (TestCmd( 1), 1) (TestCmd( 100001), 1) (TestCmd( 600001), 1) (TestCmd( 200001), 1) (TestCmd( 300001), 1) (TestCmd( 400001), 1) (TestCmd( 100002), 1) (TestCmd( 600002), 1) (TestCmd( 300002), 1) (TestCmd( 300003), 1) (TestCmd( 300004), 1) (TestCmd( 300005), 1) (TestCmd( 300006), 1) (TestCmd( 300007), 1) (TestCmd( 300008), 1) (TestCmd( 300009), 1) (TestCmd( 300010), 1) (TestCmd( 300011), 1) (TestCmd( 300012), 1) (TestCmd( 300013), 1) (TestCmd( 300014), 1) (TestCmd( 300015), 1) (TestCmd( 100129), 1) (TestCmd( 100130), 1) (TestCmd( 100131), 1) (TestCmd( 100132), 1) (TestCmd( 100133), 1) (TestCmd( 100134), 1) (TestCmd( 100135), 1) (TestCmd( 100136), 1) (TestCmd( 100137), 1) (TestCmd( 100138), 1) (TestCmd( 100139), 1) 
[ 2] [Adding entries from  1 to  2 ]
[ 2] [Updated entry  33 with  1 on 2]
[ 2] [Updated entry  34 with  1 on 2]
[ 2] [Logs after update for 2]
[ 2] (TestCmd( 1), 1) (TestCmd( 100001), 1) (TestCmd( 600001), 1) (TestCmd( 200001), 1) (TestCmd( 300001), 1) (TestCmd( 400001), 1) (TestCmd( 100002), 1) (TestCmd( 600002), 1) (TestCmd( 300002), 1) (TestCmd( 300003), 1) (TestCmd( 300004), 1) (TestCmd( 300005), 1) (TestCmd( 300006), 1) (TestCmd( 300007), 1) (TestCmd( 300008), 1) (TestCmd( 300009), 1) (TestCmd( 300010), 1) (TestCmd( 300011), 1) (TestCmd( 300012), 1) (TestCmd( 300013), 1) (TestCmd( 300014), 1) (TestCmd( 300015), 1) (TestCmd( 100129), 1) (TestCmd( 100130), 1) (TestCmd( 100131), 1) (TestCmd( 100132), 1) (TestCmd( 100133), 1) (TestCmd( 100134), 1) (TestCmd( 100135), 1) (TestCmd( 100136), 1) (TestCmd( 100137), 1) (TestCmd( 100138), 1) (TestCmd( 100139), 1) (TestCmd( 100140), 1) 
[ 2] [Updated commit to  34 ]
[ 2] [Commit index strict for 2 :  34]
[ 2] [Append_entries Response for 2]
[ 2] [     Matching_Index_Strict:  34]
[ 2] [     Success: TRUE]
[ 2] [New_State: NO_CHANGES]
[ 2] [State: FOLLOWER, Term:  1] 
[ 2] [Received_message: RAFT.MESSAGES.APPEND_ENTRIES_REQUEST] 
[ 2] [AppendEntriesRequest] for 2 Checking if log contains an entry at PrevLogTerm whose index matches PrevLogIndex
[ 2] [PrevLogIndex from Message:  34]
[ 2] [PrevLogTerm from message:  1]
[ 2] [ LogUpperBound:  35]
[ 2] [Logs for 2]
[ 2] (TestCmd( 1), 1) (TestCmd( 100001), 1) (TestCmd( 600001), 1) (TestCmd( 200001), 1) (TestCmd( 300001), 1) (TestCmd( 400001), 1) (TestCmd( 100002), 1) (TestCmd( 600002), 1) (TestCmd( 300002), 1) (TestCmd( 300003), 1) (TestCmd( 300004), 1) (TestCmd( 300005), 1) (TestCmd( 300006), 1) (TestCmd( 300007), 1) (TestCmd( 300008), 1) (TestCmd( 300009), 1) (TestCmd( 300010), 1) (TestCmd( 300011), 1) (TestCmd( 300012), 1) (TestCmd( 300013), 1) (TestCmd( 300014), 1) (TestCmd( 300015), 1) (TestCmd( 100129), 1) (TestCmd( 100130), 1) (TestCmd( 100131), 1) (TestCmd( 100132), 1) (TestCmd( 100133), 1) (TestCmd( 100134), 1) (TestCmd( 100135), 1) (TestCmd( 100136), 1) (TestCmd( 100137), 1) (TestCmd( 100138), 1) (TestCmd( 100139), 1) (TestCmd( 100140), 1) 
[ 2] [Adding entries from  1 to  2 ]
[ 2] [Updated entry  35 with  1 on 2]
[ 2] [Updated entry  36 with  1 on 2]
[ 2] [Logs after update for 2]
[ 2] (TestCmd( 1), 1) (TestCmd( 100001), 1) (TestCmd( 600001), 1) (TestCmd( 200001), 1) (TestCmd( 300001), 1) (TestCmd( 400001), 1) (TestCmd( 100002), 1) (TestCmd( 600002), 1) (TestCmd( 300002), 1) (TestCmd( 300003), 1) (TestCmd( 300004), 1) (TestCmd( 300005), 1) (TestCmd( 300006), 1) (TestCmd( 300007), 1) (TestCmd( 300008), 1) (TestCmd( 300009), 1) (TestCmd( 300010), 1) (TestCmd( 300011), 1) (TestCmd( 300012), 1) (TestCmd( 300013), 1) (TestCmd( 300014), 1) (TestCmd( 300015), 1) (TestCmd( 100129), 1) (TestCmd( 100130), 1) (TestCmd( 100131), 1) (TestCmd( 100132), 1) (TestCmd( 100133), 1) (TestCmd( 100134), 1) (TestCmd( 100135), 1) (TestCmd( 100136), 1) (TestCmd( 100137), 1) (TestCmd( 100138), 1) (TestCmd( 100139), 1) (TestCmd( 100140), 1) (TestCmd( 100141), 1) (TestCmd( 100142), 1) 
[ 2] [Updated commit to  36 ]
[ 2] [Commit index strict for 2 :  36]
[ 2] [Append_entries Response for 2]
[ 2] [     Matching_Index_Strict:  36]
[ 2] [     Success: TRUE]
[ 2] [New_State: NO_CHANGES]
[ 2] [State: FOLLOWER, Term:  1] 
[ 2] [Received_message: RAFT.MESSAGES.APPEND_ENTRIES_REQUEST] 
[ 2] [AppendEntriesRequest] for 2 Checking if log contains an entry at PrevLogTerm whose index matches PrevLogIndex
[ 2] [PrevLogIndex from Message:  36]
[ 2] [PrevLogTerm from message:  1]
[ 2] [ LogUpperBound:  37]
[ 2] [Logs for 2]
[ 2] (TestCmd( 1), 1) (TestCmd( 100001), 1) (TestCmd( 600001), 1) (TestCmd( 200001), 1) (TestCmd( 300001), 1) (TestCmd( 400001), 1) (TestCmd( 100002), 1) (TestCmd( 600002), 1) (TestCmd( 300002), 1) (TestCmd( 300003), 1) (TestCmd( 300004), 1) (TestCmd( 300005), 1) (TestCmd( 300006), 1) (TestCmd( 300007), 1) (TestCmd( 300008), 1) (TestCmd( 300009), 1) (TestCmd( 300010), 1) (TestCmd( 300011), 1) (TestCmd( 300012), 1) (TestCmd( 300013), 1) (TestCmd( 300014), 1) (TestCmd( 300015), 1) (TestCmd( 100129), 1) (TestCmd( 100130), 1) (TestCmd( 100131), 1) (TestCmd( 100132), 1) (TestCmd( 100133), 1) (TestCmd( 100134), 1) (TestCmd( 100135), 1) (TestCmd( 100136), 1) (TestCmd( 100137), 1) (TestCmd( 100138), 1) (TestCmd( 100139), 1) (TestCmd( 100140), 1) (TestCmd( 100141), 1) (TestCmd( 100142), 1) 
[ 2] [Adding entries from  1 to  2 ]
[ 2] [Updated entry  37 with  1 on 2]
[ 2] [Updated entry  38 with  1 on 2]
[ 2] [Logs after update for 2]
[ 2] (TestCmd( 1), 1) (TestCmd( 100001), 1) (TestCmd( 600001), 1) (TestCmd( 200001), 1) (TestCmd( 300001), 1) (TestCmd( 400001), 1) (TestCmd( 100002), 1) (TestCmd( 600002), 1) (TestCmd( 300002), 1) (TestCmd( 300003), 1) (TestCmd( 300004), 1) (TestCmd( 300005), 1) (TestCmd( 300006), 1) (TestCmd( 300007), 1) (TestCmd( 300008), 1) (TestCmd( 300009), 1) (TestCmd( 300010), 1) (TestCmd( 300011), 1) (TestCmd( 300012), 1) (TestCmd( 300013), 1) (TestCmd( 300014), 1) (TestCmd( 300015), 1) (TestCmd( 100129), 1) (TestCmd( 100130), 1) (TestCmd( 100131), 1) (TestCmd( 100132), 1) (TestCmd( 100133), 1) (TestCmd( 100134), 1) (TestCmd( 100135), 1) (TestCmd( 100136), 1) (TestCmd( 100137), 1) (TestCmd( 100138), 1) (TestCmd( 100139), 1) (TestCmd( 100140), 1) (TestCmd( 100141), 1) (TestCmd( 100142), 1) (TestCmd( 100143), 1) (TestCmd( 100144), 1) 
[ 2] [Updated commit to  38 ]
[ 2] [Commit index strict for 2 :  38]
[ 2] [Append_entries Response for 2]
[ 2] [     Matching_Index_Strict:  38]
[ 2] [     Success: TRUE]
[ 2] [New_State: NO_CHANGES]
[ 2] [State: FOLLOWER, Term:  1] 
[ 2] [Received_message: RAFT.MESSAGES.APPEND_ENTRIES_REQUEST] 
[ 2] [AppendEntriesRequest] for 2 Checking if log contains an entry at PrevLogTerm whose index matches PrevLogIndex
[ 2] [PrevLogIndex from Message:  38]
[ 2] [PrevLogTerm from message:  1]
[ 2] [ LogUpperBound:  39]
[ 2] [Logs for 2]
[ 2] (TestCmd( 1), 1) (TestCmd( 100001), 1) (TestCmd( 600001), 1) (TestCmd( 200001), 1) (TestCmd( 300001), 1) (TestCmd( 400001), 1) (TestCmd( 100002), 1) (TestCmd( 600002), 1) (TestCmd( 300002), 1) (TestCmd( 300003), 1) (TestCmd( 300004), 1) (TestCmd( 300005), 1) (TestCmd( 300006), 1) (TestCmd( 300007), 1) (TestCmd( 300008), 1) (TestCmd( 300009), 1) (TestCmd( 300010), 1) (TestCmd( 300011), 1) (TestCmd( 300012), 1) (TestCmd( 300013), 1) (TestCmd( 300014), 1) (TestCmd( 300015), 1) (TestCmd( 100129), 1) (TestCmd( 100130), 1) (TestCmd( 100131), 1) (TestCmd( 100132), 1) (TestCmd( 100133), 1) (TestCmd( 100134), 1) (TestCmd( 100135), 1) (TestCmd( 100136), 1) (TestCmd( 100137), 1) (TestCmd( 100138), 1) (TestCmd( 100139), 1) (TestCmd( 100140), 1) (TestCmd( 100141), 1) (TestCmd( 100142), 1) (TestCmd( 100143), 1) (TestCmd( 100144), 1) 
[ 2] [Adding entries from  1 to  2 ]
[ 2] [Updated entry  39 with  1 on 2]
[ 2] [Updated entry  40 with  1 on 2]
[ 2] [Logs after update for 2]
[ 2] (TestCmd( 1), 1) (TestCmd( 100001), 1) (TestCmd( 600001), 1) (TestCmd( 200001), 1) (TestCmd( 300001), 1) (TestCmd( 400001), 1) (TestCmd( 100002), 1) (TestCmd( 600002), 1) (TestCmd( 300002), 1) (TestCmd( 300003), 1) (TestCmd( 300004), 1) (TestCmd( 300005), 1) (TestCmd( 300006), 1) (TestCmd( 300007), 1) (TestCmd( 300008), 1) (TestCmd( 300009), 1) (TestCmd( 300010), 1) (TestCmd( 300011), 1) (TestCmd( 300012), 1) (TestCmd( 300013), 1) (TestCmd( 300014), 1) (TestCmd( 300015), 1) (TestCmd( 100129), 1) (TestCmd( 100130), 1) (TestCmd( 100131), 1) (TestCmd( 100132), 1) (TestCmd( 100133), 1) (TestCmd( 100134), 1) (TestCmd( 100135), 1) (TestCmd( 100136), 1) (TestCmd( 100137), 1) (TestCmd( 100138), 1) (TestCmd( 100139), 1) (TestCmd( 100140), 1) (TestCmd( 100141), 1) (TestCmd( 100142), 1) (TestCmd( 100143), 1) (TestCmd( 100144), 1) (TestCmd( 100145), 1) (TestCmd( 100146), 1) 
[ 2] [Updated commit to  40 ]
[ 2] [Commit index strict for 2 :  40]
[ 2] [Append_entries Response for 2]
[ 2] [     Matching_Index_Strict:  40]
[ 2] [     Success: TRUE]
[ 2] [New_State: NO_CHANGES]
[ 2] [State: FOLLOWER, Term:  1] 
[ 2] [Received_message: RAFT.MESSAGES.APPEND_ENTRIES_REQUEST] 
[ 2] [AppendEntriesRequest] for 2 Checking if log contains an entry at PrevLogTerm whose index matches PrevLogIndex
[ 2] [PrevLogIndex from Message:  40]
[ 2] [PrevLogTerm from message:  1]
[ 2] [ LogUpperBound:  41]
[ 2] [Logs for 2]
[ 2] (TestCmd( 1), 1) (TestCmd( 100001), 1) (TestCmd( 600001), 1) (TestCmd( 200001), 1) (TestCmd( 300001), 1) (TestCmd( 400001), 1) (TestCmd( 100002), 1) (TestCmd( 600002), 1) (TestCmd( 300002), 1) (TestCmd( 300003), 1) (TestCmd( 300004), 1) (TestCmd( 300005), 1) (TestCmd( 300006), 1) (TestCmd( 300007), 1) (TestCmd( 300008), 1) (TestCmd( 300009), 1) (TestCmd( 300010), 1) (TestCmd( 300011), 1) (TestCmd( 300012), 1) (TestCmd( 300013), 1) (TestCmd( 300014), 1) (TestCmd( 300015), 1) (TestCmd( 100129), 1) (TestCmd( 100130), 1) (TestCmd( 100131), 1) (TestCmd( 100132), 1) (TestCmd( 100133), 1) (TestCmd( 100134), 1) (TestCmd( 100135), 1) (TestCmd( 100136), 1) (TestCmd( 100137), 1) (TestCmd( 100138), 1) (TestCmd( 100139), 1) (TestCmd( 100140), 1) (TestCmd( 100141), 1) (TestCmd( 100142), 1) (TestCmd( 100143), 1) (TestCmd( 100144), 1) (TestCmd( 100145), 1) (TestCmd( 100146), 1) 
[ 2] [Adding entries from  1 to  1 ]
[ 2] [Updated entry  41 with  1 on 2]
[ 2] [Logs after update for 2]
[ 2] (TestCmd( 1), 1) (TestCmd( 100001), 1) (TestCmd( 600001), 1) (TestCmd( 200001), 1) (TestCmd( 300001), 1) (TestCmd( 400001), 1) (TestCmd( 100002), 1) (TestCmd( 600002), 1) (TestCmd( 300002), 1) (TestCmd( 300003), 1) (TestCmd( 300004), 1) (TestCmd( 300005), 1) (TestCmd( 300006), 1) (TestCmd( 300007), 1) (TestCmd( 300008), 1) (TestCmd( 300009), 1) (TestCmd( 300010), 1) (TestCmd( 300011), 1) (TestCmd( 300012), 1) (TestCmd( 300013), 1) (TestCmd( 300014), 1) (TestCmd( 300015), 1) (TestCmd( 100129), 1) (TestCmd( 100130), 1) (TestCmd( 100131), 1) (TestCmd( 100132), 1) (TestCmd( 100133), 1) (TestCmd( 100134), 1) (TestCmd( 100135), 1) (TestCmd( 100136), 1) (TestCmd( 100137), 1) (TestCmd( 100138), 1) (TestCmd( 100139), 1) (TestCmd( 100140), 1) (TestCmd( 100141), 1) (TestCmd( 100142), 1) (TestCmd( 100143), 1) (TestCmd( 100144), 1) (TestCmd( 100145), 1) (TestCmd( 100146), 1) (TestCmd( 100147), 1) 
[ 2] [Updated commit to  41 ]
[ 2] [Commit index strict for 2 :  41]
[ 2] [Append_entries Response for 2]
[ 2] [     Matching_Index_Strict:  41]
[ 2] [     Success: TRUE]
[ 2] [New_State: NO_CHANGES]
[ 2] [State: FOLLOWER, Term:  1] 
[ 2] [Received_message: RAFT.MESSAGES.APPEND_ENTRIES_REQUEST] 
[ 2] [AppendEntriesRequest] for 2 Checking if log contains an entry at PrevLogTerm whose index matches PrevLogIndex
[ 2] [PrevLogIndex from Message:  40]
[ 2] [PrevLogTerm from message:  1]
[ 2] [ LogUpperBound:  42]
[ 2] [Logs for 2]
[ 2] (TestCmd( 1), 1) (TestCmd( 100001), 1) (TestCmd( 600001), 1) (TestCmd( 200001), 1) (TestCmd( 300001), 1) (TestCmd( 400001), 1) (TestCmd( 100002), 1) (TestCmd( 600002), 1) (TestCmd( 300002), 1) (TestCmd( 300003), 1) (TestCmd( 300004), 1) (TestCmd( 300005), 1) (TestCmd( 300006), 1) (TestCmd( 300007), 1) (TestCmd( 300008), 1) (TestCmd( 300009), 1) (TestCmd( 300010), 1) (TestCmd( 300011), 1) (TestCmd( 300012), 1) (TestCmd( 300013), 1) (TestCmd( 300014), 1) (TestCmd( 300015), 1) (TestCmd( 100129), 1) (TestCmd( 100130), 1) (TestCmd( 100131), 1) (TestCmd( 100132), 1) (TestCmd( 100133), 1) (TestCmd( 100134), 1) (TestCmd( 100135), 1) (TestCmd( 100136), 1) (TestCmd( 100137), 1) (TestCmd( 100138), 1) (TestCmd( 100139), 1) (TestCmd( 100140), 1) (TestCmd( 100141), 1) (TestCmd( 100142), 1) (TestCmd( 100143), 1) (TestCmd( 100144), 1) (TestCmd( 100145), 1) (TestCmd( 100146), 1) (TestCmd( 100147), 1) 
[ 2] [Adding entries from  1 to  2 ]
[ 2] [Updated entry  41 with  1 on 2]
[ 2] [Updated entry  42 with  1 on 2]
[ 2] [Logs after update for 2]
[ 2] (TestCmd( 1), 1) (TestCmd( 100001), 1) (TestCmd( 600001), 1) (TestCmd( 200001), 1) (TestCmd( 300001), 1) (TestCmd( 400001), 1) (TestCmd( 100002), 1) (TestCmd( 600002), 1) (TestCmd( 300002), 1) (TestCmd( 300003), 1) (TestCmd( 300004), 1) (TestCmd( 300005), 1) (TestCmd( 300006), 1) (TestCmd( 300007), 1) (TestCmd( 300008), 1) (TestCmd( 300009), 1) (TestCmd( 300010), 1) (TestCmd( 300011), 1) (TestCmd( 300012), 1) (TestCmd( 300013), 1) (TestCmd( 300014), 1) (TestCmd( 300015), 1) (TestCmd( 100129), 1) (TestCmd( 100130), 1) (TestCmd( 100131), 1) (TestCmd( 100132), 1) (TestCmd( 100133), 1) (TestCmd( 100134), 1) (TestCmd( 100135), 1) (TestCmd( 100136), 1) (TestCmd( 100137), 1) (TestCmd( 100138), 1) (TestCmd( 100139), 1) (TestCmd( 100140), 1) (TestCmd( 100141), 1) (TestCmd( 100142), 1) (TestCmd( 100143), 1) (TestCmd( 100144), 1) (TestCmd( 100145), 1) (TestCmd( 100146), 1) (TestCmd( 100147), 1) (TestCmd( 100148), 1) 
[ 2] [Updated commit to  42 ]
[ 2] [Commit index strict for 2 :  42]
[ 2] [Append_entries Response for 2]
[ 2] [     Matching_Index_Strict:  42]
[ 2] [     Success: TRUE]
[ 2] [New_State: NO_CHANGES]
[ 2] [State: FOLLOWER, Term:  1] 
[ 2] [Received_message: RAFT.MESSAGES.APPEND_ENTRIES_REQUEST] 
[ 2] [AppendEntriesRequest] for 2 Checking if log contains an entry at PrevLogTerm whose index matches PrevLogIndex
[ 2] [PrevLogIndex from Message:  42]
[ 2] [PrevLogTerm from message:  1]
[ 2] [ LogUpperBound:  43]
[ 2] [Logs for 2]
[ 2] (TestCmd( 1), 1) (TestCmd( 100001), 1) (TestCmd( 600001), 1) (TestCmd( 200001), 1) (TestCmd( 300001), 1) (TestCmd( 400001), 1) (TestCmd( 100002), 1) (TestCmd( 600002), 1) (TestCmd( 300002), 1) (TestCmd( 300003), 1) (TestCmd( 300004), 1) (TestCmd( 300005), 1) (TestCmd( 300006), 1) (TestCmd( 300007), 1) (TestCmd( 300008), 1) (TestCmd( 300009), 1) (TestCmd( 300010), 1) (TestCmd( 300011), 1) (TestCmd( 300012), 1) (TestCmd( 300013), 1) (TestCmd( 300014), 1) (TestCmd( 300015), 1) (TestCmd( 100129), 1) (TestCmd( 100130), 1) (TestCmd( 100131), 1) (TestCmd( 100132), 1) (TestCmd( 100133), 1) (TestCmd( 100134), 1) (TestCmd( 100135), 1) (TestCmd( 100136), 1) (TestCmd( 100137), 1) (TestCmd( 100138), 1) (TestCmd( 100139), 1) (TestCmd( 100140), 1) (TestCmd( 100141), 1) (TestCmd( 100142), 1) (TestCmd( 100143), 1) (TestCmd( 100144), 1) (TestCmd( 100145), 1) (TestCmd( 100146), 1) (TestCmd( 100147), 1) (TestCmd( 100148), 1) 
[ 2] [Adding entries from  1 to  2 ]
[ 2] [Updated entry  43 with  1 on 2]
[ 2] [Updated entry  44 with  1 on 2]
[ 2] [Logs after update for 2]
[ 2] (TestCmd( 1), 1) (TestCmd( 100001), 1) (TestCmd( 600001), 1) (TestCmd( 200001), 1) (TestCmd( 300001), 1) (TestCmd( 400001), 1) (TestCmd( 100002), 1) (TestCmd( 600002), 1) (TestCmd( 300002), 1) (TestCmd( 300003), 1) (TestCmd( 300004), 1) (TestCmd( 300005), 1) (TestCmd( 300006), 1) (TestCmd( 300007), 1) (TestCmd( 300008), 1) (TestCmd( 300009), 1) (TestCmd( 300010), 1) (TestCmd( 300011), 1) (TestCmd( 300012), 1) (TestCmd( 300013), 1) (TestCmd( 300014), 1) (TestCmd( 300015), 1) (TestCmd( 100129), 1) (TestCmd( 100130), 1) (TestCmd( 100131), 1) (TestCmd( 100132), 1) (TestCmd( 100133), 1) (TestCmd( 100134), 1) (TestCmd( 100135), 1) (TestCmd( 100136), 1) (TestCmd( 100137), 1) (TestCmd( 100138), 1) (TestCmd( 100139), 1) (TestCmd( 100140), 1) (TestCmd( 100141), 1) (TestCmd( 100142), 1) (TestCmd( 100143), 1) (TestCmd( 100144), 1) (TestCmd( 100145), 1) (TestCmd( 100146), 1) (TestCmd( 100147), 1) (TestCmd( 100148), 1) (TestCmd( 100149), 1) (TestCmd( 100150), 1) 
[ 2] [Updated commit to  44 ]
[ 2] [Commit index strict for 2 :  44]
[ 2] [Append_entries Response for 2]
[ 2] [     Matching_Index_Strict:  44]
[ 2] [     Success: TRUE]
[ 2] [New_State: NO_CHANGES]
[ 2] [State: FOLLOWER, Term:  1] 
[ 2] [Received_message: RAFT.MESSAGES.APPEND_ENTRIES_REQUEST] 
[ 2] [AppendEntriesRequest] for 2 Checking if log contains an entry at PrevLogTerm whose index matches PrevLogIndex
[ 2] [PrevLogIndex from Message:  44]
[ 2] [PrevLogTerm from message:  1]
[ 2] [ LogUpperBound:  45]
[ 2] [Logs for 2]
[ 2] (TestCmd( 1), 1) (TestCmd( 100001), 1) (TestCmd( 600001), 1) (TestCmd( 200001), 1) (TestCmd( 300001), 1) (TestCmd( 400001), 1) (TestCmd( 100002), 1) (TestCmd( 600002), 1) (TestCmd( 300002), 1) (TestCmd( 300003), 1) (TestCmd( 300004), 1) (TestCmd( 300005), 1) (TestCmd( 300006), 1) (TestCmd( 300007), 1) (TestCmd( 300008), 1) (TestCmd( 300009), 1) (TestCmd( 300010), 1) (TestCmd( 300011), 1) (TestCmd( 300012), 1) (TestCmd( 300013), 1) (TestCmd( 300014), 1) (TestCmd( 300015), 1) (TestCmd( 100129), 1) (TestCmd( 100130), 1) (TestCmd( 100131), 1) (TestCmd( 100132), 1) (TestCmd( 100133), 1) (TestCmd( 100134), 1) (TestCmd( 100135), 1) (TestCmd( 100136), 1) (TestCmd( 100137), 1) (TestCmd( 100138), 1) (TestCmd( 100139), 1) (TestCmd( 100140), 1) (TestCmd( 100141), 1) (TestCmd( 100142), 1) (TestCmd( 100143), 1) (TestCmd( 100144), 1) (TestCmd( 100145), 1) (TestCmd( 100146), 1) (TestCmd( 100147), 1) (TestCmd( 100148), 1) (TestCmd( 100149), 1) (TestCmd( 100150), 1) 
[ 2] [Adding entries from  1 to  2 ]
[ 2] [Updated entry  45 with  1 on 2]
[ 2] [Updated entry  46 with  1 on 2]
[ 2] [Logs after update for 2]
[ 2] (TestCmd( 1), 1) (TestCmd( 100001), 1) (TestCmd( 600001), 1) (TestCmd( 200001), 1) (TestCmd( 300001), 1) (TestCmd( 400001), 1) (TestCmd( 100002), 1) (TestCmd( 600002), 1) (TestCmd( 300002), 1) (TestCmd( 300003), 1) (TestCmd( 300004), 1) (TestCmd( 300005), 1) (TestCmd( 300006), 1) (TestCmd( 300007), 1) (TestCmd( 300008), 1) (TestCmd( 300009), 1) (TestCmd( 300010), 1) (TestCmd( 300011), 1) (TestCmd( 300012), 1) (TestCmd( 300013), 1) (TestCmd( 300014), 1) (TestCmd( 300015), 1) (TestCmd( 100129), 1) (TestCmd( 100130), 1) (TestCmd( 100131), 1) (TestCmd( 100132), 1) (TestCmd( 100133), 1) (TestCmd( 100134), 1) (TestCmd( 100135), 1) (TestCmd( 100136), 1) (TestCmd( 100137), 1) (TestCmd( 100138), 1) (TestCmd( 100139), 1) (TestCmd( 100140), 1) (TestCmd( 100141), 1) (TestCmd( 100142), 1) (TestCmd( 100143), 1) (TestCmd( 100144), 1) (TestCmd( 100145), 1) (TestCmd( 100146), 1) (TestCmd( 100147), 1) (TestCmd( 100148), 1) (TestCmd( 100149), 1) (TestCmd( 100150), 1) (TestCmd( 100151), 1) (TestCmd( 100152), 1) 
[ 2] [Updated commit to  46 ]
[ 2] [Commit index strict for 2 :  46]
[ 2] [Append_entries Response for 2]
[ 2] [     Matching_Index_Strict:  46]
[ 2] [     Success: TRUE]
[ 2] [New_State: NO_CHANGES]
[ 2] [State: FOLLOWER, Term:  1] 
[ 2] [Received_message: RAFT.MESSAGES.APPEND_ENTRIES_REQUEST] 
[ 2] [AppendEntriesRequest] for 2 Checking if log contains an entry at PrevLogTerm whose index matches PrevLogIndex
[ 2] [PrevLogIndex from Message:  46]
[ 2] [PrevLogTerm from message:  1]
[ 2] [ LogUpperBound:  47]
[ 2] [Logs for 2]
[ 2] (TestCmd( 1), 1) (TestCmd( 100001), 1) (TestCmd( 600001), 1) (TestCmd( 200001), 1) (TestCmd( 300001), 1) (TestCmd( 400001), 1) (TestCmd( 100002), 1) (TestCmd( 600002), 1) (TestCmd( 300002), 1) (TestCmd( 300003), 1) (TestCmd( 300004), 1) (TestCmd( 300005), 1) (TestCmd( 300006), 1) (TestCmd( 300007), 1) (TestCmd( 300008), 1) (TestCmd( 300009), 1) (TestCmd( 300010), 1) (TestCmd( 300011), 1) (TestCmd( 300012), 1) (TestCmd( 300013), 1) (TestCmd( 300014), 1) (TestCmd( 300015), 1) (TestCmd( 100129), 1) (TestCmd( 100130), 1) (TestCmd( 100131), 1) (TestCmd( 100132), 1) (TestCmd( 100133), 1) (TestCmd( 100134), 1) (TestCmd( 100135), 1) (TestCmd( 100136), 1) (TestCmd( 100137), 1) (TestCmd( 100138), 1) (TestCmd( 100139), 1) (TestCmd( 100140), 1) (TestCmd( 100141), 1) (TestCmd( 100142), 1) (TestCmd( 100143), 1) (TestCmd( 100144), 1) (TestCmd( 100145), 1) (TestCmd( 100146), 1) (TestCmd( 100147), 1) (TestCmd( 100148), 1) (TestCmd( 100149), 1) (TestCmd( 100150), 1) (TestCmd( 100151), 1) (TestCmd( 100152), 1) 
[ 2] [Adding entries from  1 to  2 ]
[ 2] [Updated entry  47 with  1 on 2]
[ 2] [Updated entry  48 with  1 on 2]
[ 2] [Logs after update for 2]
[ 2] (TestCmd( 1), 1) (TestCmd( 100001), 1) (TestCmd( 600001), 1) (TestCmd( 200001), 1) (TestCmd( 300001), 1) (TestCmd( 400001), 1) (TestCmd( 100002), 1) (TestCmd( 600002), 1) (TestCmd( 300002), 1) (TestCmd( 300003), 1) (TestCmd( 300004), 1) (TestCmd( 300005), 1) (TestCmd( 300006), 1) (TestCmd( 300007), 1) (TestCmd( 300008), 1) (TestCmd( 300009), 1) (TestCmd( 300010), 1) (TestCmd( 300011), 1) (TestCmd( 300012), 1) (TestCmd( 300013), 1) (TestCmd( 300014), 1) (TestCmd( 300015), 1) (TestCmd( 100129), 1) (TestCmd( 100130), 1) (TestCmd( 100131), 1) (TestCmd( 100132), 1) (TestCmd( 100133), 1) (TestCmd( 100134), 1) (TestCmd( 100135), 1) (TestCmd( 100136), 1) (TestCmd( 100137), 1) (TestCmd( 100138), 1) (TestCmd( 100139), 1) (TestCmd( 100140), 1) (TestCmd( 100141), 1) (TestCmd( 100142), 1) (TestCmd( 100143), 1) (TestCmd( 100144), 1) (TestCmd( 100145), 1) (TestCmd( 100146), 1) (TestCmd( 100147), 1) (TestCmd( 100148), 1) (TestCmd( 100149), 1) (TestCmd( 100150), 1) (TestCmd( 100151), 1) (TestCmd( 100152), 1) (TestCmd( 100153), 1) (TestCmd( 100154), 1) 
[ 2] [Updated commit to  48 ]
[ 2] [Commit index strict for 2 :  48]
[ 2] [Append_entries Response for 2]
[ 2] [     Matching_Index_Strict:  48]
[ 2] [     Success: TRUE]
[ 2] [New_State: NO_CHANGES]
[ 2] [State: FOLLOWER, Term:  1] 
[ 2] [Received_message: RAFT.MESSAGES.APPEND_ENTRIES_REQUEST] 
[ 2] [AppendEntriesRequest] for 2 Checking if log contains an entry at PrevLogTerm whose index matches PrevLogIndex
[ 2] [PrevLogIndex from Message:  48]
[ 2] [PrevLogTerm from message:  1]
[ 2] [ LogUpperBound:  49]
[ 2] [Logs for 2]
[ 2] (TestCmd( 1), 1) (TestCmd( 100001), 1) (TestCmd( 600001), 1) (TestCmd( 200001), 1) (TestCmd( 300001), 1) (TestCmd( 400001), 1) (TestCmd( 100002), 1) (TestCmd( 600002), 1) (TestCmd( 300002), 1) (TestCmd( 300003), 1) (TestCmd( 300004), 1) (TestCmd( 300005), 1) (TestCmd( 300006), 1) (TestCmd( 300007), 1) (TestCmd( 300008), 1) (TestCmd( 300009), 1) (TestCmd( 300010), 1) (TestCmd( 300011), 1) (TestCmd( 300012), 1) (TestCmd( 300013), 1) (TestCmd( 300014), 1) (TestCmd( 300015), 1) (TestCmd( 100129), 1) (TestCmd( 100130), 1) (TestCmd( 100131), 1) (TestCmd( 100132), 1) (TestCmd( 100133), 1) (TestCmd( 100134), 1) (TestCmd( 100135), 1) (TestCmd( 100136), 1) (TestCmd( 100137), 1) (TestCmd( 100138), 1) (TestCmd( 100139), 1) (TestCmd( 100140), 1) (TestCmd( 100141), 1) (TestCmd( 100142), 1) (TestCmd( 100143), 1) (TestCmd( 100144), 1) (TestCmd( 100145), 1) (TestCmd( 100146), 1) (TestCmd( 100147), 1) (TestCmd( 100148), 1) (TestCmd( 100149), 1) (TestCmd( 100150), 1) (TestCmd( 100151), 1) (TestCmd( 100152), 1) (TestCmd( 100153), 1) (TestCmd( 100154), 1) 
[ 2] [Adding entries from  1 to  1 ]
[ 2] [Updated entry  49 with  1 on 2]
[ 2] [Logs after update for 2]
[ 2] (TestCmd( 1), 1) (TestCmd( 100001), 1) (TestCmd( 600001), 1) (TestCmd( 200001), 1) (TestCmd( 300001), 1) (TestCmd( 400001), 1) (TestCmd( 100002), 1) (TestCmd( 600002), 1) (TestCmd( 300002), 1) (TestCmd( 300003), 1) (TestCmd( 300004), 1) (TestCmd( 300005), 1) (TestCmd( 300006), 1) (TestCmd( 300007), 1) (TestCmd( 300008), 1) (TestCmd( 300009), 1) (TestCmd( 300010), 1) (TestCmd( 300011), 1) (TestCmd( 300012), 1) (TestCmd( 300013), 1) (TestCmd( 300014), 1) (TestCmd( 300015), 1) (TestCmd( 100129), 1) (TestCmd( 100130), 1) (TestCmd( 100131), 1) (TestCmd( 100132), 1) (TestCmd( 100133), 1) (TestCmd( 100134), 1) (TestCmd( 100135), 1) (TestCmd( 100136), 1) (TestCmd( 100137), 1) (TestCmd( 100138), 1) (TestCmd( 100139), 1) (TestCmd( 100140), 1) (TestCmd( 100141), 1) (TestCmd( 100142), 1) (TestCmd( 100143), 1) (TestCmd( 100144), 1) (TestCmd( 100145), 1) (TestCmd( 100146), 1) (TestCmd( 100147), 1) (TestCmd( 100148), 1) (TestCmd( 100149), 1) (TestCmd( 100150), 1) (TestCmd( 100151), 1) (TestCmd( 100152), 1) (TestCmd( 100153), 1) (TestCmd( 100154), 1) (TestCmd( 100155), 1) 
[ 2] [Updated commit to  49 ]
[ 2] [Commit index strict for 2 :  49]
[ 2] [Append_entries Response for 2]
[ 2] [     Matching_Index_Strict:  49]
[ 2] [     Success: TRUE]
[ 2] [New_State: NO_CHANGES]
[ 2] [State: FOLLOWER, Term:  1] 
[ 2] [Received_message: RAFT.MESSAGES.APPEND_ENTRIES_REQUEST] 
[ 2] [AppendEntriesRequest] for 2 Checking if log contains an entry at PrevLogTerm whose index matches PrevLogIndex
[ 2] [PrevLogIndex from Message:  48]
[ 2] [PrevLogTerm from message:  1]
[ 2] [ LogUpperBound:  50]
[ 2] [Logs for 2]
[ 2] (TestCmd( 1), 1) (TestCmd( 100001), 1) (TestCmd( 600001), 1) (TestCmd( 200001), 1) (TestCmd( 300001), 1) (TestCmd( 400001), 1) (TestCmd( 100002), 1) (TestCmd( 600002), 1) (TestCmd( 300002), 1) (TestCmd( 300003), 1) (TestCmd( 300004), 1) (TestCmd( 300005), 1) (TestCmd( 300006), 1) (TestCmd( 300007), 1) (TestCmd( 300008), 1) (TestCmd( 300009), 1) (TestCmd( 300010), 1) (TestCmd( 300011), 1) (TestCmd( 300012), 1) (TestCmd( 300013), 1) (TestCmd( 300014), 1) (TestCmd( 300015), 1) (TestCmd( 100129), 1) (TestCmd( 100130), 1) (TestCmd( 100131), 1) (TestCmd( 100132), 1) (TestCmd( 100133), 1) (TestCmd( 100134), 1) (TestCmd( 100135), 1) (TestCmd( 100136), 1) (TestCmd( 100137), 1) (TestCmd( 100138), 1) (TestCmd( 100139), 1) (TestCmd( 100140), 1) (TestCmd( 100141), 1) (TestCmd( 100142), 1) (TestCmd( 100143), 1) (TestCmd( 100144), 1) (TestCmd( 100145), 1) (TestCmd( 100146), 1) (TestCmd( 100147), 1) (TestCmd( 100148), 1) (TestCmd( 100149), 1) (TestCmd( 100150), 1) (TestCmd( 100151), 1) (TestCmd( 100152), 1) (TestCmd( 100153), 1) (TestCmd( 100154), 1) (TestCmd( 100155), 1) 
[ 2] [Adding entries from  1 to  2 ]
[ 2] [Updated entry  49 with  1 on 2]
[ 2] [Updated entry  50 with  1 on 2]
[ 2] [Logs after update for 2]
[ 2] (TestCmd( 1), 1) (TestCmd( 100001), 1) (TestCmd( 600001), 1) (TestCmd( 200001), 1) (TestCmd( 300001), 1) (TestCmd( 400001), 1) (TestCmd( 100002), 1) (TestCmd( 600002), 1) (TestCmd( 300002), 1) (TestCmd( 300003), 1) (TestCmd( 300004), 1) (TestCmd( 300005), 1) (TestCmd( 300006), 1) (TestCmd( 300007), 1) (TestCmd( 300008), 1) (TestCmd( 300009), 1) (TestCmd( 300010), 1) (TestCmd( 300011), 1) (TestCmd( 300012), 1) (TestCmd( 300013), 1) (TestCmd( 300014), 1) (TestCmd( 300015), 1) (TestCmd( 100129), 1) (TestCmd( 100130), 1) (TestCmd( 100131), 1) (TestCmd( 100132), 1) (TestCmd( 100133), 1) (TestCmd( 100134), 1) (TestCmd( 100135), 1) (TestCmd( 100136), 1) (TestCmd( 100137), 1) (TestCmd( 100138), 1) (TestCmd( 100139), 1) (TestCmd( 100140), 1) (TestCmd( 100141), 1) (TestCmd( 100142), 1) (TestCmd( 100143), 1) (TestCmd( 100144), 1) (TestCmd( 100145), 1) (TestCmd( 100146), 1) (TestCmd( 100147), 1) (TestCmd( 100148), 1) (TestCmd( 100149), 1) (TestCmd( 100150), 1) (TestCmd( 100151), 1) (TestCmd( 100152), 1) (TestCmd( 100153), 1) (TestCmd( 100154), 1) (TestCmd( 100155), 1) (TestCmd( 100156), 1) 
[ 2] [Updated commit to  50 ]
[ 2] [Commit index strict for 2 :  50]
[ 2] [Append_entries Response for 2]
[ 2] [     Matching_Index_Strict:  50]
[ 2] [     Success: TRUE]
[ 2] [New_State: NO_CHANGES]
[ 2] [State: FOLLOWER, Term:  1] 
[ 2] [Received_message: RAFT.MESSAGES.APPEND_ENTRIES_REQUEST] 
[ 2] [AppendEntriesRequest] for 2 Checking if log contains an entry at PrevLogTerm whose index matches PrevLogIndex
[ 2] [PrevLogIndex from Message:  50]
[ 2] [PrevLogTerm from message:  1]
[ 2] [ LogUpperBound:  51]
[ 2] [Logs for 2]
[ 2] (TestCmd( 1), 1) (TestCmd( 100001), 1) (TestCmd( 600001), 1) (TestCmd( 200001), 1) (TestCmd( 300001), 1) (TestCmd( 400001), 1) (TestCmd( 100002), 1) (TestCmd( 600002), 1) (TestCmd( 300002), 1) (TestCmd( 300003), 1) (TestCmd( 300004), 1) (TestCmd( 300005), 1) (TestCmd( 300006), 1) (TestCmd( 300007), 1) (TestCmd( 300008), 1) (TestCmd( 300009), 1) (TestCmd( 300010), 1) (TestCmd( 300011), 1) (TestCmd( 300012), 1) (TestCmd( 300013), 1) (TestCmd( 300014), 1) (TestCmd( 300015), 1) (TestCmd( 100129), 1) (TestCmd( 100130), 1) (TestCmd( 100131), 1) (TestCmd( 100132), 1) (TestCmd( 100133), 1) (TestCmd( 100134), 1) (TestCmd( 100135), 1) (TestCmd( 100136), 1) (TestCmd( 100137), 1) (TestCmd( 100138), 1) (TestCmd( 100139), 1) (TestCmd( 100140), 1) (TestCmd( 100141), 1) (TestCmd( 100142), 1) (TestCmd( 100143), 1) (TestCmd( 100144), 1) (TestCmd( 100145), 1) (TestCmd( 100146), 1) (TestCmd( 100147), 1) (TestCmd( 100148), 1) (TestCmd( 100149), 1) (TestCmd( 100150), 1) (TestCmd( 100151), 1) (TestCmd( 100152), 1) (TestCmd( 100153), 1) (TestCmd( 100154), 1) (TestCmd( 100155), 1) (TestCmd( 100156), 1) 
[ 2] [Adding entries from  1 to  2 ]
[ 2] [Updated entry  51 with  1 on 2]
[ 2] [Updated entry  52 with  1 on 2]
[ 2] [Logs after update for 2]
[ 2] (TestCmd( 1), 1) (TestCmd( 100001), 1) (TestCmd( 600001), 1) (TestCmd( 200001), 1) (TestCmd( 300001), 1) (TestCmd( 400001), 1) (TestCmd( 100002), 1) (TestCmd( 600002), 1) (TestCmd( 300002), 1) (TestCmd( 300003), 1) (TestCmd( 300004), 1) (TestCmd( 300005), 1) (TestCmd( 300006), 1) (TestCmd( 300007), 1) (TestCmd( 300008), 1) (TestCmd( 300009), 1) (TestCmd( 300010), 1) (TestCmd( 300011), 1) (TestCmd( 300012), 1) (TestCmd( 300013), 1) (TestCmd( 300014), 1) (TestCmd( 300015), 1) (TestCmd( 100129), 1) (TestCmd( 100130), 1) (TestCmd( 100131), 1) (TestCmd( 100132), 1) (TestCmd( 100133), 1) (TestCmd( 100134), 1) (TestCmd( 100135), 1) (TestCmd( 100136), 1) (TestCmd( 100137), 1) (TestCmd( 100138), 1) (TestCmd( 100139), 1) (TestCmd( 100140), 1) (TestCmd( 100141), 1) (TestCmd( 100142), 1) (TestCmd( 100143), 1) (TestCmd( 100144), 1) (TestCmd( 100145), 1) (TestCmd( 100146), 1) (TestCmd( 100147), 1) (TestCmd( 100148), 1) (TestCmd( 100149), 1) (TestCmd( 100150), 1) (TestCmd( 100151), 1) (TestCmd( 100152), 1) (TestCmd( 100153), 1) (TestCmd( 100154), 1) (TestCmd( 100155), 1) (TestCmd( 100156), 1) (TestCmd( 100157), 1) (TestCmd( 100158), 1) 
[ 2] [Updated commit to  52 ]
[ 2] [Commit index strict for 2 :  52]
[ 2] [Append_entries Response for 2]
[ 2] [     Matching_Index_Strict:  52]
[ 2] [     Success: TRUE]
[ 2] [New_State: NO_CHANGES]
[ 2] [State: FOLLOWER, Term:  1] 
[ 2] [Received_message: RAFT.MESSAGES.APPEND_ENTRIES_REQUEST] 
[ 2] [AppendEntriesRequest] for 2 Checking if log contains an entry at PrevLogTerm whose index matches PrevLogIndex
[ 2] [PrevLogIndex from Message:  52]
[ 2] [PrevLogTerm from message:  1]
[ 2] [ LogUpperBound:  53]
[ 2] [Logs for 2]
[ 2] (TestCmd( 1), 1) (TestCmd( 100001), 1) (TestCmd( 600001), 1) (TestCmd( 200001), 1) (TestCmd( 300001), 1) (TestCmd( 400001), 1) (TestCmd( 100002), 1) (TestCmd( 600002), 1) (TestCmd( 300002), 1) (TestCmd( 300003), 1) (TestCmd( 300004), 1) (TestCmd( 300005), 1) (TestCmd( 300006), 1) (TestCmd( 300007), 1) (TestCmd( 300008), 1) (TestCmd( 300009), 1) (TestCmd( 300010), 1) (TestCmd( 300011), 1) (TestCmd( 300012), 1) (TestCmd( 300013), 1) (TestCmd( 300014), 1) (TestCmd( 300015), 1) (TestCmd( 100129), 1) (TestCmd( 100130), 1) (TestCmd( 100131), 1) (TestCmd( 100132), 1) (TestCmd( 100133), 1) (TestCmd( 100134), 1) (TestCmd( 100135), 1) (TestCmd( 100136), 1) (TestCmd( 100137), 1) (TestCmd( 100138), 1) (TestCmd( 100139), 1) (TestCmd( 100140), 1) (TestCmd( 100141), 1) (TestCmd( 100142), 1) (TestCmd( 100143), 1) (TestCmd( 100144), 1) (TestCmd( 100145), 1) (TestCmd( 100146), 1) (TestCmd( 100147), 1) (TestCmd( 100148), 1) (TestCmd( 100149), 1) (TestCmd( 100150), 1) (TestCmd( 100151), 1) (TestCmd( 100152), 1) (TestCmd( 100153), 1) (TestCmd( 100154), 1) (TestCmd( 100155), 1) (TestCmd( 100156), 1) (TestCmd( 100157), 1) (TestCmd( 100158), 1) 
[ 2] [Adding entries from  1 to  2 ]
[ 2] [Updated entry  53 with  1 on 2]
[ 2] [Updated entry  54 with  1 on 2]
[ 2] [Logs after update for 2]
[ 2] (TestCmd( 1), 1) (TestCmd( 100001), 1) (TestCmd( 600001), 1) (TestCmd( 200001), 1) (TestCmd( 300001), 1) (TestCmd( 400001), 1) (TestCmd( 100002), 1) (TestCmd( 600002), 1) (TestCmd( 300002), 1) (TestCmd( 300003), 1) (TestCmd( 300004), 1) (TestCmd( 300005), 1) (TestCmd( 300006), 1) (TestCmd( 300007), 1) (TestCmd( 300008), 1) (TestCmd( 300009), 1) (TestCmd( 300010), 1) (TestCmd( 300011), 1) (TestCmd( 300012), 1) (TestCmd( 300013), 1) (TestCmd( 300014), 1) (TestCmd( 300015), 1) (TestCmd( 100129), 1) (TestCmd( 100130), 1) (TestCmd( 100131), 1) (TestCmd( 100132), 1) (TestCmd( 100133), 1) (TestCmd( 100134), 1) (TestCmd( 100135), 1) (TestCmd( 100136), 1) (TestCmd( 100137), 1) (TestCmd( 100138), 1) (TestCmd( 100139), 1) (TestCmd( 100140), 1) (TestCmd( 100141), 1) (TestCmd( 100142), 1) (TestCmd( 100143), 1) (TestCmd( 100144), 1) (TestCmd( 100145), 1) (TestCmd( 100146), 1) (TestCmd( 100147), 1) (TestCmd( 100148), 1) (TestCmd( 100149), 1) (TestCmd( 100150), 1) (TestCmd( 100151), 1) (TestCmd( 100152), 1) (TestCmd( 100153), 1) (TestCmd( 100154), 1) (TestCmd( 100155), 1) (TestCmd( 100156), 1) (TestCmd( 100157), 1) (TestCmd( 100158), 1) (TestCmd( 100159), 1) (TestCmd( 100160), 1) 
[ 2] [Updated commit to  54 ]
[ 2] [Commit index strict for 2 :  54]
[ 2] [Append_entries Response for 2]
[ 2] [     Matching_Index_Strict:  54]
[ 2] [     Success: TRUE]
[ 2] [New_State: NO_CHANGES]
[ 2] [State: FOLLOWER, Term:  1] 
[ 2] [Received_message: RAFT.MESSAGES.APPEND_ENTRIES_REQUEST] 
[ 2] [AppendEntriesRequest] for 2 Checking if log contains an entry at PrevLogTerm whose index matches PrevLogIndex
[ 2] [PrevLogIndex from Message:  54]
[ 2] [PrevLogTerm from message:  1]
[ 2] [ LogUpperBound:  55]
[ 2] [Logs for 2]
[ 2] (TestCmd( 1), 1) (TestCmd( 100001), 1) (TestCmd( 600001), 1) (TestCmd( 200001), 1) (TestCmd( 300001), 1) (TestCmd( 400001), 1) (TestCmd( 100002), 1) (TestCmd( 600002), 1) (TestCmd( 300002), 1) (TestCmd( 300003), 1) (TestCmd( 300004), 1) (TestCmd( 300005), 1) (TestCmd( 300006), 1) (TestCmd( 300007), 1) (TestCmd( 300008), 1) (TestCmd( 300009), 1) (TestCmd( 300010), 1) (TestCmd( 300011), 1) (TestCmd( 300012), 1) (TestCmd( 300013), 1) (TestCmd( 300014), 1) (TestCmd( 300015), 1) (TestCmd( 100129), 1) (TestCmd( 100130), 1) (TestCmd( 100131), 1) (TestCmd( 100132), 1) (TestCmd( 100133), 1) (TestCmd( 100134), 1) (TestCmd( 100135), 1) (TestCmd( 100136), 1) (TestCmd( 100137), 1) (TestCmd( 100138), 1) (TestCmd( 100139), 1) (TestCmd( 100140), 1) (TestCmd( 100141), 1) (TestCmd( 100142), 1) (TestCmd( 100143), 1) (TestCmd( 100144), 1) (TestCmd( 100145), 1) (TestCmd( 100146), 1) (TestCmd( 100147), 1) (TestCmd( 100148), 1) (TestCmd( 100149), 1) (TestCmd( 100150), 1) (TestCmd( 100151), 1) (TestCmd( 100152), 1) (TestCmd( 100153), 1) (TestCmd( 100154), 1) (TestCmd( 100155), 1) (TestCmd( 100156), 1) (TestCmd( 100157), 1) (TestCmd( 100158), 1) (TestCmd( 100159), 1) (TestCmd( 100160), 1) 
[No entries to add for 2]
[ 2] [Logs after update for 2]
[ 2] (TestCmd( 1), 1) (TestCmd( 100001), 1) (TestCmd( 600001), 1) (TestCmd( 200001), 1) (TestCmd( 300001), 1) (TestCmd( 400001), 1) (TestCmd( 100002), 1) (TestCmd( 600002), 1) (TestCmd( 300002), 1) (TestCmd( 300003), 1) (TestCmd( 300004), 1) (TestCmd( 300005), 1) (TestCmd( 300006), 1) (TestCmd( 300007), 1) (TestCmd( 300008), 1) (TestCmd( 300009), 1) (TestCmd( 300010), 1) (TestCmd( 300011), 1) (TestCmd( 300012), 1) (TestCmd( 300013), 1) (TestCmd( 300014), 1) (TestCmd( 300015), 1) (TestCmd( 100129), 1) (TestCmd( 100130), 1) (TestCmd( 100131), 1) (TestCmd( 100132), 1) (TestCmd( 100133), 1) (TestCmd( 100134), 1) (TestCmd( 100135), 1) (TestCmd( 100136), 1) (TestCmd( 100137), 1) (TestCmd( 100138), 1) (TestCmd( 100139), 1) (TestCmd( 100140), 1) (TestCmd( 100141), 1) (TestCmd( 100142), 1) (TestCmd( 100143), 1) (TestCmd( 100144), 1) (TestCmd( 100145), 1) (TestCmd( 100146), 1) (TestCmd( 100147), 1) (TestCmd( 100148), 1) (TestCmd( 100149), 1) (TestCmd( 100150), 1) (TestCmd( 100151), 1) (TestCmd( 100152), 1) (TestCmd( 100153), 1) (TestCmd( 100154), 1) (TestCmd( 100155), 1) (TestCmd( 100156), 1) (TestCmd( 100157), 1) (TestCmd( 100158), 1) (TestCmd( 100159), 1) (TestCmd( 100160), 1) 
[ 2] [Updated commit to  55 ]
[ 2] [Commit index strict for 2 :  55]
[ 2] [Append_entries Response for 2]
[ 2] [     Matching_Index_Strict:  54]
[ 2] [     Success: TRUE]
[ 2] [New_State: NO_CHANGES]
audit: messages= 215 bytes= 25265 rate= 1.56368E+03 B/s
state: FOLLOWER epoch= 298 snapshot= 1@ 0 application_state=TestAppState(Sum= 9704753)
[ 2] [State: FOLLOWER, Term:  1] 
[ 2] [Received_message: RAFT.MESSAGES.APPEND_ENTRIES_REQUEST] 
[ 2] [AppendEntriesRequest] for 2 Checking if log contains an entry at PrevLogTerm whose index matches PrevLogIndex
[ 2] [PrevLogIndex from Message:  54]
[ 2] [PrevLogTerm from message:  1]
[ 2] [ LogUpperBound:  55]
[ 2] [Logs for 2]
[ 2] (TestCmd( 1), 1) (TestCmd( 100001), 1) (TestCmd( 600001), 1) (TestCmd( 200001), 1) (TestCmd( 300001), 1) (TestCmd( 400001), 1) (TestCmd( 100002), 1) (TestCmd( 600002), 1) (TestCmd( 300002), 1) (TestCmd( 300003), 1) (TestCmd( 300004), 1) (TestCmd( 300005), 1) (TestCmd( 300006), 1) (TestCmd( 300007), 1) (TestCmd( 300008), 1) (TestCmd( 300009), 1) (TestCmd( 300010), 1) (TestCmd( 300011), 1) (TestCmd( 300012), 1) (TestCmd( 300013), 1) (TestCmd( 300014), 1) (TestCmd( 300015), 1) (TestCmd( 100129), 1) (TestCmd( 100130), 1) (TestCmd( 100131), 1) (TestCmd( 100132), 1) (TestCmd( 100133), 1) (TestCmd( 100134), 1) (TestCmd( 100135), 1) (TestCmd( 100136), 1) (TestCmd( 100137), 1) (TestCmd( 100138), 1) (TestCmd( 100139), 1) (TestCmd( 100140), 1) (TestCmd( 100141), 1) (TestCmd( 100142), 1) (TestCmd( 100143), 1) (TestCmd( 100144), 1) (TestCmd( 100145), 1) (TestCmd( 100146), 1) (TestCmd( 100147), 1) (TestCmd( 100148), 1) (TestCmd( 100149), 1) (TestCmd( 100150), 1) (TestCmd( 100151), 1) (TestCmd( 100152), 1) (TestCmd( 100153), 1) (TestCmd( 100154), 1) (TestCmd( 100155), 1) (TestCmd( 100156), 1) (TestCmd( 100157), 1) (TestCmd( 100158), 1) (TestCmd( 100159), 1) (TestCmd( 100160), 1) 
[No entries to add for 2]
[ 2] [Logs after update for 2]
[ 2] (TestCmd( 1), 1) (TestCmd( 100001), 1) (TestCmd( 600001), 1) (TestCmd( 200001), 1) (TestCmd( 300001), 1) (TestCmd( 400001), 1) (TestCmd( 100002), 1) (TestCmd( 600002), 1) (TestCmd( 300002), 1) (TestCmd( 300003), 1) (TestCmd( 300004), 1) (TestCmd( 300005), 1) (TestCmd( 300006), 1) (TestCmd( 300007), 1) (TestCmd( 300008), 1) (TestCmd( 300009), 1) (TestCmd( 300010), 1) (TestCmd( 300011), 1) (TestCmd( 300012), 1) (TestCmd( 300013), 1) (TestCmd( 300014), 1) (TestCmd( 300015), 1) (TestCmd( 100129), 1) (TestCmd( 100130), 1) (TestCmd( 100131), 1) (TestCmd( 100132), 1) (TestCmd( 100133), 1) (TestCmd( 100134), 1) (TestCmd( 100135), 1) (TestCmd( 100136), 1) (TestCmd( 100137), 1) (TestCmd( 100138), 1) (TestCmd( 100139), 1) (TestCmd( 100140), 1) (TestCmd( 100141), 1) (TestCmd( 100142), 1) (TestCmd( 100143), 1) (TestCmd( 100144), 1) (TestCmd( 100145), 1) (TestCmd( 100146), 1) (TestCmd( 100147), 1) (TestCmd( 100148), 1) (TestCmd( 100149), 1) (TestCmd( 100150), 1) (TestCmd( 100151), 1) (TestCmd( 100152), 1) (TestCmd( 100153), 1) (TestCmd( 100154), 1) (TestCmd( 100155), 1) (TestCmd( 100156), 1) (TestCmd( 100157), 1) (TestCmd( 100158), 1) (TestCmd( 100159), 1) (TestCmd( 100160), 1) 
[ 2] [Commit index strict for 2 :  55]
[ 2] [Append_entries Response for 2]
[ 2] [     Matching_Index_Strict:  54]
[ 2] [     Success: TRUE]
[ 2] [New_State: NO_CHANGES]
[ 2] [State: FOLLOWER, Term:  1] 
[ 2] [Received_message: RAFT.MESSAGES.APPEND_ENTRIES_REQUEST] 
[ 2] [AppendEntriesRequest] for 2 Checking if log contains an entry at PrevLogTerm whose index matches PrevLogIndex
[ 2] [PrevLogIndex from Message:  54]
[ 2] [PrevLogTerm from message:  1]
[ 2] [ LogUpperBound:  55]
[ 2] [Logs for 2]
[ 2] (TestCmd( 1), 1) (TestCmd( 100001), 1) (TestCmd( 600001), 1) (TestCmd( 200001), 1) (TestCmd( 300001), 1) (TestCmd( 400001), 1) (TestCmd( 100002), 1) (TestCmd( 600002), 1) (TestCmd( 300002), 1) (TestCmd( 300003), 1) (TestCmd( 300004), 1) (TestCmd( 300005), 1) (TestCmd( 300006), 1) (TestCmd( 300007), 1) (TestCmd( 300008), 1) (TestCmd( 300009), 1) (TestCmd( 300010), 1) (TestCmd( 300011), 1) (TestCmd( 300012), 1) (TestCmd( 300013), 1) (TestCmd( 300014), 1) (TestCmd( 300015), 1) (TestCmd( 100129), 1) (TestCmd( 100130), 1) (TestCmd( 100131), 1) (TestCmd( 100132), 1) (TestCmd( 100133), 1) (TestCmd( 100134), 1) (TestCmd( 100135), 1) (TestCmd( 100136), 1) (TestCmd( 100137), 1) (TestCmd( 100138), 1) (TestCmd( 100139), 1) (TestCmd( 100140), 1) (TestCmd( 100141), 1) (TestCmd( 100142), 1) (TestCmd( 100143), 1) (TestCmd( 100144), 1) (TestCmd( 100145), 1) (TestCmd( 100146), 1) (TestCmd( 100147), 1) (TestCmd( 100148), 1) (TestCmd( 100149), 1) (TestCmd( 100150), 1) (TestCmd( 100151), 1) (TestCmd( 100152), 1) (TestCmd( 100153), 1) (TestCmd( 100154), 1) (TestCmd( 100155), 1) (TestCmd( 100156), 1) (TestCmd( 100157), 1) (TestCmd( 100158), 1) (TestCmd( 100159), 1) (TestCmd( 100160), 1) 
[No entries to add for 2]
[ 2] [Logs after update for 2]
[ 2] (TestCmd( 1), 1) (TestCmd( 100001), 1) (TestCmd( 600001), 1) (TestCmd( 200001), 1) (TestCmd( 300001), 1) (TestCmd( 400001), 1) (TestCmd( 100002), 1) (TestCmd( 600002), 1) (TestCmd( 300002), 1) (TestCmd( 300003), 1) (TestCmd( 300004), 1) (TestCmd( 300005), 1) (TestCmd( 300006), 1) (TestCmd( 300007), 1) (TestCmd( 300008), 1) (TestCmd( 300009), 1) (TestCmd( 300010), 1) (TestCmd( 300011), 1) (TestCmd( 300012), 1) (TestCmd( 300013), 1) (TestCmd( 300014), 1) (TestCmd( 300015), 1) (TestCmd( 100129), 1) (TestCmd( 100130), 1) (TestCmd( 100131), 1) (TestCmd( 100132), 1) (TestCmd( 100133), 1) (TestCmd( 100134), 1) (TestCmd( 100135), 1) (TestCmd( 100136), 1) (TestCmd( 100137), 1) (TestCmd( 100138), 1) (TestCmd( 100139), 1) (TestCmd( 100140), 1) (TestCmd( 100141), 1) (TestCmd( 100142), 1) (TestCmd( 100143), 1) (TestCmd( 100144), 1) (TestCmd( 100145), 1) (TestCmd( 100146), 1) (TestCmd( 100147), 1) (TestCmd( 100148), 1) (TestCmd( 100149), 1) (TestCmd( 100150), 1) (TestCmd( 100151), 1) (TestCmd( 100152), 1) (TestCmd( 100153), 1) (TestCmd( 100154), 1) (TestCmd( 100155), 1) (TestCmd( 100156), 1) (TestCmd( 100157), 1) (TestCmd( 100158), 1) (TestCmd( 100159), 1) (TestCmd( 100160), 1) 
[ 2] [Commit index strict for 2 :  55]
[ 2] [Append_entries Response for 2]
[ 2] [     Matching_Index_Strict:  54]
[ 2] [     Success: TRUE]
[ 2] [New_State: NO_CHANGES]
[ 2] [State: FOLLOWER, Term:  1] 
[ 2] [Received_message: RAFT.MESSAGES.APPEND_ENTRIES_REQUEST] 
[ 2] [AppendEntriesRequest] for 2 Checking if log contains an entry at PrevLogTerm whose index matches PrevLogIndex
[ 2] [PrevLogIndex from Message:  54]
[ 2] [PrevLogTerm from message:  1]
[ 2] [ LogUpperBound:  55]
[ 2] [Logs for 2]
[ 2] (TestCmd( 1), 1) (TestCmd( 100001), 1) (TestCmd( 600001), 1) (TestCmd( 200001), 1) (TestCmd( 300001), 1) (TestCmd( 400001), 1) (TestCmd( 100002), 1) (TestCmd( 600002), 1) (TestCmd( 300002), 1) (TestCmd( 300003), 1) (TestCmd( 300004), 1) (TestCmd( 300005), 1) (TestCmd( 300006), 1) (TestCmd( 300007), 1) (TestCmd( 300008), 1) (TestCmd( 300009), 1) (TestCmd( 300010), 1) (TestCmd( 300011), 1) (TestCmd( 300012), 1) (TestCmd( 300013), 1) (TestCmd( 300014), 1) (TestCmd( 300015), 1) (TestCmd( 100129), 1) (TestCmd( 100130), 1) (TestCmd( 100131), 1) (TestCmd( 100132), 1) (TestCmd( 100133), 1) (TestCmd( 100134), 1) (TestCmd( 100135), 1) (TestCmd( 100136), 1) (TestCmd( 100137), 1) (TestCmd( 100138), 1) (TestCmd( 100139), 1) (TestCmd( 100140), 1) (TestCmd( 100141), 1) (TestCmd( 100142), 1) (TestCmd( 100143), 1) (TestCmd( 100144), 1) (TestCmd( 100145), 1) (TestCmd( 100146), 1) (TestCmd( 100147), 1) (TestCmd( 100148), 1) (TestCmd( 100149), 1) (TestCmd( 100150), 1) (TestCmd( 100151), 1) (TestCmd( 100152), 1) (TestCmd( 100153), 1) (TestCmd( 100154), 1) (TestCmd( 100155), 1) (TestCmd( 100156), 1) (TestCmd( 100157), 1) (TestCmd( 100158), 1) (TestCmd( 100159), 1) (TestCmd( 100160), 1) 
[No entries to add for 2]
[ 2] [Logs after update for 2]
[ 2] (TestCmd( 1), 1) (TestCmd( 100001), 1) (TestCmd( 600001), 1) (TestCmd( 200001), 1) (TestCmd( 300001), 1) (TestCmd( 400001), 1) (TestCmd( 100002), 1) (TestCmd( 600002), 1) (TestCmd( 300002), 1) (TestCmd( 300003), 1) (TestCmd( 300004), 1) (TestCmd( 300005), 1) (TestCmd( 300006), 1) (TestCmd( 300007), 1) (TestCmd( 300008), 1) (TestCmd( 300009), 1) (TestCmd( 300010), 1) (TestCmd( 300011), 1) (TestCmd( 300012), 1) (TestCmd( 300013), 1) (TestCmd( 300014), 1) (TestCmd( 300015), 1) (TestCmd( 100129), 1) (TestCmd( 100130), 1) (TestCmd( 100131), 1) (TestCmd( 100132), 1) (TestCmd( 100133), 1) (TestCmd( 100134), 1) (TestCmd( 100135), 1) (TestCmd( 100136), 1) (TestCmd( 100137), 1) (TestCmd( 100138), 1) (TestCmd( 100139), 1) (TestCmd( 100140), 1) (TestCmd( 100141), 1) (TestCmd( 100142), 1) (TestCmd( 100143), 1) (TestCmd( 100144), 1) (TestCmd( 100145), 1) (TestCmd( 100146), 1) (TestCmd( 100147), 1) (TestCmd( 100148), 1) (TestCmd( 100149), 1) (TestCmd( 100150), 1) (TestCmd( 100151), 1) (TestCmd( 100152), 1) (TestCmd( 100153), 1) (TestCmd( 100154), 1) (TestCmd( 100155), 1) (TestCmd( 100156), 1) (TestCmd( 100157), 1) (TestCmd( 100158), 1) (TestCmd( 100159), 1) (TestCmd( 100160), 1) 
[ 2] [Commit index strict for 2 :  55]
[ 2] [Append_entries Response for 2]
[ 2] [     Matching_Index_Strict:  54]
[ 2] [     Success: TRUE]
[ 2] [New_State: NO_CHANGES]
[ 2] [State: FOLLOWER, Term:  1] 
[ 2] [Received_message: RAFT.MESSAGES.APPEND_ENTRIES_REQUEST] 
[ 2] [AppendEntriesRequest] for 2 Checking if log contains an entry at PrevLogTerm whose index matches PrevLogIndex
[ 2] [PrevLogIndex from Message:  54]
[ 2] [PrevLogTerm from message:  1]
[ 2] [ LogUpperBound:  55]
[ 2] [Logs for 2]
[ 2] (TestCmd( 1), 1) (TestCmd( 100001), 1) (TestCmd( 600001), 1) (TestCmd( 200001), 1) (TestCmd( 300001), 1) (TestCmd( 400001), 1) (TestCmd( 100002), 1) (TestCmd( 600002), 1) (TestCmd( 300002), 1) (TestCmd( 300003), 1) (TestCmd( 300004), 1) (TestCmd( 300005), 1) (TestCmd( 300006), 1) (TestCmd( 300007), 1) (TestCmd( 300008), 1) (TestCmd( 300009), 1) (TestCmd( 300010), 1) (TestCmd( 300011), 1) (TestCmd( 300012), 1) (TestCmd( 300013), 1) (TestCmd( 300014), 1) (TestCmd( 300015), 1) (TestCmd( 100129), 1) (TestCmd( 100130), 1) (TestCmd( 100131), 1) (TestCmd( 100132), 1) (TestCmd( 100133), 1) (TestCmd( 100134), 1) (TestCmd( 100135), 1) (TestCmd( 100136), 1) (TestCmd( 100137), 1) (TestCmd( 100138), 1) (TestCmd( 100139), 1) (TestCmd( 100140), 1) (TestCmd( 100141), 1) (TestCmd( 100142), 1) (TestCmd( 100143), 1) (TestCmd( 100144), 1) (TestCmd( 100145), 1) (TestCmd( 100146), 1) (TestCmd( 100147), 1) (TestCmd( 100148), 1) (TestCmd( 100149), 1) (TestCmd( 100150), 1) (TestCmd( 100151), 1) (TestCmd( 100152), 1) (TestCmd( 100153), 1) (TestCmd( 100154), 1) (TestCmd( 100155), 1) (TestCmd( 100156), 1) (TestCmd( 100157), 1) (TestCmd( 100158), 1) (TestCmd( 100159), 1) (TestCmd( 100160), 1) 
[No entries to add for 2]
[ 2] [Logs after update for 2]
[ 2] (TestCmd( 1), 1) (TestCmd( 100001), 1) (TestCmd( 600001), 1) (TestCmd( 200001), 1) (TestCmd( 300001), 1) (TestCmd( 400001), 1) (TestCmd( 100002), 1) (TestCmd( 600002), 1) (TestCmd( 300002), 1) (TestCmd( 300003), 1) (TestCmd( 300004), 1) (TestCmd( 300005), 1) (TestCmd( 300006), 1) (TestCmd( 300007), 1) (TestCmd( 300008), 1) (TestCmd( 300009), 1) (TestCmd( 300010), 1) (TestCmd( 300011), 1) (TestCmd( 300012), 1) (TestCmd( 300013), 1) (TestCmd( 300014), 1) (TestCmd( 300015), 1) (TestCmd( 100129), 1) (TestCmd( 100130), 1) (TestCmd( 100131), 1) (TestCmd( 100132), 1) (TestCmd( 100133), 1) (TestCmd( 100134), 1) (TestCmd( 100135), 1) (TestCmd( 100136), 1) (TestCmd( 100137), 1) (TestCmd( 100138), 1) (TestCmd( 100139), 1) (TestCmd( 100140), 1) (TestCmd( 100141), 1) (TestCmd( 100142), 1) (TestCmd( 100143), 1) (TestCmd( 100144), 1) (TestCmd( 100145), 1) (TestCmd( 100146), 1) (TestCmd( 100147), 1) (TestCmd( 100148), 1) (TestCmd( 100149), 1) (TestCmd( 100150), 1) (TestCmd( 100151), 1) (TestCmd( 100152), 1) (TestCmd( 100153), 1) (TestCmd( 100154), 1) (TestCmd( 100155), 1) (TestCmd( 100156), 1) (TestCmd( 100157), 1) (TestCmd( 100158), 1) (TestCmd( 100159), 1) (TestCmd( 100160), 1) 
[ 2] [Commit index strict for 2 :  55]
[ 2] [Append_entries Response for 2]
[ 2] [     Matching_Index_Strict:  54]
[ 2] [     Success: TRUE]
[ 2] [New_State: NO_CHANGES]
[ 2] [State: FOLLOWER, Term:  1] 
[ 2] [Received_message: RAFT.MESSAGES.APPEND_ENTRIES_REQUEST] 
[ 2] [AppendEntriesRequest] for 2 Checking if log contains an entry at PrevLogTerm whose index matches PrevLogIndex
[ 2] [PrevLogIndex from Message:  54]
[ 2] [PrevLogTerm from message:  1]
[ 2] [ LogUpperBound:  55]
[ 2] [Logs for 2]
[ 2] (TestCmd( 1), 1) (TestCmd( 100001), 1) (TestCmd( 600001), 1) (TestCmd( 200001), 1) (TestCmd( 300001), 1) (TestCmd( 400001), 1) (TestCmd( 100002), 1) (TestCmd( 600002), 1) (TestCmd( 300002), 1) (TestCmd( 300003), 1) (TestCmd( 300004), 1) (TestCmd( 300005), 1) (TestCmd( 300006), 1) (TestCmd( 300007), 1) (TestCmd( 300008), 1) (TestCmd( 300009), 1) (TestCmd( 300010), 1) (TestCmd( 300011), 1) (TestCmd( 300012), 1) (TestCmd( 300013), 1) (TestCmd( 300014), 1) (TestCmd( 300015), 1) (TestCmd( 100129), 1) (TestCmd( 100130), 1) (TestCmd( 100131), 1) (TestCmd( 100132), 1) (TestCmd( 100133), 1) (TestCmd( 100134), 1) (TestCmd( 100135), 1) (TestCmd( 100136), 1) (TestCmd( 100137), 1) (TestCmd( 100138), 1) (TestCmd( 100139), 1) (TestCmd( 100140), 1) (TestCmd( 100141), 1) (TestCmd( 100142), 1) (TestCmd( 100143), 1) (TestCmd( 100144), 1) (TestCmd( 100145), 1) (TestCmd( 100146), 1) (TestCmd( 100147), 1) (TestCmd( 100148), 1) (TestCmd( 100149), 1) (TestCmd( 100150), 1) (TestCmd( 100151), 1) (TestCmd( 100152), 1) (TestCmd( 100153), 1) (TestCmd( 100154), 1) (TestCmd( 100155), 1) (TestCmd( 100156), 1) (TestCmd( 100157), 1) (TestCmd( 100158), 1) (TestCmd( 100159), 1) (TestCmd( 100160), 1) 
[No entries to add for 2]
[ 2] [Logs after update for 2]
[ 2] (TestCmd( 1), 1) (TestCmd( 100001), 1) (TestCmd( 600001), 1) (TestCmd( 200001), 1) (TestCmd( 300001), 1) (TestCmd( 400001), 1) (TestCmd( 100002), 1) (TestCmd( 600002), 1) (TestCmd( 300002), 1) (TestCmd( 300003), 1) (TestCmd( 300004), 1) (TestCmd( 300005), 1) (TestCmd( 300006), 1) (TestCmd( 300007), 1) (TestCmd( 300008), 1) (TestCmd( 300009), 1) (TestCmd( 300010), 1) (TestCmd( 300011), 1) (TestCmd( 300012), 1) (TestCmd( 300013), 1) (TestCmd( 300014), 1) (TestCmd( 300015), 1) (TestCmd( 100129), 1) (TestCmd( 100130), 1) (TestCmd( 100131), 1) (TestCmd( 100132), 1) (TestCmd( 100133), 1) (TestCmd( 100134), 1) (TestCmd( 100135), 1) (TestCmd( 100136), 1) (TestCmd( 100137), 1) (TestCmd( 100138), 1) (TestCmd( 100139), 1) (TestCmd( 100140), 1) (TestCmd( 100141), 1) (TestCmd( 100142), 1) (TestCmd( 100143), 1) (TestCmd( 100144), 1) (TestCmd( 100145), 1) (TestCmd( 100146), 1) (TestCmd( 100147), 1) (TestCmd( 100148), 1) (TestCmd( 100149), 1) (TestCmd( 100150), 1) (TestCmd( 100151), 1) (TestCmd( 100152), 1) (TestCmd( 100153), 1) (TestCmd( 100154), 1) (TestCmd( 100155), 1) (TestCmd( 100156), 1) (TestCmd( 100157), 1) (TestCmd( 100158), 1) (TestCmd( 100159), 1) (TestCmd( 100160), 1) 
[ 2] [Commit index strict for 2 :  55]
[ 2] [Append_entries Response for 2]
[ 2] [     Matching_Index_Strict:  54]
[ 2] [     Success: TRUE]
[ 2] [New_State: NO_CHANGES]
[ 2] [State: FOLLOWER, Term:  1] 
[ 2] [Received_message: RAFT.MESSAGES.APPEND_ENTRIES_REQUEST] 
[ 2] [AppendEntriesRequest] for 2 Checking if log contains an entry at PrevLogTerm whose index matches PrevLogIndex
[ 2] [PrevLogIndex from Message:  54]
[ 2] [PrevLogTerm from message:  1]
[ 2] [ LogUpperBound:  55]
[ 2] [Logs for 2]
[ 2] (TestCmd( 1), 1) (TestCmd( 100001), 1) (TestCmd( 600001), 1) (TestCmd( 200001), 1) (TestCmd( 300001), 1) (TestCmd( 400001), 1) (TestCmd( 100002), 1) (TestCmd( 600002), 1) (TestCmd( 300002), 1) (TestCmd( 300003), 1) (TestCmd( 300004), 1) (TestCmd( 300005), 1) (TestCmd( 300006), 1) (TestCmd( 300007), 1) (TestCmd( 300008), 1) (TestCmd( 300009), 1) (TestCmd( 300010), 1) (TestCmd( 300011), 1) (TestCmd( 300012), 1) (TestCmd( 300013), 1) (TestCmd( 300014), 1) (TestCmd( 300015), 1) (TestCmd( 100129), 1) (TestCmd( 100130), 1) (TestCmd( 100131), 1) (TestCmd( 100132), 1) (TestCmd( 100133), 1) (TestCmd( 100134), 1) (TestCmd( 100135), 1) (TestCmd( 100136), 1) (TestCmd( 100137), 1) (TestCmd( 100138), 1) (TestCmd( 100139), 1) (TestCmd( 100140), 1) (TestCmd( 100141), 1) (TestCmd( 100142), 1) (TestCmd( 100143), 1) (TestCmd( 100144), 1) (TestCmd( 100145), 1) (TestCmd( 100146), 1) (TestCmd( 100147), 1) (TestCmd( 100148), 1) (TestCmd( 100149), 1) (TestCmd( 100150), 1) (TestCmd( 100151), 1) (TestCmd( 100152), 1) (TestCmd( 100153), 1) (TestCmd( 100154), 1) (TestCmd( 100155), 1) (TestCmd( 100156), 1) (TestCmd( 100157), 1) (TestCmd( 100158), 1) (TestCmd( 100159), 1) (TestCmd( 100160), 1) 
[No entries to add for 2]
[ 2] [Logs after update for 2]
[ 2] (TestCmd( 1), 1) (TestCmd( 100001), 1) (TestCmd( 600001), 1) (TestCmd( 200001), 1) (TestCmd( 300001), 1) (TestCmd( 400001), 1) (TestCmd( 100002), 1) (TestCmd( 600002), 1) (TestCmd( 300002), 1) (TestCmd( 300003), 1) (TestCmd( 300004), 1) (TestCmd( 300005), 1) (TestCmd( 300006), 1) (TestCmd( 300007), 1) (TestCmd( 300008), 1) (TestCmd( 300009), 1) (TestCmd( 300010), 1) (TestCmd( 300011), 1) (TestCmd( 300012), 1) (TestCmd( 300013), 1) (TestCmd( 300014), 1) (TestCmd( 300015), 1) (TestCmd( 100129), 1) (TestCmd( 100130), 1) (TestCmd( 100131), 1) (TestCmd( 100132), 1) (TestCmd( 100133), 1) (TestCmd( 100134), 1) (TestCmd( 100135), 1) (TestCmd( 100136), 1) (TestCmd( 100137), 1) (TestCmd( 100138), 1) (TestCmd( 100139), 1) (TestCmd( 100140), 1) (TestCmd( 100141), 1) (TestCmd( 100142), 1) (TestCmd( 100143), 1) (TestCmd( 100144), 1) (TestCmd( 100145), 1) (TestCmd( 100146), 1) (TestCmd( 100147), 1) (TestCmd( 100148), 1) (TestCmd( 100149), 1) (TestCmd( 100150), 1) (TestCmd( 100151), 1) (TestCmd( 100152), 1) (TestCmd( 100153), 1) (TestCmd( 100154), 1) (TestCmd( 100155), 1) (TestCmd( 100156), 1) (TestCmd( 100157), 1) (TestCmd( 100158), 1) (TestCmd( 100159), 1) (TestCmd( 100160), 1) 
[ 2] [Commit index strict for 2 :  55]
[ 2] [Append_entries Response for 2]
[ 2] [     Matching_Index_Strict:  54]
[ 2] [     Success: TRUE]
[ 2] [New_State: NO_CHANGES]
[ 2] [State: FOLLOWER, Term:  1] 
[ 2] [Received_message: RAFT.MESSAGES.APPEND_ENTRIES_REQUEST] 
[ 2] [AppendEntriesRequest] for 2 Checking if log contains an entry at PrevLogTerm whose index matches PrevLogIndex
[ 2] [PrevLogIndex from Message:  54]
[ 2] [PrevLogTerm from message:  1]
[ 2] [ LogUpperBound:  55]
[ 2] [Logs for 2]
[ 2] (TestCmd( 1), 1) (TestCmd( 100001), 1) (TestCmd( 600001), 1) (TestCmd( 200001), 1) (TestCmd( 300001), 1) (TestCmd( 400001), 1) (TestCmd( 100002), 1) (TestCmd( 600002), 1) (TestCmd( 300002), 1) (TestCmd( 300003), 1) (TestCmd( 300004), 1) (TestCmd( 300005), 1) (TestCmd( 300006), 1) (TestCmd( 300007), 1) (TestCmd( 300008), 1) (TestCmd( 300009), 1) (TestCmd( 300010), 1) (TestCmd( 300011), 1) (TestCmd( 300012), 1) (TestCmd( 300013), 1) (TestCmd( 300014), 1) (TestCmd( 300015), 1) (TestCmd( 100129), 1) (TestCmd( 100130), 1) (TestCmd( 100131), 1) (TestCmd( 100132), 1) (TestCmd( 100133), 1) (TestCmd( 100134), 1) (TestCmd( 100135), 1) (TestCmd( 100136), 1) (TestCmd( 100137), 1) (TestCmd( 100138), 1) (TestCmd( 100139), 1) (TestCmd( 100140), 1) (TestCmd( 100141), 1) (TestCmd( 100142), 1) (TestCmd( 100143), 1) (TestCmd( 100144), 1) (TestCmd( 100145), 1) (TestCmd( 100146), 1) (TestCmd( 100147), 1) (TestCmd( 100148), 1) (TestCmd( 100149), 1) (TestCmd( 100150), 1) (TestCmd( 100151), 1) (TestCmd( 100152), 1) (TestCmd( 100153), 1) (TestCmd( 100154), 1) (TestCmd( 100155), 1) (TestCmd( 100156), 1) (TestCmd( 100157), 1) (TestCmd( 100158), 1) (TestCmd( 100159), 1) (TestCmd( 100160), 1) 
[No entries to add for 2]
[ 2] [Logs after update for 2]
[ 2] (TestCmd( 1), 1) (TestCmd( 100001), 1) (TestCmd( 600001), 1) (TestCmd( 200001), 1) (TestCmd( 300001), 1) (TestCmd( 400001), 1) (TestCmd( 100002), 1) (TestCmd( 600002), 1) (TestCmd( 300002), 1) (TestCmd( 300003), 1) (TestCmd( 300004), 1) (TestCmd( 300005), 1) (TestCmd( 300006), 1) (TestCmd( 300007), 1) (TestCmd( 300008), 1) (TestCmd( 300009), 1) (TestCmd( 300010), 1) (TestCmd( 300011), 1) (TestCmd( 300012), 1) (TestCmd( 300013), 1) (TestCmd( 300014), 1) (TestCmd( 300015), 1) (TestCmd( 100129), 1) (TestCmd( 100130), 1) (TestCmd( 100131), 1) (TestCmd( 100132), 1) (TestCmd( 100133), 1) (TestCmd( 100134), 1) (TestCmd( 100135), 1) (TestCmd( 100136), 1) (TestCmd( 100137), 1) (TestCmd( 100138), 1) (TestCmd( 100139), 1) (TestCmd( 100140), 1) (TestCmd( 100141), 1) (TestCmd( 100142), 1) (TestCmd( 100143), 1) (TestCmd( 100144), 1) (TestCmd( 100145), 1) (TestCmd( 100146), 1) (TestCmd( 100147), 1) (TestCmd( 100148), 1) (TestCmd( 100149), 1) (TestCmd( 100150), 1) (TestCmd( 100151), 1) (TestCmd( 100152), 1) (TestCmd( 100153), 1) (TestCmd( 100154), 1) (TestCmd( 100155), 1) (TestCmd( 100156), 1) (TestCmd( 100157), 1) (TestCmd( 100158), 1) (TestCmd( 100159), 1) (TestCmd( 100160), 1) 
[ 2] [Commit index strict for 2 :  55]
[ 2] [Append_entries Response for 2]
[ 2] [     Matching_Index_Strict:  54]
[ 2] [     Success: TRUE]
[ 2] [New_State: NO_CHANGES]
[ 2] [State: FOLLOWER, Term:  1] 
[ 2] [Received_message: RAFT.MESSAGES.APPEND_ENTRIES_REQUEST] 
[ 2] [AppendEntriesRequest] for 2 Checking if log contains an entry at PrevLogTerm whose index matches PrevLogIndex
[ 2] [PrevLogIndex from Message:  54]
[ 2] [PrevLogTerm from message:  1]
[ 2] [ LogUpperBound:  55]
[ 2] [Logs for 2]
[ 2] (TestCmd( 1), 1) (TestCmd( 100001), 1) (TestCmd( 600001), 1) (TestCmd( 200001), 1) (TestCmd( 300001), 1) (TestCmd( 400001), 1) (TestCmd( 100002), 1) (TestCmd( 600002), 1) (TestCmd( 300002), 1) (TestCmd( 300003), 1) (TestCmd( 300004), 1) (TestCmd( 300005), 1) (TestCmd( 300006), 1) (TestCmd( 300007), 1) (TestCmd( 300008), 1) (TestCmd( 300009), 1) (TestCmd( 300010), 1) (TestCmd( 300011), 1) (TestCmd( 300012), 1) (TestCmd( 300013), 1) (TestCmd( 300014), 1) (TestCmd( 300015), 1) (TestCmd( 100129), 1) (TestCmd( 100130), 1) (TestCmd( 100131), 1) (TestCmd( 100132), 1) (TestCmd( 100133), 1) (TestCmd( 100134), 1) (TestCmd( 100135), 1) (TestCmd( 100136), 1) (TestCmd( 100137), 1) (TestCmd( 100138), 1) (TestCmd( 100139), 1) (TestCmd( 100140), 1) (TestCmd( 100141), 1) (TestCmd( 100142), 1) (TestCmd( 100143), 1) (TestCmd( 100144), 1) (TestCmd( 100145), 1) (TestCmd( 100146), 1) (TestCmd( 100147), 1) (TestCmd( 100148), 1) (TestCmd( 100149), 1) (TestCmd( 100150), 1) (TestCmd( 100151), 1) (TestCmd( 100152), 1) (TestCmd( 100153), 1) (TestCmd( 100154), 1) (TestCmd( 100155), 1) (TestCmd( 100156), 1) (TestCmd( 100157), 1) (TestCmd( 100158), 1) (TestCmd( 100159), 1) (TestCmd( 100160), 1) 
[No entries to add for 2]
[ 2] [Logs after update for 2]
[ 2] (TestCmd( 1), 1) (TestCmd( 100001), 1) (TestCmd( 600001), 1) (TestCmd( 200001), 1) (TestCmd( 300001), 1) (TestCmd( 400001), 1) (TestCmd( 100002), 1) (TestCmd( 600002), 1) (TestCmd( 300002), 1) (TestCmd( 300003), 1) (TestCmd( 300004), 1) (TestCmd( 300005), 1) (TestCmd( 300006), 1) (TestCmd( 300007), 1) (TestCmd( 300008), 1) (TestCmd( 300009), 1) (TestCmd( 300010), 1) (TestCmd( 300011), 1) (TestCmd( 300012), 1) (TestCmd( 300013), 1) (TestCmd( 300014), 1) (TestCmd( 300015), 1) (TestCmd( 100129), 1) (TestCmd( 100130), 1) (TestCmd( 100131), 1) (TestCmd( 100132), 1) (TestCmd( 100133), 1) (TestCmd( 100134), 1) (TestCmd( 100135), 1) (TestCmd( 100136), 1) (TestCmd( 100137), 1) (TestCmd( 100138), 1) (TestCmd( 100139), 1) (TestCmd( 100140), 1) (TestCmd( 100141), 1) (TestCmd( 100142), 1) (TestCmd( 100143), 1) (TestCmd( 100144), 1) (TestCmd( 100145), 1) (TestCmd( 100146), 1) (TestCmd( 100147), 1) (TestCmd( 100148), 1) (TestCmd( 100149), 1) (TestCmd( 100150), 1) (TestCmd( 100151), 1) (TestCmd( 100152), 1) (TestCmd( 100153), 1) (TestCmd( 100154), 1) (TestCmd( 100155), 1) (TestCmd( 100156), 1) (TestCmd( 100157), 1) (TestCmd( 100158), 1) (TestCmd( 100159), 1) (TestCmd( 100160), 1) 
[ 2] [Commit index strict for 2 :  55]
[ 2] [Append_entries Response for 2]
[ 2] [     Matching_Index_Strict:  54]
[ 2] [     Success: TRUE]
[ 2] [New_State: NO_CHANGES]
[ 2] [State: FOLLOWER, Term:  1] 
[ 2] [Received_message: RAFT.MESSAGES.APPEND_ENTRIES_REQUEST] 
[ 2] [AppendEntriesRequest] for 2 Checking if log contains an entry at PrevLogTerm whose index matches PrevLogIndex
[ 2] [PrevLogIndex from Message:  54]
[ 2] [PrevLogTerm from message:  1]
[ 2] [ LogUpperBound:  55]
[ 2] [Logs for 2]
[ 2] (TestCmd( 1), 1) (TestCmd( 100001), 1) (TestCmd( 600001), 1) (TestCmd( 200001), 1) (TestCmd( 300001), 1) (TestCmd( 400001), 1) (TestCmd( 100002), 1) (TestCmd( 600002), 1) (TestCmd( 300002), 1) (TestCmd( 300003), 1) (TestCmd( 300004), 1) (TestCmd( 300005), 1) (TestCmd( 300006), 1) (TestCmd( 300007), 1) (TestCmd( 300008), 1) (TestCmd( 300009), 1) (TestCmd( 300010), 1) (TestCmd( 300011), 1) (TestCmd( 300012), 1) (TestCmd( 300013), 1) (TestCmd( 300014), 1) (TestCmd( 300015), 1) (TestCmd( 100129), 1) (TestCmd( 100130), 1) (TestCmd( 100131), 1) (TestCmd( 100132), 1) (TestCmd( 100133), 1) (TestCmd( 100134), 1) (TestCmd( 100135), 1) (TestCmd( 100136), 1) (TestCmd( 100137), 1) (TestCmd( 100138), 1) (TestCmd( 100139), 1) (TestCmd( 100140), 1) (TestCmd( 100141), 1) (TestCmd( 100142), 1) (TestCmd( 100143), 1) (TestCmd( 100144), 1) (TestCmd( 100145), 1) (TestCmd( 100146), 1) (TestCmd( 100147), 1) (TestCmd( 100148), 1) (TestCmd( 100149), 1) (TestCmd( 100150), 1) (TestCmd( 100151), 1) (TestCmd( 100152), 1) (TestCmd( 100153), 1) (TestCmd( 100154), 1) (TestCmd( 100155), 1) (TestCmd( 100156), 1) (TestCmd( 100157), 1) (TestCmd( 100158), 1) (TestCmd( 100159), 1) (TestCmd( 100160), 1) 
[No entries to add for 2]
[ 2] [Logs after update for 2]
[ 2] (TestCmd( 1), 1) (TestCmd( 100001), 1) (TestCmd( 600001), 1) (TestCmd( 200001), 1) (TestCmd( 300001), 1) (TestCmd( 400001), 1) (TestCmd( 100002), 1) (TestCmd( 600002), 1) (TestCmd( 300002), 1) (TestCmd( 300003), 1) (TestCmd( 300004), 1) (TestCmd( 300005), 1) (TestCmd( 300006), 1) (TestCmd( 300007), 1) (TestCmd( 300008), 1) (TestCmd( 300009), 1) (TestCmd( 300010), 1) (TestCmd( 300011), 1) (TestCmd( 300012), 1) (TestCmd( 300013), 1) (TestCmd( 300014), 1) (TestCmd( 300015), 1) (TestCmd( 100129), 1) (TestCmd( 100130), 1) (TestCmd( 100131), 1) (TestCmd( 100132), 1) (TestCmd( 100133), 1) (TestCmd( 100134), 1) (TestCmd( 100135), 1) (TestCmd( 100136), 1) (TestCmd( 100137), 1) (TestCmd( 100138), 1) (TestCmd( 100139), 1) (TestCmd( 100140), 1) (TestCmd( 100141), 1) (TestCmd( 100142), 1) (TestCmd( 100143), 1) (TestCmd( 100144), 1) (TestCmd( 100145), 1) (TestCmd( 100146), 1) (TestCmd( 100147), 1) (TestCmd( 100148), 1) (TestCmd( 100149), 1) (TestCmd( 100150), 1) (TestCmd( 100151), 1) (TestCmd( 100152), 1) (TestCmd( 100153), 1) (TestCmd( 100154), 1) (TestCmd( 100155), 1) (TestCmd( 100156), 1) (TestCmd( 100157), 1) (TestCmd( 100158), 1) (TestCmd( 100159), 1) (TestCmd( 100160), 1) 
[ 2] [Commit index strict for 2 :  55]
[ 2] [Append_entries Response for 2]
[ 2] [     Matching_Index_Strict:  54]
[ 2] [     Success: TRUE]
[ 2] [New_State: NO_CHANGES]
[ 2] [State: FOLLOWER, Term:  1] 
[ 2] [Received_message: RAFT.MESSAGES.APPEND_ENTRIES_REQUEST] 
[ 2] [AppendEntriesRequest] for 2 Checking if log contains an entry at PrevLogTerm whose index matches PrevLogIndex
[ 2] [PrevLogIndex from Message:  54]
[ 2] [PrevLogTerm from message:  1]
[ 2] [ LogUpperBound:  55]
[ 2] [Logs for 2]
[ 2] (TestCmd( 1), 1) (TestCmd( 100001), 1) (TestCmd( 600001), 1) (TestCmd( 200001), 1) (TestCmd( 300001), 1) (TestCmd( 400001), 1) (TestCmd( 100002), 1) (TestCmd( 600002), 1) (TestCmd( 300002), 1) (TestCmd( 300003), 1) (TestCmd( 300004), 1) (TestCmd( 300005), 1) (TestCmd( 300006), 1) (TestCmd( 300007), 1) (TestCmd( 300008), 1) (TestCmd( 300009), 1) (TestCmd( 300010), 1) (TestCmd( 300011), 1) (TestCmd( 300012), 1) (TestCmd( 300013), 1) (TestCmd( 300014), 1) (TestCmd( 300015), 1) (TestCmd( 100129), 1) (TestCmd( 100130), 1) (TestCmd( 100131), 1) (TestCmd( 100132), 1) (TestCmd( 100133), 1) (TestCmd( 100134), 1) (TestCmd( 100135), 1) (TestCmd( 100136), 1) (TestCmd( 100137), 1) (TestCmd( 100138), 1) (TestCmd( 100139), 1) (TestCmd( 100140), 1) (TestCmd( 100141), 1) (TestCmd( 100142), 1) (TestCmd( 100143), 1) (TestCmd( 100144), 1) (TestCmd( 100145), 1) (TestCmd( 100146), 1) (TestCmd( 100147), 1) (TestCmd( 100148), 1) (TestCmd( 100149), 1) (TestCmd( 100150), 1) (TestCmd( 100151), 1) (TestCmd( 100152), 1) (TestCmd( 100153), 1) (TestCmd( 100154), 1) (TestCmd( 100155), 1) (TestCmd( 100156), 1) (TestCmd( 100157), 1) (TestCmd( 100158), 1) (TestCmd( 100159), 1) (TestCmd( 100160), 1) 
[No entries to add for 2]
[ 2] [Logs after update for 2]
[ 2] (TestCmd( 1), 1) (TestCmd( 100001), 1) (TestCmd( 600001), 1) (TestCmd( 200001), 1) (TestCmd( 300001), 1) (TestCmd( 400001), 1) (TestCmd( 100002), 1) (TestCmd( 600002), 1) (TestCmd( 300002), 1) (TestCmd( 300003), 1) (TestCmd( 300004), 1) (TestCmd( 300005), 1) (TestCmd( 300006), 1) (TestCmd( 300007), 1) (TestCmd( 300008), 1) (TestCmd( 300009), 1) (TestCmd( 300010), 1) (TestCmd( 300011), 1) (TestCmd( 300012), 1) (TestCmd( 300013), 1) (TestCmd( 300014), 1) (TestCmd( 300015), 1) (TestCmd( 100129), 1) (TestCmd( 100130), 1) (TestCmd( 100131), 1) (TestCmd( 100132), 1) (TestCmd( 100133), 1) (TestCmd( 100134), 1) (TestCmd( 100135), 1) (TestCmd( 100136), 1) (TestCmd( 100137), 1) (TestCmd( 100138), 1) (TestCmd( 100139), 1) (TestCmd( 100140), 1) (TestCmd( 100141), 1) (TestCmd( 100142), 1) (TestCmd( 100143), 1) (TestCmd( 100144), 1) (TestCmd( 100145), 1) (TestCmd( 100146), 1) (TestCmd( 100147), 1) (TestCmd( 100148), 1) (TestCmd( 100149), 1) (TestCmd( 100150), 1) (TestCmd( 100151), 1) (TestCmd( 100152), 1) (TestCmd( 100153), 1) (TestCmd( 100154), 1) (TestCmd( 100155), 1) (TestCmd( 100156), 1) (TestCmd( 100157), 1) (TestCmd( 100158), 1) (TestCmd( 100159), 1) (TestCmd( 100160), 1) 
[ 2] [Commit index strict for 2 :  55]
[ 2] [Append_entries Response for 2]
[ 2] [     Matching_Index_Strict:  54]
[ 2] [     Success: TRUE]
[ 2] [New_State: NO_CHANGES]
[ 2] [State: FOLLOWER, Term:  1] 
[ 2] [Received_message: RAFT.MESSAGES.APPEND_ENTRIES_REQUEST] 
[ 2] [AppendEntriesRequest] for 2 Checking if log contains an entry at PrevLogTerm whose index matches PrevLogIndex
[ 2] [PrevLogIndex from Message:  54]
[ 2] [PrevLogTerm from message:  1]
[ 2] [ LogUpperBound:  55]
[ 2] [Logs for 2]
[ 2] (TestCmd( 1), 1) (TestCmd( 100001), 1) (TestCmd( 600001), 1) (TestCmd( 200001), 1) (TestCmd( 300001), 1) (TestCmd( 400001), 1) (TestCmd( 100002), 1) (TestCmd( 600002), 1) (TestCmd( 300002), 1) (TestCmd( 300003), 1) (TestCmd( 300004), 1) (TestCmd( 300005), 1) (TestCmd( 300006), 1) (TestCmd( 300007), 1) (TestCmd( 300008), 1) (TestCmd( 300009), 1) (TestCmd( 300010), 1) (TestCmd( 300011), 1) (TestCmd( 300012), 1) (TestCmd( 300013), 1) (TestCmd( 300014), 1) (TestCmd( 300015), 1) (TestCmd( 100129), 1) (TestCmd( 100130), 1) (TestCmd( 100131), 1) (TestCmd( 100132), 1) (TestCmd( 100133), 1) (TestCmd( 100134), 1) (TestCmd( 100135), 1) (TestCmd( 100136), 1) (TestCmd( 100137), 1) (TestCmd( 100138), 1) (TestCmd( 100139), 1) (TestCmd( 100140), 1) (TestCmd( 100141), 1) (TestCmd( 100142), 1) (TestCmd( 100143), 1) (TestCmd( 100144), 1) (TestCmd( 100145), 1) (TestCmd( 100146), 1) (TestCmd( 100147), 1) (TestCmd( 100148), 1) (TestCmd( 100149), 1) (TestCmd( 100150), 1) (TestCmd( 100151), 1) (TestCmd( 100152), 1) (TestCmd( 100153), 1) (TestCmd( 100154), 1) (TestCmd( 100155), 1) (TestCmd( 100156), 1) (TestCmd( 100157), 1) (TestCmd( 100158), 1) (TestCmd( 100159), 1) (TestCmd( 100160), 1) 
[No entries to add for 2]
[ 2] [Logs after update for 2]
[ 2] (TestCmd( 1), 1) (TestCmd( 100001), 1) (TestCmd( 600001), 1) (TestCmd( 200001), 1) (TestCmd( 300001), 1) (TestCmd( 400001), 1) (TestCmd( 100002), 1) (TestCmd( 600002), 1) (TestCmd( 300002), 1) (TestCmd( 300003), 1) (TestCmd( 300004), 1) (TestCmd( 300005), 1) (TestCmd( 300006), 1) (TestCmd( 300007), 1) (TestCmd( 300008), 1) (TestCmd( 300009), 1) (TestCmd( 300010), 1) (TestCmd( 300011), 1) (TestCmd( 300012), 1) (TestCmd( 300013), 1) (TestCmd( 300014), 1) (TestCmd( 300015), 1) (TestCmd( 100129), 1) (TestCmd( 100130), 1) (TestCmd( 100131), 1) (TestCmd( 100132), 1) (TestCmd( 100133), 1) (TestCmd( 100134), 1) (TestCmd( 100135), 1) (TestCmd( 100136), 1) (TestCmd( 100137), 1) (TestCmd( 100138), 1) (TestCmd( 100139), 1) (TestCmd( 100140), 1) (TestCmd( 100141), 1) (TestCmd( 100142), 1) (TestCmd( 100143), 1) (TestCmd( 100144), 1) (TestCmd( 100145), 1) (TestCmd( 100146), 1) (TestCmd( 100147), 1) (TestCmd( 100148), 1) (TestCmd( 100149), 1) (TestCmd( 100150), 1) (TestCmd( 100151), 1) (TestCmd( 100152), 1) (TestCmd( 100153), 1) (TestCmd( 100154), 1) (TestCmd( 100155), 1) (TestCmd( 100156), 1) (TestCmd( 100157), 1) (TestCmd( 100158), 1) (TestCmd( 100159), 1) (TestCmd( 100160), 1) 
[ 2] [Commit index strict for 2 :  55]
[ 2] [Append_entries Response for 2]
[ 2] [     Matching_Index_Strict:  54]
[ 2] [     Success: TRUE]
[ 2] [New_State: NO_CHANGES]
[ 2] [State: FOLLOWER, Term:  1] 
[ 2] [Received_message: RAFT.MESSAGES.APPEND_ENTRIES_REQUEST] 
[ 2] [AppendEntriesRequest] for 2 Checking if log contains an entry at PrevLogTerm whose index matches PrevLogIndex
[ 2] [PrevLogIndex from Message:  54]
[ 2] [PrevLogTerm from message:  1]
[ 2] [ LogUpperBound:  55]
[ 2] [Logs for 2]
[ 2] (TestCmd( 1), 1) (TestCmd( 100001), 1) (TestCmd( 600001), 1) (TestCmd( 200001), 1) (TestCmd( 300001), 1) (TestCmd( 400001), 1) (TestCmd( 100002), 1) (TestCmd( 600002), 1) (TestCmd( 300002), 1) (TestCmd( 300003), 1) (TestCmd( 300004), 1) (TestCmd( 300005), 1) (TestCmd( 300006), 1) (TestCmd( 300007), 1) (TestCmd( 300008), 1) (TestCmd( 300009), 1) (TestCmd( 300010), 1) (TestCmd( 300011), 1) (TestCmd( 300012), 1) (TestCmd( 300013), 1) (TestCmd( 300014), 1) (TestCmd( 300015), 1) (TestCmd( 100129), 1) (TestCmd( 100130), 1) (TestCmd( 100131), 1) (TestCmd( 100132), 1) (TestCmd( 100133), 1) (TestCmd( 100134), 1) (TestCmd( 100135), 1) (TestCmd( 100136), 1) (TestCmd( 100137), 1) (TestCmd( 100138), 1) (TestCmd( 100139), 1) (TestCmd( 100140), 1) (TestCmd( 100141), 1) (TestCmd( 100142), 1) (TestCmd( 100143), 1) (TestCmd( 100144), 1) (TestCmd( 100145), 1) (TestCmd( 100146), 1) (TestCmd( 100147), 1) (TestCmd( 100148), 1) (TestCmd( 100149), 1) (TestCmd( 100150), 1) (TestCmd( 100151), 1) (TestCmd( 100152), 1) (TestCmd( 100153), 1) (TestCmd( 100154), 1) (TestCmd( 100155), 1) (TestCmd( 100156), 1) (TestCmd( 100157), 1) (TestCmd( 100158), 1) (TestCmd( 100159), 1) (TestCmd( 100160), 1) 
[No entries to add for 2]
[ 2] [Logs after update for 2]
[ 2] (TestCmd( 1), 1) (TestCmd( 100001), 1) (TestCmd( 600001), 1) (TestCmd( 200001), 1) (TestCmd( 300001), 1) (TestCmd( 400001), 1) (TestCmd( 100002), 1) (TestCmd( 600002), 1) (TestCmd( 300002), 1) (TestCmd( 300003), 1) (TestCmd( 300004), 1) (TestCmd( 300005), 1) (TestCmd( 300006), 1) (TestCmd( 300007), 1) (TestCmd( 300008), 1) (TestCmd( 300009), 1) (TestCmd( 300010), 1) (TestCmd( 300011), 1) (TestCmd( 300012), 1) (TestCmd( 300013), 1) (TestCmd( 300014), 1) (TestCmd( 300015), 1) (TestCmd( 100129), 1) (TestCmd( 100130), 1) (TestCmd( 100131), 1) (TestCmd( 100132), 1) (TestCmd( 100133), 1) (TestCmd( 100134), 1) (TestCmd( 100135), 1) (TestCmd( 100136), 1) (TestCmd( 100137), 1) (TestCmd( 100138), 1) (TestCmd( 100139), 1) (TestCmd( 100140), 1) (TestCmd( 100141), 1) (TestCmd( 100142), 1) (TestCmd( 100143), 1) (TestCmd( 100144), 1) (TestCmd( 100145), 1) (TestCmd( 100146), 1) (TestCmd( 100147), 1) (TestCmd( 100148), 1) (TestCmd( 100149), 1) (TestCmd( 100150), 1) (TestCmd( 100151), 1) (TestCmd( 100152), 1) (TestCmd( 100153), 1) (TestCmd( 100154), 1) (TestCmd( 100155), 1) (TestCmd( 100156), 1) (TestCmd( 100157), 1) (TestCmd( 100158), 1) (TestCmd( 100159), 1) (TestCmd( 100160), 1) 
[ 2] [Commit index strict for 2 :  55]
[ 2] [Append_entries Response for 2]
[ 2] [     Matching_Index_Strict:  54]
[ 2] [     Success: TRUE]
[ 2] [New_State: NO_CHANGES]
[ 2] [State: FOLLOWER, Term:  1] 
[ 2] [Received_message: RAFT.MESSAGES.APPEND_ENTRIES_REQUEST] 
[ 2] [AppendEntriesRequest] for 2 Checking if log contains an entry at PrevLogTerm whose index matches PrevLogIndex
[ 2] [PrevLogIndex from Message:  54]
[ 2] [PrevLogTerm from message:  1]
[ 2] [ LogUpperBound:  55]
[ 2] [Logs for 2]
[ 2] (TestCmd( 1), 1) (TestCmd( 100001), 1) (TestCmd( 600001), 1) (TestCmd( 200001), 1) (TestCmd( 300001), 1) (TestCmd( 400001), 1) (TestCmd( 100002), 1) (TestCmd( 600002), 1) (TestCmd( 300002), 1) (TestCmd( 300003), 1) (TestCmd( 300004), 1) (TestCmd( 300005), 1) (TestCmd( 300006), 1) (TestCmd( 300007), 1) (TestCmd( 300008), 1) (TestCmd( 300009), 1) (TestCmd( 300010), 1) (TestCmd( 300011), 1) (TestCmd( 300012), 1) (TestCmd( 300013), 1) (TestCmd( 300014), 1) (TestCmd( 300015), 1) (TestCmd( 100129), 1) (TestCmd( 100130), 1) (TestCmd( 100131), 1) (TestCmd( 100132), 1) (TestCmd( 100133), 1) (TestCmd( 100134), 1) (TestCmd( 100135), 1) (TestCmd( 100136), 1) (TestCmd( 100137), 1) (TestCmd( 100138), 1) (TestCmd( 100139), 1) (TestCmd( 100140), 1) (TestCmd( 100141), 1) (TestCmd( 100142), 1) (TestCmd( 100143), 1) (TestCmd( 100144), 1) (TestCmd( 100145), 1) (TestCmd( 100146), 1) (TestCmd( 100147), 1) (TestCmd( 100148), 1) (TestCmd( 100149), 1) (TestCmd( 100150), 1) (TestCmd( 100151), 1) (TestCmd( 100152), 1) (TestCmd( 100153), 1) (TestCmd( 100154), 1) (TestCmd( 100155), 1) (TestCmd( 100156), 1) (TestCmd( 100157), 1) (TestCmd( 100158), 1) (TestCmd( 100159), 1) (TestCmd( 100160), 1) 
[No entries to add for 2]
[ 2] [Logs after update for 2]
[ 2] (TestCmd( 1), 1) (TestCmd( 100001), 1) (TestCmd( 600001), 1) (TestCmd( 200001), 1) (TestCmd( 300001), 1) (TestCmd( 400001), 1) (TestCmd( 100002), 1) (TestCmd( 600002), 1) (TestCmd( 300002), 1) (TestCmd( 300003), 1) (TestCmd( 300004), 1) (TestCmd( 300005), 1) (TestCmd( 300006), 1) (TestCmd( 300007), 1) (TestCmd( 300008), 1) (TestCmd( 300009), 1) (TestCmd( 300010), 1) (TestCmd( 300011), 1) (TestCmd( 300012), 1) (TestCmd( 300013), 1) (TestCmd( 300014), 1) (TestCmd( 300015), 1) (TestCmd( 100129), 1) (TestCmd( 100130), 1) (TestCmd( 100131), 1) (TestCmd( 100132), 1) (TestCmd( 100133), 1) (TestCmd( 100134), 1) (TestCmd( 100135), 1) (TestCmd( 100136), 1) (TestCmd( 100137), 1) (TestCmd( 100138), 1) (TestCmd( 100139), 1) (TestCmd( 100140), 1) (TestCmd( 100141), 1) (TestCmd( 100142), 1) (TestCmd( 100143), 1) (TestCmd( 100144), 1) (TestCmd( 100145), 1) (TestCmd( 100146), 1) (TestCmd( 100147), 1) (TestCmd( 100148), 1) (TestCmd( 100149), 1) (TestCmd( 100150), 1) (TestCmd( 100151), 1) (TestCmd( 100152), 1) (TestCmd( 100153), 1) (TestCmd( 100154), 1) (TestCmd( 100155), 1) (TestCmd( 100156), 1) (TestCmd( 100157), 1) (TestCmd( 100158), 1) (TestCmd( 100159), 1) (TestCmd( 100160), 1) 
[ 2] [Commit index strict for 2 :  55]
[ 2] [Append_entries Response for 2]
[ 2] [     Matching_Index_Strict:  54]
[ 2] [     Success: TRUE]
[ 2] [New_State: NO_CHANGES]
[ 2] [State: FOLLOWER, Term:  1] 
[ 2] [Received_message: RAFT.MESSAGES.APPEND_ENTRIES_REQUEST] 
[ 2] [AppendEntriesRequest] for 2 Checking if log contains an entry at PrevLogTerm whose index matches PrevLogIndex
[ 2] [PrevLogIndex from Message:  54]
[ 2] [PrevLogTerm from message:  1]
[ 2] [ LogUpperBound:  55]
[ 2] [Logs for 2]
[ 2] (TestCmd( 1), 1) (TestCmd( 100001), 1) (TestCmd( 600001), 1) (TestCmd( 200001), 1) (TestCmd( 300001), 1) (TestCmd( 400001), 1) (TestCmd( 100002), 1) (TestCmd( 600002), 1) (TestCmd( 300002), 1) (TestCmd( 300003), 1) (TestCmd( 300004), 1) (TestCmd( 300005), 1) (TestCmd( 300006), 1) (TestCmd( 300007), 1) (TestCmd( 300008), 1) (TestCmd( 300009), 1) (TestCmd( 300010), 1) (TestCmd( 300011), 1) (TestCmd( 300012), 1) (TestCmd( 300013), 1) (TestCmd( 300014), 1) (TestCmd( 300015), 1) (TestCmd( 100129), 1) (TestCmd( 100130), 1) (TestCmd( 100131), 1) (TestCmd( 100132), 1) (TestCmd( 100133), 1) (TestCmd( 100134), 1) (TestCmd( 100135), 1) (TestCmd( 100136), 1) (TestCmd( 100137), 1) (TestCmd( 100138), 1) (TestCmd( 100139), 1) (TestCmd( 100140), 1) (TestCmd( 100141), 1) (TestCmd( 100142), 1) (TestCmd( 100143), 1) (TestCmd( 100144), 1) (TestCmd( 100145), 1) (TestCmd( 100146), 1) (TestCmd( 100147), 1) (TestCmd( 100148), 1) (TestCmd( 100149), 1) (TestCmd( 100150), 1) (TestCmd( 100151), 1) (TestCmd( 100152), 1) (TestCmd( 100153), 1) (TestCmd( 100154), 1) (TestCmd( 100155), 1) (TestCmd( 100156), 1) (TestCmd( 100157), 1) (TestCmd( 100158), 1) (TestCmd( 100159), 1) (TestCmd( 100160), 1) 
[No entries to add for 2]
[ 2] [Logs after update for 2]
[ 2] (TestCmd( 1), 1) (TestCmd( 100001), 1) (TestCmd( 600001), 1) (TestCmd( 200001), 1) (TestCmd( 300001), 1) (TestCmd( 400001), 1) (TestCmd( 100002), 1) (TestCmd( 600002), 1) (TestCmd( 300002), 1) (TestCmd( 300003), 1) (TestCmd( 300004), 1) (TestCmd( 300005), 1) (TestCmd( 300006), 1) (TestCmd( 300007), 1) (TestCmd( 300008), 1) (TestCmd( 300009), 1) (TestCmd( 300010), 1) (TestCmd( 300011), 1) (TestCmd( 300012), 1) (TestCmd( 300013), 1) (TestCmd( 300014), 1) (TestCmd( 300015), 1) (TestCmd( 100129), 1) (TestCmd( 100130), 1) (TestCmd( 100131), 1) (TestCmd( 100132), 1) (TestCmd( 100133), 1) (TestCmd( 100134), 1) (TestCmd( 100135), 1) (TestCmd( 100136), 1) (TestCmd( 100137), 1) (TestCmd( 100138), 1) (TestCmd( 100139), 1) (TestCmd( 100140), 1) (TestCmd( 100141), 1) (TestCmd( 100142), 1) (TestCmd( 100143), 1) (TestCmd( 100144), 1) (TestCmd( 100145), 1) (TestCmd( 100146), 1) (TestCmd( 100147), 1) (TestCmd( 100148), 1) (TestCmd( 100149), 1) (TestCmd( 100150), 1) (TestCmd( 100151), 1) (TestCmd( 100152), 1) (TestCmd( 100153), 1) (TestCmd( 100154), 1) (TestCmd( 100155), 1) (TestCmd( 100156), 1) (TestCmd( 100157), 1) (TestCmd( 100158), 1) (TestCmd( 100159), 1) (TestCmd( 100160), 1) 
[ 2] [Commit index strict for 2 :  55]
[ 2] [Append_entries Response for 2]
[ 2] [     Matching_Index_Strict:  54]
[ 2] [     Success: TRUE]
[ 2] [New_State: NO_CHANGES]
[ 2] [State: FOLLOWER, Term:  1] 
[ 2] [Received_message: RAFT.MESSAGES.APPEND_ENTRIES_REQUEST] 
[ 2] [AppendEntriesRequest] for 2 Checking if log contains an entry at PrevLogTerm whose index matches PrevLogIndex
[ 2] [PrevLogIndex from Message:  54]
[ 2] [PrevLogTerm from message:  1]
[ 2] [ LogUpperBound:  55]
[ 2] [Logs for 2]
[ 2] (TestCmd( 1), 1) (TestCmd( 100001), 1) (TestCmd( 600001), 1) (TestCmd( 200001), 1) (TestCmd( 300001), 1) (TestCmd( 400001), 1) (TestCmd( 100002), 1) (TestCmd( 600002), 1) (TestCmd( 300002), 1) (TestCmd( 300003), 1) (TestCmd( 300004), 1) (TestCmd( 300005), 1) (TestCmd( 300006), 1) (TestCmd( 300007), 1) (TestCmd( 300008), 1) (TestCmd( 300009), 1) (TestCmd( 300010), 1) (TestCmd( 300011), 1) (TestCmd( 300012), 1) (TestCmd( 300013), 1) (TestCmd( 300014), 1) (TestCmd( 300015), 1) (TestCmd( 100129), 1) (TestCmd( 100130), 1) (TestCmd( 100131), 1) (TestCmd( 100132), 1) (TestCmd( 100133), 1) (TestCmd( 100134), 1) (TestCmd( 100135), 1) (TestCmd( 100136), 1) (TestCmd( 100137), 1) (TestCmd( 100138), 1) (TestCmd( 100139), 1) (TestCmd( 100140), 1) (TestCmd( 100141), 1) (TestCmd( 100142), 1) (TestCmd( 100143), 1) (TestCmd( 100144), 1) (TestCmd( 100145), 1) (TestCmd( 100146), 1) (TestCmd( 100147), 1) (TestCmd( 100148), 1) (TestCmd( 100149), 1) (TestCmd( 100150), 1) (TestCmd( 100151), 1) (TestCmd( 100152), 1) (TestCmd( 100153), 1) (TestCmd( 100154), 1) (TestCmd( 100155), 1) (TestCmd( 100156), 1) (TestCmd( 100157), 1) (TestCmd( 100158), 1) (TestCmd( 100159), 1) (TestCmd( 100160), 1) 
[No entries to add for 2]
[ 2] [Logs after update for 2]
[ 2] (TestCmd( 1), 1) (TestCmd( 100001), 1) (TestCmd( 600001), 1) (TestCmd( 200001), 1) (TestCmd( 300001), 1) (TestCmd( 400001), 1) (TestCmd( 100002), 1) (TestCmd( 600002), 1) (TestCmd( 300002), 1) (TestCmd( 300003), 1) (TestCmd( 300004), 1) (TestCmd( 300005), 1) (TestCmd( 300006), 1) (TestCmd( 300007), 1) (TestCmd( 300008), 1) (TestCmd( 300009), 1) (TestCmd( 300010), 1) (TestCmd( 300011), 1) (TestCmd( 300012), 1) (TestCmd( 300013), 1) (TestCmd( 300014), 1) (TestCmd( 300015), 1) (TestCmd( 100129), 1) (TestCmd( 100130), 1) (TestCmd( 100131), 1) (TestCmd( 100132), 1) (TestCmd( 100133), 1) (TestCmd( 100134), 1) (TestCmd( 100135), 1) (TestCmd( 100136), 1) (TestCmd( 100137), 1) (TestCmd( 100138), 1) (TestCmd( 100139), 1) (TestCmd( 100140), 1) (TestCmd( 100141), 1) (TestCmd( 100142), 1) (TestCmd( 100143), 1) (TestCmd( 100144), 1) (TestCmd( 100145), 1) (TestCmd( 100146), 1) (TestCmd( 100147), 1) (TestCmd( 100148), 1) (TestCmd( 100149), 1) (TestCmd( 100150), 1) (TestCmd( 100151), 1) (TestCmd( 100152), 1) (TestCmd( 100153), 1) (TestCmd( 100154), 1) (TestCmd( 100155), 1) (TestCmd( 100156), 1) (TestCmd( 100157), 1) (TestCmd( 100158), 1) (TestCmd( 100159), 1) (TestCmd( 100160), 1) 
[ 2] [Commit index strict for 2 :  55]
[ 2] [Append_entries Response for 2]
[ 2] [     Matching_Index_Strict:  54]
[ 2] [     Success: TRUE]
[ 2] [New_State: NO_CHANGES]
[ 2] [State: FOLLOWER, Term:  1] 
[ 2] [Received_message: RAFT.MESSAGES.APPEND_ENTRIES_REQUEST] 
[ 2] [AppendEntriesRequest] for 2 Checking if log contains an entry at PrevLogTerm whose index matches PrevLogIndex
[ 2] [PrevLogIndex from Message:  54]
[ 2] [PrevLogTerm from message:  1]
[ 2] [ LogUpperBound:  55]
[ 2] [Logs for 2]
[ 2] (TestCmd( 1), 1) (TestCmd( 100001), 1) (TestCmd( 600001), 1) (TestCmd( 200001), 1) (TestCmd( 300001), 1) (TestCmd( 400001), 1) (TestCmd( 100002), 1) (TestCmd( 600002), 1) (TestCmd( 300002), 1) (TestCmd( 300003), 1) (TestCmd( 300004), 1) (TestCmd( 300005), 1) (TestCmd( 300006), 1) (TestCmd( 300007), 1) (TestCmd( 300008), 1) (TestCmd( 300009), 1) (TestCmd( 300010), 1) (TestCmd( 300011), 1) (TestCmd( 300012), 1) (TestCmd( 300013), 1) (TestCmd( 300014), 1) (TestCmd( 300015), 1) (TestCmd( 100129), 1) (TestCmd( 100130), 1) (TestCmd( 100131), 1) (TestCmd( 100132), 1) (TestCmd( 100133), 1) (TestCmd( 100134), 1) (TestCmd( 100135), 1) (TestCmd( 100136), 1) (TestCmd( 100137), 1) (TestCmd( 100138), 1) (TestCmd( 100139), 1) (TestCmd( 100140), 1) (TestCmd( 100141), 1) (TestCmd( 100142), 1) (TestCmd( 100143), 1) (TestCmd( 100144), 1) (TestCmd( 100145), 1) (TestCmd( 100146), 1) (TestCmd( 100147), 1) (TestCmd( 100148), 1) (TestCmd( 100149), 1) (TestCmd( 100150), 1) (TestCmd( 100151), 1) (TestCmd( 100152), 1) (TestCmd( 100153), 1) (TestCmd( 100154), 1) (TestCmd( 100155), 1) (TestCmd( 100156), 1) (TestCmd( 100157), 1) (TestCmd( 100158), 1) (TestCmd( 100159), 1) (TestCmd( 100160), 1) 
[No entries to add for 2]
[ 2] [Logs after update for 2]
[ 2] (TestCmd( 1), 1) (TestCmd( 100001), 1) (TestCmd( 600001), 1) (TestCmd( 200001), 1) (TestCmd( 300001), 1) (TestCmd( 400001), 1) (TestCmd( 100002), 1) (TestCmd( 600002), 1) (TestCmd( 300002), 1) (TestCmd( 300003), 1) (TestCmd( 300004), 1) (TestCmd( 300005), 1) (TestCmd( 300006), 1) (TestCmd( 300007), 1) (TestCmd( 300008), 1) (TestCmd( 300009), 1) (TestCmd( 300010), 1) (TestCmd( 300011), 1) (TestCmd( 300012), 1) (TestCmd( 300013), 1) (TestCmd( 300014), 1) (TestCmd( 300015), 1) (TestCmd( 100129), 1) (TestCmd( 100130), 1) (TestCmd( 100131), 1) (TestCmd( 100132), 1) (TestCmd( 100133), 1) (TestCmd( 100134), 1) (TestCmd( 100135), 1) (TestCmd( 100136), 1) (TestCmd( 100137), 1) (TestCmd( 100138), 1) (TestCmd( 100139), 1) (TestCmd( 100140), 1) (TestCmd( 100141), 1) (TestCmd( 100142), 1) (TestCmd( 100143), 1) (TestCmd( 100144), 1) (TestCmd( 100145), 1) (TestCmd( 100146), 1) (TestCmd( 100147), 1) (TestCmd( 100148), 1) (TestCmd( 100149), 1) (TestCmd( 100150), 1) (TestCmd( 100151), 1) (TestCmd( 100152), 1) (TestCmd( 100153), 1) (TestCmd( 100154), 1) (TestCmd( 100155), 1) (TestCmd( 100156), 1) (TestCmd( 100157), 1) (TestCmd( 100158), 1) (TestCmd( 100159), 1) (TestCmd( 100160), 1) 
[ 2] [Commit index strict for 2 :  55]
[ 2] [Append_entries Response for 2]
[ 2] [     Matching_Index_Strict:  54]
[ 2] [     Success: TRUE]
[ 2] [New_State: NO_CHANGES]
[ 2] [State: FOLLOWER, Term:  1] 
[ 2] [Received_message: RAFT.MESSAGES.APPEND_ENTRIES_REQUEST] 
[ 2] [AppendEntriesRequest] for 2 Checking if log contains an entry at PrevLogTerm whose index matches PrevLogIndex
[ 2] [PrevLogIndex from Message:  54]
[ 2] [PrevLogTerm from message:  1]
[ 2] [ LogUpperBound:  55]
[ 2] [Logs for 2]
[ 2] (TestCmd( 1), 1) (TestCmd( 100001), 1) (TestCmd( 600001), 1) (TestCmd( 200001), 1) (TestCmd( 300001), 1) (TestCmd( 400001), 1) (TestCmd( 100002), 1) (TestCmd( 600002), 1) (TestCmd( 300002), 1) (TestCmd( 300003), 1) (TestCmd( 300004), 1) (TestCmd( 300005), 1) (TestCmd( 300006), 1) (TestCmd( 300007), 1) (TestCmd( 300008), 1) (TestCmd( 300009), 1) (TestCmd( 300010), 1) (TestCmd( 300011), 1) (TestCmd( 300012), 1) (TestCmd( 300013), 1) (TestCmd( 300014), 1) (TestCmd( 300015), 1) (TestCmd( 100129), 1) (TestCmd( 100130), 1) (TestCmd( 100131), 1) (TestCmd( 100132), 1) (TestCmd( 100133), 1) (TestCmd( 100134), 1) (TestCmd( 100135), 1) (TestCmd( 100136), 1) (TestCmd( 100137), 1) (TestCmd( 100138), 1) (TestCmd( 100139), 1) (TestCmd( 100140), 1) (TestCmd( 100141), 1) (TestCmd( 100142), 1) (TestCmd( 100143), 1) (TestCmd( 100144), 1) (TestCmd( 100145), 1) (TestCmd( 100146), 1) (TestCmd( 100147), 1) (TestCmd( 100148), 1) (TestCmd( 100149), 1) (TestCmd( 100150), 1) (TestCmd( 100151), 1) (TestCmd( 100152), 1) (TestCmd( 100153), 1) (TestCmd( 100154), 1) (TestCmd( 100155), 1) (TestCmd( 100156), 1) (TestCmd( 100157), 1) (TestCmd( 100158), 1) (TestCmd( 100159), 1) (TestCmd( 100160), 1) 
[No entries to add for 2]
[ 2] [Logs after update for 2]
[ 2] (TestCmd( 1), 1) (TestCmd( 100001), 1) (TestCmd( 600001), 1) (TestCmd( 200001), 1) (TestCmd( 300001), 1) (TestCmd( 400001), 1) (TestCmd( 100002), 1) (TestCmd( 600002), 1) (TestCmd( 300002), 1) (TestCmd( 300003), 1) (TestCmd( 300004), 1) (TestCmd( 300005), 1) (TestCmd( 300006), 1) (TestCmd( 300007), 1) (TestCmd( 300008), 1) (TestCmd( 300009), 1) (TestCmd( 300010), 1) (TestCmd( 300011), 1) (TestCmd( 300012), 1) (TestCmd( 300013), 1) (TestCmd( 300014), 1) (TestCmd( 300015), 1) (TestCmd( 100129), 1) (TestCmd( 100130), 1) (TestCmd( 100131), 1) (TestCmd( 100132), 1) (TestCmd( 100133), 1) (TestCmd( 100134), 1) (TestCmd( 100135), 1) (TestCmd( 100136), 1) (TestCmd( 100137), 1) (TestCmd( 100138), 1) (TestCmd( 100139), 1) (TestCmd( 100140), 1) (TestCmd( 100141), 1) (TestCmd( 100142), 1) (TestCmd( 100143), 1) (TestCmd( 100144), 1) (TestCmd( 100145), 1) (TestCmd( 100146), 1) (TestCmd( 100147), 1) (TestCmd( 100148), 1) (TestCmd( 100149), 1) (TestCmd( 100150), 1) (TestCmd( 100151), 1) (TestCmd( 100152), 1) (TestCmd( 100153), 1) (TestCmd( 100154), 1) (TestCmd( 100155), 1) (TestCmd( 100156), 1) (TestCmd( 100157), 1) (TestCmd( 100158), 1) (TestCmd( 100159), 1) (TestCmd( 100160), 1) 
[ 2] [Commit index strict for 2 :  55]
[ 2] [Append_entries Response for 2]
[ 2] [     Matching_Index_Strict:  54]
[ 2] [     Success: TRUE]
[ 2] [New_State: NO_CHANGES]
[ 2] [State: FOLLOWER, Term:  1] 
[ 2] [Received_message: RAFT.MESSAGES.APPEND_ENTRIES_REQUEST] 
[ 2] [AppendEntriesRequest] for 2 Checking if log contains an entry at PrevLogTerm whose index matches PrevLogIndex
[ 2] [PrevLogIndex from Message:  54]
[ 2] [PrevLogTerm from message:  1]
[ 2] [ LogUpperBound:  55]
[ 2] [Logs for 2]
[ 2] (TestCmd( 1), 1) (TestCmd( 100001), 1) (TestCmd( 600001), 1) (TestCmd( 200001), 1) (TestCmd( 300001), 1) (TestCmd( 400001), 1) (TestCmd( 100002), 1) (TestCmd( 600002), 1) (TestCmd( 300002), 1) (TestCmd( 300003), 1) (TestCmd( 300004), 1) (TestCmd( 300005), 1) (TestCmd( 300006), 1) (TestCmd( 300007), 1) (TestCmd( 300008), 1) (TestCmd( 300009), 1) (TestCmd( 300010), 1) (TestCmd( 300011), 1) (TestCmd( 300012), 1) (TestCmd( 300013), 1) (TestCmd( 300014), 1) (TestCmd( 300015), 1) (TestCmd( 100129), 1) (TestCmd( 100130), 1) (TestCmd( 100131), 1) (TestCmd( 100132), 1) (TestCmd( 100133), 1) (TestCmd( 100134), 1) (TestCmd( 100135), 1) (TestCmd( 100136), 1) (TestCmd( 100137), 1) (TestCmd( 100138), 1) (TestCmd( 100139), 1) (TestCmd( 100140), 1) (TestCmd( 100141), 1) (TestCmd( 100142), 1) (TestCmd( 100143), 1) (TestCmd( 100144), 1) (TestCmd( 100145), 1) (TestCmd( 100146), 1) (TestCmd( 100147), 1) (TestCmd( 100148), 1) (TestCmd( 100149), 1) (TestCmd( 100150), 1) (TestCmd( 100151), 1) (TestCmd( 100152), 1) (TestCmd( 100153), 1) (TestCmd( 100154), 1) (TestCmd( 100155), 1) (TestCmd( 100156), 1) (TestCmd( 100157), 1) (TestCmd( 100158), 1) (TestCmd( 100159), 1) (TestCmd( 100160), 1) 
[No entries to add for 2]
[ 2] [Logs after update for 2]
[ 2] (TestCmd( 1), 1) (TestCmd( 100001), 1) (TestCmd( 600001), 1) (TestCmd( 200001), 1) (TestCmd( 300001), 1) (TestCmd( 400001), 1) (TestCmd( 100002), 1) (TestCmd( 600002), 1) (TestCmd( 300002), 1) (TestCmd( 300003), 1) (TestCmd( 300004), 1) (TestCmd( 300005), 1) (TestCmd( 300006), 1) (TestCmd( 300007), 1) (TestCmd( 300008), 1) (TestCmd( 300009), 1) (TestCmd( 300010), 1) (TestCmd( 300011), 1) (TestCmd( 300012), 1) (TestCmd( 300013), 1) (TestCmd( 300014), 1) (TestCmd( 300015), 1) (TestCmd( 100129), 1) (TestCmd( 100130), 1) (TestCmd( 100131), 1) (TestCmd( 100132), 1) (TestCmd( 100133), 1) (TestCmd( 100134), 1) (TestCmd( 100135), 1) (TestCmd( 100136), 1) (TestCmd( 100137), 1) (TestCmd( 100138), 1) (TestCmd( 100139), 1) (TestCmd( 100140), 1) (TestCmd( 100141), 1) (TestCmd( 100142), 1) (TestCmd( 100143), 1) (TestCmd( 100144), 1) (TestCmd( 100145), 1) (TestCmd( 100146), 1) (TestCmd( 100147), 1) (TestCmd( 100148), 1) (TestCmd( 100149), 1) (TestCmd( 100150), 1) (TestCmd( 100151), 1) (TestCmd( 100152), 1) (TestCmd( 100153), 1) (TestCmd( 100154), 1) (TestCmd( 100155), 1) (TestCmd( 100156), 1) (TestCmd( 100157), 1) (TestCmd( 100158), 1) (TestCmd( 100159), 1) (TestCmd( 100160), 1) 
[ 2] [Commit index strict for 2 :  55]
[ 2] [Append_entries Response for 2]
[ 2] [     Matching_Index_Strict:  54]
[ 2] [     Success: TRUE]
[ 2] [New_State: NO_CHANGES]
[ 2] [State: FOLLOWER, Term:  1] 
[ 2] [Received_message: RAFT.MESSAGES.APPEND_ENTRIES_REQUEST] 
[ 2] [AppendEntriesRequest] for 2 Checking if log contains an entry at PrevLogTerm whose index matches PrevLogIndex
[ 2] [PrevLogIndex from Message:  54]
[ 2] [PrevLogTerm from message:  1]
[ 2] [ LogUpperBound:  55]
[ 2] [Logs for 2]
[ 2] (TestCmd( 1), 1) (TestCmd( 100001), 1) (TestCmd( 600001), 1) (TestCmd( 200001), 1) (TestCmd( 300001), 1) (TestCmd( 400001), 1) (TestCmd( 100002), 1) (TestCmd( 600002), 1) (TestCmd( 300002), 1) (TestCmd( 300003), 1) (TestCmd( 300004), 1) (TestCmd( 300005), 1) (TestCmd( 300006), 1) (TestCmd( 300007), 1) (TestCmd( 300008), 1) (TestCmd( 300009), 1) (TestCmd( 300010), 1) (TestCmd( 300011), 1) (TestCmd( 300012), 1) (TestCmd( 300013), 1) (TestCmd( 300014), 1) (TestCmd( 300015), 1) (TestCmd( 100129), 1) (TestCmd( 100130), 1) (TestCmd( 100131), 1) (TestCmd( 100132), 1) (TestCmd( 100133), 1) (TestCmd( 100134), 1) (TestCmd( 100135), 1) (TestCmd( 100136), 1) (TestCmd( 100137), 1) (TestCmd( 100138), 1) (TestCmd( 100139), 1) (TestCmd( 100140), 1) (TestCmd( 100141), 1) (TestCmd( 100142), 1) (TestCmd( 100143), 1) (TestCmd( 100144), 1) (TestCmd( 100145), 1) (TestCmd( 100146), 1) (TestCmd( 100147), 1) (TestCmd( 100148), 1) (TestCmd( 100149), 1) (TestCmd( 100150), 1) (TestCmd( 100151), 1) (TestCmd( 100152), 1) (TestCmd( 100153), 1) (TestCmd( 100154), 1) (TestCmd( 100155), 1) (TestCmd( 100156), 1) (TestCmd( 100157), 1) (TestCmd( 100158), 1) (TestCmd( 100159), 1) (TestCmd( 100160), 1) 
[No entries to add for 2]
[ 2] [Logs after update for 2]
[ 2] (TestCmd( 1), 1) (TestCmd( 100001), 1) (TestCmd( 600001), 1) (TestCmd( 200001), 1) (TestCmd( 300001), 1) (TestCmd( 400001), 1) (TestCmd( 100002), 1) (TestCmd( 600002), 1) (TestCmd( 300002), 1) (TestCmd( 300003), 1) (TestCmd( 300004), 1) (TestCmd( 300005), 1) (TestCmd( 300006), 1) (TestCmd( 300007), 1) (TestCmd( 300008), 1) (TestCmd( 300009), 1) (TestCmd( 300010), 1) (TestCmd( 300011), 1) (TestCmd( 300012), 1) (TestCmd( 300013), 1) (TestCmd( 300014), 1) (TestCmd( 300015), 1) (TestCmd( 100129), 1) (TestCmd( 100130), 1) (TestCmd( 100131), 1) (TestCmd( 100132), 1) (TestCmd( 100133), 1) (TestCmd( 100134), 1) (TestCmd( 100135), 1) (TestCmd( 100136), 1) (TestCmd( 100137), 1) (TestCmd( 100138), 1) (TestCmd( 100139), 1) (TestCmd( 100140), 1) (TestCmd( 100141), 1) (TestCmd( 100142), 1) (TestCmd( 100143), 1) (TestCmd( 100144), 1) (TestCmd( 100145), 1) (TestCmd( 100146), 1) (TestCmd( 100147), 1) (TestCmd( 100148), 1) (TestCmd( 100149), 1) (TestCmd( 100150), 1) (TestCmd( 100151), 1) (TestCmd( 100152), 1) (TestCmd( 100153), 1) (TestCmd( 100154), 1) (TestCmd( 100155), 1) (TestCmd( 100156), 1) (TestCmd( 100157), 1) (TestCmd( 100158), 1) (TestCmd( 100159), 1) (TestCmd( 100160), 1) 
[ 2] [Commit index strict for 2 :  55]
[ 2] [Append_entries Response for 2]
[ 2] [     Matching_Index_Strict:  54]
[ 2] [     Success: TRUE]
[ 2] [New_State: NO_CHANGES]
[ 2] [State: FOLLOWER, Term:  1] 
[ 2] [Received_message: RAFT.MESSAGES.APPEND_ENTRIES_REQUEST] 
[ 2] [AppendEntriesRequest] for 2 Checking if log contains an entry at PrevLogTerm whose index matches PrevLogIndex
[ 2] [PrevLogIndex from Message:  54]
[ 2] [PrevLogTerm from message:  1]
[ 2] [ LogUpperBound:  55]
[ 2] [Logs for 2]
[ 2] (TestCmd( 1), 1) (TestCmd( 100001), 1) (TestCmd( 600001), 1) (TestCmd( 200001), 1) (TestCmd( 300001), 1) (TestCmd( 400001), 1) (TestCmd( 100002), 1) (TestCmd( 600002), 1) (TestCmd( 300002), 1) (TestCmd( 300003), 1) (TestCmd( 300004), 1) (TestCmd( 300005), 1) (TestCmd( 300006), 1) (TestCmd( 300007), 1) (TestCmd( 300008), 1) (TestCmd( 300009), 1) (TestCmd( 300010), 1) (TestCmd( 300011), 1) (TestCmd( 300012), 1) (TestCmd( 300013), 1) (TestCmd( 300014), 1) (TestCmd( 300015), 1) (TestCmd( 100129), 1) (TestCmd( 100130), 1) (TestCmd( 100131), 1) (TestCmd( 100132), 1) (TestCmd( 100133), 1) (TestCmd( 100134), 1) (TestCmd( 100135), 1) (TestCmd( 100136), 1) (TestCmd( 100137), 1) (TestCmd( 100138), 1) (TestCmd( 100139), 1) (TestCmd( 100140), 1) (TestCmd( 100141), 1) (TestCmd( 100142), 1) (TestCmd( 100143), 1) (TestCmd( 100144), 1) (TestCmd( 100145), 1) (TestCmd( 100146), 1) (TestCmd( 100147), 1) (TestCmd( 100148), 1) (TestCmd( 100149), 1) (TestCmd( 100150), 1) (TestCmd( 100151), 1) (TestCmd( 100152), 1) (TestCmd( 100153), 1) (TestCmd( 100154), 1) (TestCmd( 100155), 1) (TestCmd( 100156), 1) (TestCmd( 100157), 1) (TestCmd( 100158), 1) (TestCmd( 100159), 1) (TestCmd( 100160), 1) 
[No entries to add for 2]
[ 2] [Logs after update for 2]
[ 2] (TestCmd( 1), 1) (TestCmd( 100001), 1) (TestCmd( 600001), 1) (TestCmd( 200001), 1) (TestCmd( 300001), 1) (TestCmd( 400001), 1) (TestCmd( 100002), 1) (TestCmd( 600002), 1) (TestCmd( 300002), 1) (TestCmd( 300003), 1) (TestCmd( 300004), 1) (TestCmd( 300005), 1) (TestCmd( 300006), 1) (TestCmd( 300007), 1) (TestCmd( 300008), 1) (TestCmd( 300009), 1) (TestCmd( 300010), 1) (TestCmd( 300011), 1) (TestCmd( 300012), 1) (TestCmd( 300013), 1) (TestCmd( 300014), 1) (TestCmd( 300015), 1) (TestCmd( 100129), 1) (TestCmd( 100130), 1) (TestCmd( 100131), 1) (TestCmd( 100132), 1) (TestCmd( 100133), 1) (TestCmd( 100134), 1) (TestCmd( 100135), 1) (TestCmd( 100136), 1) (TestCmd( 100137), 1) (TestCmd( 100138), 1) (TestCmd( 100139), 1) (TestCmd( 100140), 1) (TestCmd( 100141), 1) (TestCmd( 100142), 1) (TestCmd( 100143), 1) (TestCmd( 100144), 1) (TestCmd( 100145), 1) (TestCmd( 100146), 1) (TestCmd( 100147), 1) (TestCmd( 100148), 1) (TestCmd( 100149), 1) (TestCmd( 100150), 1) (TestCmd( 100151), 1) (TestCmd( 100152), 1) (TestCmd( 100153), 1) (TestCmd( 100154), 1) (TestCmd( 100155), 1) (TestCmd( 100156), 1) (TestCmd( 100157), 1) (TestCmd( 100158), 1) (TestCmd( 100159), 1) (TestCmd( 100160), 1) 
[ 2] [Commit index strict for 2 :  55]
[ 2] [Append_entries Response for 2]
[ 2] [     Matching_Index_Strict:  54]
[ 2] [     Success: TRUE]
[ 2] [New_State: NO_CHANGES]
[ 2] [State: FOLLOWER, Term:  1] 
[ 2] [Received_message: RAFT.MESSAGES.APPEND_ENTRIES_REQUEST] 
[ 2] [AppendEntriesRequest] for 2 Checking if log contains an entry at PrevLogTerm whose index matches PrevLogIndex
[ 2] [PrevLogIndex from Message:  54]
[ 2] [PrevLogTerm from message:  1]
[ 2] [ LogUpperBound:  55]
[ 2] [Logs for 2]
[ 2] (TestCmd( 1), 1) (TestCmd( 100001), 1) (TestCmd( 600001), 1) (TestCmd( 200001), 1) (TestCmd( 300001), 1) (TestCmd( 400001), 1) (TestCmd( 100002), 1) (TestCmd( 600002), 1) (TestCmd( 300002), 1) (TestCmd( 300003), 1) (TestCmd( 300004), 1) (TestCmd( 300005), 1) (TestCmd( 300006), 1) (TestCmd( 300007), 1) (TestCmd( 300008), 1) (TestCmd( 300009), 1) (TestCmd( 300010), 1) (TestCmd( 300011), 1) (TestCmd( 300012), 1) (TestCmd( 300013), 1) (TestCmd( 300014), 1) (TestCmd( 300015), 1) (TestCmd( 100129), 1) (TestCmd( 100130), 1) (TestCmd( 100131), 1) (TestCmd( 100132), 1) (TestCmd( 100133), 1) (TestCmd( 100134), 1) (TestCmd( 100135), 1) (TestCmd( 100136), 1) (TestCmd( 100137), 1) (TestCmd( 100138), 1) (TestCmd( 100139), 1) (TestCmd( 100140), 1) (TestCmd( 100141), 1) (TestCmd( 100142), 1) (TestCmd( 100143), 1) (TestCmd( 100144), 1) (TestCmd( 100145), 1) (TestCmd( 100146), 1) (TestCmd( 100147), 1) (TestCmd( 100148), 1) (TestCmd( 100149), 1) (TestCmd( 100150), 1) (TestCmd( 100151), 1) (TestCmd( 100152), 1) (TestCmd( 100153), 1) (TestCmd( 100154), 1) (TestCmd( 100155), 1) (TestCmd( 100156), 1) (TestCmd( 100157), 1) (TestCmd( 100158), 1) (TestCmd( 100159), 1) (TestCmd( 100160), 1) 
[No entries to add for 2]
[ 2] [Logs after update for 2]
[ 2] (TestCmd( 1), 1) (TestCmd( 100001), 1) (TestCmd( 600001), 1) (TestCmd( 200001), 1) (TestCmd( 300001), 1) (TestCmd( 400001), 1) (TestCmd( 100002), 1) (TestCmd( 600002), 1) (TestCmd( 300002), 1) (TestCmd( 300003), 1) (TestCmd( 300004), 1) (TestCmd( 300005), 1) (TestCmd( 300006), 1) (TestCmd( 300007), 1) (TestCmd( 300008), 1) (TestCmd( 300009), 1) (TestCmd( 300010), 1) (TestCmd( 300011), 1) (TestCmd( 300012), 1) (TestCmd( 300013), 1) (TestCmd( 300014), 1) (TestCmd( 300015), 1) (TestCmd( 100129), 1) (TestCmd( 100130), 1) (TestCmd( 100131), 1) (TestCmd( 100132), 1) (TestCmd( 100133), 1) (TestCmd( 100134), 1) (TestCmd( 100135), 1) (TestCmd( 100136), 1) (TestCmd( 100137), 1) (TestCmd( 100138), 1) (TestCmd( 100139), 1) (TestCmd( 100140), 1) (TestCmd( 100141), 1) (TestCmd( 100142), 1) (TestCmd( 100143), 1) (TestCmd( 100144), 1) (TestCmd( 100145), 1) (TestCmd( 100146), 1) (TestCmd( 100147), 1) (TestCmd( 100148), 1) (TestCmd( 100149), 1) (TestCmd( 100150), 1) (TestCmd( 100151), 1) (TestCmd( 100152), 1) (TestCmd( 100153), 1) (TestCmd( 100154), 1) (TestCmd( 100155), 1) (TestCmd( 100156), 1) (TestCmd( 100157), 1) (TestCmd( 100158), 1) (TestCmd( 100159), 1) (TestCmd( 100160), 1) 
[ 2] [Commit index strict for 2 :  55]
[ 2] [Append_entries Response for 2]
[ 2] [     Matching_Index_Strict:  54]
[ 2] [     Success: TRUE]
[ 2] [New_State: NO_CHANGES]
[ 2] [State: FOLLOWER, Term:  1] 
[ 2] [Received_message: RAFT.MESSAGES.APPEND_ENTRIES_REQUEST] 
[ 2] [AppendEntriesRequest] for 2 Checking if log contains an entry at PrevLogTerm whose index matches PrevLogIndex
[ 2] [PrevLogIndex from Message:  54]
[ 2] [PrevLogTerm from message:  1]
[ 2] [ LogUpperBound:  55]
[ 2] [Logs for 2]
[ 2] (TestCmd( 1), 1) (TestCmd( 100001), 1) (TestCmd( 600001), 1) (TestCmd( 200001), 1) (TestCmd( 300001), 1) (TestCmd( 400001), 1) (TestCmd( 100002), 1) (TestCmd( 600002), 1) (TestCmd( 300002), 1) (TestCmd( 300003), 1) (TestCmd( 300004), 1) (TestCmd( 300005), 1) (TestCmd( 300006), 1) (TestCmd( 300007), 1) (TestCmd( 300008), 1) (TestCmd( 300009), 1) (TestCmd( 300010), 1) (TestCmd( 300011), 1) (TestCmd( 300012), 1) (TestCmd( 300013), 1) (TestCmd( 300014), 1) (TestCmd( 300015), 1) (TestCmd( 100129), 1) (TestCmd( 100130), 1) (TestCmd( 100131), 1) (TestCmd( 100132), 1) (TestCmd( 100133), 1) (TestCmd( 100134), 1) (TestCmd( 100135), 1) (TestCmd( 100136), 1) (TestCmd( 100137), 1) (TestCmd( 100138), 1) (TestCmd( 100139), 1) (TestCmd( 100140), 1) (TestCmd( 100141), 1) (TestCmd( 100142), 1) (TestCmd( 100143), 1) (TestCmd( 100144), 1) (TestCmd( 100145), 1) (TestCmd( 100146), 1) (TestCmd( 100147), 1) (TestCmd( 100148), 1) (TestCmd( 100149), 1) (TestCmd( 100150), 1) (TestCmd( 100151), 1) (TestCmd( 100152), 1) (TestCmd( 100153), 1) (TestCmd( 100154), 1) (TestCmd( 100155), 1) (TestCmd( 100156), 1) (TestCmd( 100157), 1) (TestCmd( 100158), 1) (TestCmd( 100159), 1) (TestCmd( 100160), 1) 
[No entries to add for 2]
[ 2] [Logs after update for 2]
[ 2] (TestCmd( 1), 1) (TestCmd( 100001), 1) (TestCmd( 600001), 1) (TestCmd( 200001), 1) (TestCmd( 300001), 1) (TestCmd( 400001), 1) (TestCmd( 100002), 1) (TestCmd( 600002), 1) (TestCmd( 300002), 1) (TestCmd( 300003), 1) (TestCmd( 300004), 1) (TestCmd( 300005), 1) (TestCmd( 300006), 1) (TestCmd( 300007), 1) (TestCmd( 300008), 1) (TestCmd( 300009), 1) (TestCmd( 300010), 1) (TestCmd( 300011), 1) (TestCmd( 300012), 1) (TestCmd( 300013), 1) (TestCmd( 300014), 1) (TestCmd( 300015), 1) (TestCmd( 100129), 1) (TestCmd( 100130), 1) (TestCmd( 100131), 1) (TestCmd( 100132), 1) (TestCmd( 100133), 1) (TestCmd( 100134), 1) (TestCmd( 100135), 1) (TestCmd( 100136), 1) (TestCmd( 100137), 1) (TestCmd( 100138), 1) (TestCmd( 100139), 1) (TestCmd( 100140), 1) (TestCmd( 100141), 1) (TestCmd( 100142), 1) (TestCmd( 100143), 1) (TestCmd( 100144), 1) (TestCmd( 100145), 1) (TestCmd( 100146), 1) (TestCmd( 100147), 1) (TestCmd( 100148), 1) (TestCmd( 100149), 1) (TestCmd( 100150), 1) (TestCmd( 100151), 1) (TestCmd( 100152), 1) (TestCmd( 100153), 1) (TestCmd( 100154), 1) (TestCmd( 100155), 1) (TestCmd( 100156), 1) (TestCmd( 100157), 1) (TestCmd( 100158), 1) (TestCmd( 100159), 1) (TestCmd( 100160), 1) 
[ 2] [Commit index strict for 2 :  55]
[ 2] [Append_entries Response for 2]
[ 2] [     Matching_Index_Strict:  54]
[ 2] [     Success: TRUE]
[ 2] [New_State: NO_CHANGES]
[ 2] [State: FOLLOWER, Term:  1] 
[ 2] [Received_message: RAFT.MESSAGES.APPEND_ENTRIES_REQUEST] 
[ 2] [AppendEntriesRequest] for 2 Checking if log contains an entry at PrevLogTerm whose index matches PrevLogIndex
[ 2] [PrevLogIndex from Message:  54]
[ 2] [PrevLogTerm from message:  1]
[ 2] [ LogUpperBound:  55]
[ 2] [Logs for 2]
[ 2] (TestCmd( 1), 1) (TestCmd( 100001), 1) (TestCmd( 600001), 1) (TestCmd( 200001), 1) (TestCmd( 300001), 1) (TestCmd( 400001), 1) (TestCmd( 100002), 1) (TestCmd( 600002), 1) (TestCmd( 300002), 1) (TestCmd( 300003), 1) (TestCmd( 300004), 1) (TestCmd( 300005), 1) (TestCmd( 300006), 1) (TestCmd( 300007), 1) (TestCmd( 300008), 1) (TestCmd( 300009), 1) (TestCmd( 300010), 1) (TestCmd( 300011), 1) (TestCmd( 300012), 1) (TestCmd( 300013), 1) (TestCmd( 300014), 1) (TestCmd( 300015), 1) (TestCmd( 100129), 1) (TestCmd( 100130), 1) (TestCmd( 100131), 1) (TestCmd( 100132), 1) (TestCmd( 100133), 1) (TestCmd( 100134), 1) (TestCmd( 100135), 1) (TestCmd( 100136), 1) (TestCmd( 100137), 1) (TestCmd( 100138), 1) (TestCmd( 100139), 1) (TestCmd( 100140), 1) (TestCmd( 100141), 1) (TestCmd( 100142), 1) (TestCmd( 100143), 1) (TestCmd( 100144), 1) (TestCmd( 100145), 1) (TestCmd( 100146), 1) (TestCmd( 100147), 1) (TestCmd( 100148), 1) (TestCmd( 100149), 1) (TestCmd( 100150), 1) (TestCmd( 100151), 1) (TestCmd( 100152), 1) (TestCmd( 100153), 1) (TestCmd( 100154), 1) (TestCmd( 100155), 1) (TestCmd( 100156), 1) (TestCmd( 100157), 1) (TestCmd( 100158), 1) (TestCmd( 100159), 1) (TestCmd( 100160), 1) 
[No entries to add for 2]
[ 2] [Logs after update for 2]
[ 2] (TestCmd( 1), 1) (TestCmd( 100001), 1) (TestCmd( 600001), 1) (TestCmd( 200001), 1) (TestCmd( 300001), 1) (TestCmd( 400001), 1) (TestCmd( 100002), 1) (TestCmd( 600002), 1) (TestCmd( 300002), 1) (TestCmd( 300003), 1) (TestCmd( 300004), 1) (TestCmd( 300005), 1) (TestCmd( 300006), 1) (TestCmd( 300007), 1) (TestCmd( 300008), 1) (TestCmd( 300009), 1) (TestCmd( 300010), 1) (TestCmd( 300011), 1) (TestCmd( 300012), 1) (TestCmd( 300013), 1) (TestCmd( 300014), 1) (TestCmd( 300015), 1) (TestCmd( 100129), 1) (TestCmd( 100130), 1) (TestCmd( 100131), 1) (TestCmd( 100132), 1) (TestCmd( 100133), 1) (TestCmd( 100134), 1) (TestCmd( 100135), 1) (TestCmd( 100136), 1) (TestCmd( 100137), 1) (TestCmd( 100138), 1) (TestCmd( 100139), 1) (TestCmd( 100140), 1) (TestCmd( 100141), 1) (TestCmd( 100142), 1) (TestCmd( 100143), 1) (TestCmd( 100144), 1) (TestCmd( 100145), 1) (TestCmd( 100146), 1) (TestCmd( 100147), 1) (TestCmd( 100148), 1) (TestCmd( 100149), 1) (TestCmd( 100150), 1) (TestCmd( 100151), 1) (TestCmd( 100152), 1) (TestCmd( 100153), 1) (TestCmd( 100154), 1) (TestCmd( 100155), 1) (TestCmd( 100156), 1) (TestCmd( 100157), 1) (TestCmd( 100158), 1) (TestCmd( 100159), 1) (TestCmd( 100160), 1) 
[ 2] [Commit index strict for 2 :  55]
[ 2] [Append_entries Response for 2]
[ 2] [     Matching_Index_Strict:  54]
[ 2] [     Success: TRUE]
[ 2] [New_State: NO_CHANGES]
[ 2] [State: FOLLOWER, Term:  1] 
[ 2] [Received_message: RAFT.MESSAGES.APPEND_ENTRIES_REQUEST] 
[ 2] [AppendEntriesRequest] for 2 Checking if log contains an entry at PrevLogTerm whose index matches PrevLogIndex
[ 2] [PrevLogIndex from Message:  54]
[ 2] [PrevLogTerm from message:  1]
[ 2] [ LogUpperBound:  55]
[ 2] [Logs for 2]
[ 2] (TestCmd( 1), 1) (TestCmd( 100001), 1) (TestCmd( 600001), 1) (TestCmd( 200001), 1) (TestCmd( 300001), 1) (TestCmd( 400001), 1) (TestCmd( 100002), 1) (TestCmd( 600002), 1) (TestCmd( 300002), 1) (TestCmd( 300003), 1) (TestCmd( 300004), 1) (TestCmd( 300005), 1) (TestCmd( 300006), 1) (TestCmd( 300007), 1) (TestCmd( 300008), 1) (TestCmd( 300009), 1) (TestCmd( 300010), 1) (TestCmd( 300011), 1) (TestCmd( 300012), 1) (TestCmd( 300013), 1) (TestCmd( 300014), 1) (TestCmd( 300015), 1) (TestCmd( 100129), 1) (TestCmd( 100130), 1) (TestCmd( 100131), 1) (TestCmd( 100132), 1) (TestCmd( 100133), 1) (TestCmd( 100134), 1) (TestCmd( 100135), 1) (TestCmd( 100136), 1) (TestCmd( 100137), 1) (TestCmd( 100138), 1) (TestCmd( 100139), 1) (TestCmd( 100140), 1) (TestCmd( 100141), 1) (TestCmd( 100142), 1) (TestCmd( 100143), 1) (TestCmd( 100144), 1) (TestCmd( 100145), 1) (TestCmd( 100146), 1) (TestCmd( 100147), 1) (TestCmd( 100148), 1) (TestCmd( 100149), 1) (TestCmd( 100150), 1) (TestCmd( 100151), 1) (TestCmd( 100152), 1) (TestCmd( 100153), 1) (TestCmd( 100154), 1) (TestCmd( 100155), 1) (TestCmd( 100156), 1) (TestCmd( 100157), 1) (TestCmd( 100158), 1) (TestCmd( 100159), 1) (TestCmd( 100160), 1) 
[No entries to add for 2]
[ 2] [Logs after update for 2]
[ 2] (TestCmd( 1), 1) (TestCmd( 100001), 1) (TestCmd( 600001), 1) (TestCmd( 200001), 1) (TestCmd( 300001), 1) (TestCmd( 400001), 1) (TestCmd( 100002), 1) (TestCmd( 600002), 1) (TestCmd( 300002), 1) (TestCmd( 300003), 1) (TestCmd( 300004), 1) (TestCmd( 300005), 1) (TestCmd( 300006), 1) (TestCmd( 300007), 1) (TestCmd( 300008), 1) (TestCmd( 300009), 1) (TestCmd( 300010), 1) (TestCmd( 300011), 1) (TestCmd( 300012), 1) (TestCmd( 300013), 1) (TestCmd( 300014), 1) (TestCmd( 300015), 1) (TestCmd( 100129), 1) (TestCmd( 100130), 1) (TestCmd( 100131), 1) (TestCmd( 100132), 1) (TestCmd( 100133), 1) (TestCmd( 100134), 1) (TestCmd( 100135), 1) (TestCmd( 100136), 1) (TestCmd( 100137), 1) (TestCmd( 100138), 1) (TestCmd( 100139), 1) (TestCmd( 100140), 1) (TestCmd( 100141), 1) (TestCmd( 100142), 1) (TestCmd( 100143), 1) (TestCmd( 100144), 1) (TestCmd( 100145), 1) (TestCmd( 100146), 1) (TestCmd( 100147), 1) (TestCmd( 100148), 1) (TestCmd( 100149), 1) (TestCmd( 100150), 1) (TestCmd( 100151), 1) (TestCmd( 100152), 1) (TestCmd( 100153), 1) (TestCmd( 100154), 1) (TestCmd( 100155), 1) (TestCmd( 100156), 1) (TestCmd( 100157), 1) (TestCmd( 100158), 1) (TestCmd( 100159), 1) (TestCmd( 100160), 1) 
[ 2] [Commit index strict for 2 :  55]
[ 2] [Append_entries Response for 2]
[ 2] [     Matching_Index_Strict:  54]
[ 2] [     Success: TRUE]
[ 2] [New_State: NO_CHANGES]
[ 2] [State: FOLLOWER, Term:  1] 
[ 2] [Received_message: RAFT.MESSAGES.APPEND_ENTRIES_REQUEST] 
[ 2] [AppendEntriesRequest] for 2 Checking if log contains an entry at PrevLogTerm whose index matches PrevLogIndex
[ 2] [PrevLogIndex from Message:  54]
[ 2] [PrevLogTerm from message:  1]
[ 2] [ LogUpperBound:  55]
[ 2] [Logs for 2]
[ 2] (TestCmd( 1), 1) (TestCmd( 100001), 1) (TestCmd( 600001), 1) (TestCmd( 200001), 1) (TestCmd( 300001), 1) (TestCmd( 400001), 1) (TestCmd( 100002), 1) (TestCmd( 600002), 1) (TestCmd( 300002), 1) (TestCmd( 300003), 1) (TestCmd( 300004), 1) (TestCmd( 300005), 1) (TestCmd( 300006), 1) (TestCmd( 300007), 1) (TestCmd( 300008), 1) (TestCmd( 300009), 1) (TestCmd( 300010), 1) (TestCmd( 300011), 1) (TestCmd( 300012), 1) (TestCmd( 300013), 1) (TestCmd( 300014), 1) (TestCmd( 300015), 1) (TestCmd( 100129), 1) (TestCmd( 100130), 1) (TestCmd( 100131), 1) (TestCmd( 100132), 1) (TestCmd( 100133), 1) (TestCmd( 100134), 1) (TestCmd( 100135), 1) (TestCmd( 100136), 1) (TestCmd( 100137), 1) (TestCmd( 100138), 1) (TestCmd( 100139), 1) (TestCmd( 100140), 1) (TestCmd( 100141), 1) (TestCmd( 100142), 1) (TestCmd( 100143), 1) (TestCmd( 100144), 1) (TestCmd( 100145), 1) (TestCmd( 100146), 1) (TestCmd( 100147), 1) (TestCmd( 100148), 1) (TestCmd( 100149), 1) (TestCmd( 100150), 1) (TestCmd( 100151), 1) (TestCmd( 100152), 1) (TestCmd( 100153), 1) (TestCmd( 100154), 1) (TestCmd( 100155), 1) (TestCmd( 100156), 1) (TestCmd( 100157), 1) (TestCmd( 100158), 1) (TestCmd( 100159), 1) (TestCmd( 100160), 1) 
[No entries to add for 2]
[ 2] [Logs after update for 2]
[ 2] (TestCmd( 1), 1) (TestCmd( 100001), 1) (TestCmd( 600001), 1) (TestCmd( 200001), 1) (TestCmd( 300001), 1) (TestCmd( 400001), 1) (TestCmd( 100002), 1) (TestCmd( 600002), 1) (TestCmd( 300002), 1) (TestCmd( 300003), 1) (TestCmd( 300004), 1) (TestCmd( 300005), 1) (TestCmd( 300006), 1) (TestCmd( 300007), 1) (TestCmd( 300008), 1) (TestCmd( 300009), 1) (TestCmd( 300010), 1) (TestCmd( 300011), 1) (TestCmd( 300012), 1) (TestCmd( 300013), 1) (TestCmd( 300014), 1) (TestCmd( 300015), 1) (TestCmd( 100129), 1) (TestCmd( 100130), 1) (TestCmd( 100131), 1) (TestCmd( 100132), 1) (TestCmd( 100133), 1) (TestCmd( 100134), 1) (TestCmd( 100135), 1) (TestCmd( 100136), 1) (TestCmd( 100137), 1) (TestCmd( 100138), 1) (TestCmd( 100139), 1) (TestCmd( 100140), 1) (TestCmd( 100141), 1) (TestCmd( 100142), 1) (TestCmd( 100143), 1) (TestCmd( 100144), 1) (TestCmd( 100145), 1) (TestCmd( 100146), 1) (TestCmd( 100147), 1) (TestCmd( 100148), 1) (TestCmd( 100149), 1) (TestCmd( 100150), 1) (TestCmd( 100151), 1) (TestCmd( 100152), 1) (TestCmd( 100153), 1) (TestCmd( 100154), 1) (TestCmd( 100155), 1) (TestCmd( 100156), 1) (TestCmd( 100157), 1) (TestCmd( 100158), 1) (TestCmd( 100159), 1) (TestCmd( 100160), 1) 
[ 2] [Commit index strict for 2 :  55]
[ 2] [Append_entries Response for 2]
[ 2] [     Matching_Index_Strict:  54]
[ 2] [     Success: TRUE]
[ 2] [New_State: NO_CHANGES]
audit: messages= 265 bytes= 30340 rate= 1.43401E+03 B/s
state: FOLLOWER epoch= 398 snapshot= 1@ 0 application_state=TestAppState(Sum= 9704753)
[ 2] [State: FOLLOWER, Term:  1] 
[ 2] [Received_message: RAFT.MESSAGES.APPEND_ENTRIES_REQUEST] 
[ 2] [AppendEntriesRequest] for 2 Checking if log contains an entry at PrevLogTerm whose index matches PrevLogIndex
[ 2] [PrevLogIndex from Message:  54]
[ 2] [PrevLogTerm from message:  1]
[ 2] [ LogUpperBound:  55]
[ 2] [Logs for 2]
[ 2] (TestCmd( 1), 1) (TestCmd( 100001), 1) (TestCmd( 600001), 1) (TestCmd( 200001), 1) (TestCmd( 300001), 1) (TestCmd( 400001), 1) (TestCmd( 100002), 1) (TestCmd( 600002), 1) (TestCmd( 300002), 1) (TestCmd( 300003), 1) (TestCmd( 300004), 1) (TestCmd( 300005), 1) (TestCmd( 300006), 1) (TestCmd( 300007), 1) (TestCmd( 300008), 1) (TestCmd( 300009), 1) (TestCmd( 300010), 1) (TestCmd( 300011), 1) (TestCmd( 300012), 1) (TestCmd( 300013), 1) (TestCmd( 300014), 1) (TestCmd( 300015), 1) (TestCmd( 100129), 1) (TestCmd( 100130), 1) (TestCmd( 100131), 1) (TestCmd( 100132), 1) (TestCmd( 100133), 1) (TestCmd( 100134), 1) (TestCmd( 100135), 1) (TestCmd( 100136), 1) (TestCmd( 100137), 1) (TestCmd( 100138), 1) (TestCmd( 100139), 1) (TestCmd( 100140), 1) (TestCmd( 100141), 1) (TestCmd( 100142), 1) (TestCmd( 100143), 1) (TestCmd( 100144), 1) (TestCmd( 100145), 1) (TestCmd( 100146), 1) (TestCmd( 100147), 1) (TestCmd( 100148), 1) (TestCmd( 100149), 1) (TestCmd( 100150), 1) (TestCmd( 100151), 1) (TestCmd( 100152), 1) (TestCmd( 100153), 1) (TestCmd( 100154), 1) (TestCmd( 100155), 1) (TestCmd( 100156), 1) (TestCmd( 100157), 1) (TestCmd( 100158), 1) (TestCmd( 100159), 1) (TestCmd( 100160), 1) 
[No entries to add for 2]
[ 2] [Logs after update for 2]
[ 2] (TestCmd( 1), 1) (TestCmd( 100001), 1) (TestCmd( 600001), 1) (TestCmd( 200001), 1) (TestCmd( 300001), 1) (TestCmd( 400001), 1) (TestCmd( 100002), 1) (TestCmd( 600002), 1) (TestCmd( 300002), 1) (TestCmd( 300003), 1) (TestCmd( 300004), 1) (TestCmd( 300005), 1) (TestCmd( 300006), 1) (TestCmd( 300007), 1) (TestCmd( 300008), 1) (TestCmd( 300009), 1) (TestCmd( 300010), 1) (TestCmd( 300011), 1) (TestCmd( 300012), 1) (TestCmd( 300013), 1) (TestCmd( 300014), 1) (TestCmd( 300015), 1) (TestCmd( 100129), 1) (TestCmd( 100130), 1) (TestCmd( 100131), 1) (TestCmd( 100132), 1) (TestCmd( 100133), 1) (TestCmd( 100134), 1) (TestCmd( 100135), 1) (TestCmd( 100136), 1) (TestCmd( 100137), 1) (TestCmd( 100138), 1) (TestCmd( 100139), 1) (TestCmd( 100140), 1) (TestCmd( 100141), 1) (TestCmd( 100142), 1) (TestCmd( 100143), 1) (TestCmd( 100144), 1) (TestCmd( 100145), 1) (TestCmd( 100146), 1) (TestCmd( 100147), 1) (TestCmd( 100148), 1) (TestCmd( 100149), 1) (TestCmd( 100150), 1) (TestCmd( 100151), 1) (TestCmd( 100152), 1) (TestCmd( 100153), 1) (TestCmd( 100154), 1) (TestCmd( 100155), 1) (TestCmd( 100156), 1) (TestCmd( 100157), 1) (TestCmd( 100158), 1) (TestCmd( 100159), 1) (TestCmd( 100160), 1) 
[ 2] [Commit index strict for 2 :  55]
[ 2] [Append_entries Response for 2]
[ 2] [     Matching_Index_Strict:  54]
[ 2] [     Success: TRUE]
[ 2] [New_State: NO_CHANGES]
[ 2] [State: FOLLOWER, Term:  1] 
[ 2] [Received_message: RAFT.MESSAGES.APPEND_ENTRIES_REQUEST] 
[ 2] [AppendEntriesRequest] for 2 Checking if log contains an entry at PrevLogTerm whose index matches PrevLogIndex
[ 2] [PrevLogIndex from Message:  54]
[ 2] [PrevLogTerm from message:  1]
[ 2] [ LogUpperBound:  55]
[ 2] [Logs for 2]
[ 2] (TestCmd( 1), 1) (TestCmd( 100001), 1) (TestCmd( 600001), 1) (TestCmd( 200001), 1) (TestCmd( 300001), 1) (TestCmd( 400001), 1) (TestCmd( 100002), 1) (TestCmd( 600002), 1) (TestCmd( 300002), 1) (TestCmd( 300003), 1) (TestCmd( 300004), 1) (TestCmd( 300005), 1) (TestCmd( 300006), 1) (TestCmd( 300007), 1) (TestCmd( 300008), 1) (TestCmd( 300009), 1) (TestCmd( 300010), 1) (TestCmd( 300011), 1) (TestCmd( 300012), 1) (TestCmd( 300013), 1) (TestCmd( 300014), 1) (TestCmd( 300015), 1) (TestCmd( 100129), 1) (TestCmd( 100130), 1) (TestCmd( 100131), 1) (TestCmd( 100132), 1) (TestCmd( 100133), 1) (TestCmd( 100134), 1) (TestCmd( 100135), 1) (TestCmd( 100136), 1) (TestCmd( 100137), 1) (TestCmd( 100138), 1) (TestCmd( 100139), 1) (TestCmd( 100140), 1) (TestCmd( 100141), 1) (TestCmd( 100142), 1) (TestCmd( 100143), 1) (TestCmd( 100144), 1) (TestCmd( 100145), 1) (TestCmd( 100146), 1) (TestCmd( 100147), 1) (TestCmd( 100148), 1) (TestCmd( 100149), 1) (TestCmd( 100150), 1) (TestCmd( 100151), 1) (TestCmd( 100152), 1) (TestCmd( 100153), 1) (TestCmd( 100154), 1) (TestCmd( 100155), 1) (TestCmd( 100156), 1) (TestCmd( 100157), 1) (TestCmd( 100158), 1) (TestCmd( 100159), 1) (TestCmd( 100160), 1) 
[No entries to add for 2]
[ 2] [Logs after update for 2]
[ 2] (TestCmd( 1), 1) (TestCmd( 100001), 1) (TestCmd( 600001), 1) (TestCmd( 200001), 1) (TestCmd( 300001), 1) (TestCmd( 400001), 1) (TestCmd( 100002), 1) (TestCmd( 600002), 1) (TestCmd( 300002), 1) (TestCmd( 300003), 1) (TestCmd( 300004), 1) (TestCmd( 300005), 1) (TestCmd( 300006), 1) (TestCmd( 300007), 1) (TestCmd( 300008), 1) (TestCmd( 300009), 1) (TestCmd( 300010), 1) (TestCmd( 300011), 1) (TestCmd( 300012), 1) (TestCmd( 300013), 1) (TestCmd( 300014), 1) (TestCmd( 300015), 1) (TestCmd( 100129), 1) (TestCmd( 100130), 1) (TestCmd( 100131), 1) (TestCmd( 100132), 1) (TestCmd( 100133), 1) (TestCmd( 100134), 1) (TestCmd( 100135), 1) (TestCmd( 100136), 1) (TestCmd( 100137), 1) (TestCmd( 100138), 1) (TestCmd( 100139), 1) (TestCmd( 100140), 1) (TestCmd( 100141), 1) (TestCmd( 100142), 1) (TestCmd( 100143), 1) (TestCmd( 100144), 1) (TestCmd( 100145), 1) (TestCmd( 100146), 1) (TestCmd( 100147), 1) (TestCmd( 100148), 1) (TestCmd( 100149), 1) (TestCmd( 100150), 1) (TestCmd( 100151), 1) (TestCmd( 100152), 1) (TestCmd( 100153), 1) (TestCmd( 100154), 1) (TestCmd( 100155), 1) (TestCmd( 100156), 1) (TestCmd( 100157), 1) (TestCmd( 100158), 1) (TestCmd( 100159), 1) (TestCmd( 100160), 1) 
[ 2] [Commit index strict for 2 :  55]
[ 2] [Append_entries Response for 2]
[ 2] [     Matching_Index_Strict:  54]
[ 2] [     Success: TRUE]
[ 2] [New_State: NO_CHANGES]
[ 2] [State: FOLLOWER, Term:  1] 
[ 2] [Received_message: RAFT.MESSAGES.APPEND_ENTRIES_REQUEST] 
[ 2] [AppendEntriesRequest] for 2 Checking if log contains an entry at PrevLogTerm whose index matches PrevLogIndex
[ 2] [PrevLogIndex from Message:  54]
[ 2] [PrevLogTerm from message:  1]
[ 2] [ LogUpperBound:  55]
[ 2] [Logs for 2]
[ 2] (TestCmd( 1), 1) (TestCmd( 100001), 1) (TestCmd( 600001), 1) (TestCmd( 200001), 1) (TestCmd( 300001), 1) (TestCmd( 400001), 1) (TestCmd( 100002), 1) (TestCmd( 600002), 1) (TestCmd( 300002), 1) (TestCmd( 300003), 1) (TestCmd( 300004), 1) (TestCmd( 300005), 1) (TestCmd( 300006), 1) (TestCmd( 300007), 1) (TestCmd( 300008), 1) (TestCmd( 300009), 1) (TestCmd( 300010), 1) (TestCmd( 300011), 1) (TestCmd( 300012), 1) (TestCmd( 300013), 1) (TestCmd( 300014), 1) (TestCmd( 300015), 1) (TestCmd( 100129), 1) (TestCmd( 100130), 1) (TestCmd( 100131), 1) (TestCmd( 100132), 1) (TestCmd( 100133), 1) (TestCmd( 100134), 1) (TestCmd( 100135), 1) (TestCmd( 100136), 1) (TestCmd( 100137), 1) (TestCmd( 100138), 1) (TestCmd( 100139), 1) (TestCmd( 100140), 1) (TestCmd( 100141), 1) (TestCmd( 100142), 1) (TestCmd( 100143), 1) (TestCmd( 100144), 1) (TestCmd( 100145), 1) (TestCmd( 100146), 1) (TestCmd( 100147), 1) (TestCmd( 100148), 1) (TestCmd( 100149), 1) (TestCmd( 100150), 1) (TestCmd( 100151), 1) (TestCmd( 100152), 1) (TestCmd( 100153), 1) (TestCmd( 100154), 1) (TestCmd( 100155), 1) (TestCmd( 100156), 1) (TestCmd( 100157), 1) (TestCmd( 100158), 1) (TestCmd( 100159), 1) (TestCmd( 100160), 1) 
[No entries to add for 2]
[ 2] [Logs after update for 2]
[ 2] (TestCmd( 1), 1) (TestCmd( 100001), 1) (TestCmd( 600001), 1) (TestCmd( 200001), 1) (TestCmd( 300001), 1) (TestCmd( 400001), 1) (TestCmd( 100002), 1) (TestCmd( 600002), 1) (TestCmd( 300002), 1) (TestCmd( 300003), 1) (TestCmd( 300004), 1) (TestCmd( 300005), 1) (TestCmd( 300006), 1) (TestCmd( 300007), 1) (TestCmd( 300008), 1) (TestCmd( 300009), 1) (TestCmd( 300010), 1) (TestCmd( 300011), 1) (TestCmd( 300012), 1) (TestCmd( 300013), 1) (TestCmd( 300014), 1) (TestCmd( 300015), 1) (TestCmd( 100129), 1) (TestCmd( 100130), 1) (TestCmd( 100131), 1) (TestCmd( 100132), 1) (TestCmd( 100133), 1) (TestCmd( 100134), 1) (TestCmd( 100135), 1) (TestCmd( 100136), 1) (TestCmd( 100137), 1) (TestCmd( 100138), 1) (TestCmd( 100139), 1) (TestCmd( 100140), 1) (TestCmd( 100141), 1) (TestCmd( 100142), 1) (TestCmd( 100143), 1) (TestCmd( 100144), 1) (TestCmd( 100145), 1) (TestCmd( 100146), 1) (TestCmd( 100147), 1) (TestCmd( 100148), 1) (TestCmd( 100149), 1) (TestCmd( 100150), 1) (TestCmd( 100151), 1) (TestCmd( 100152), 1) (TestCmd( 100153), 1) (TestCmd( 100154), 1) (TestCmd( 100155), 1) (TestCmd( 100156), 1) (TestCmd( 100157), 1) (TestCmd( 100158), 1) (TestCmd( 100159), 1) (TestCmd( 100160), 1) 
[ 2] [Commit index strict for 2 :  55]
[ 2] [Append_entries Response for 2]
[ 2] [     Matching_Index_Strict:  54]
[ 2] [     Success: TRUE]
[ 2] [New_State: NO_CHANGES]
[ 2] [State: FOLLOWER, Term:  1] 
[ 2] [Received_message: RAFT.MESSAGES.APPEND_ENTRIES_REQUEST] 
[ 2] [AppendEntriesRequest] for 2 Checking if log contains an entry at PrevLogTerm whose index matches PrevLogIndex
[ 2] [PrevLogIndex from Message:  54]
[ 2] [PrevLogTerm from message:  1]
[ 2] [ LogUpperBound:  55]
[ 2] [Logs for 2]
[ 2] (TestCmd( 1), 1) (TestCmd( 100001), 1) (TestCmd( 600001), 1) (TestCmd( 200001), 1) (TestCmd( 300001), 1) (TestCmd( 400001), 1) (TestCmd( 100002), 1) (TestCmd( 600002), 1) (TestCmd( 300002), 1) (TestCmd( 300003), 1) (TestCmd( 300004), 1) (TestCmd( 300005), 1) (TestCmd( 300006), 1) (TestCmd( 300007), 1) (TestCmd( 300008), 1) (TestCmd( 300009), 1) (TestCmd( 300010), 1) (TestCmd( 300011), 1) (TestCmd( 300012), 1) (TestCmd( 300013), 1) (TestCmd( 300014), 1) (TestCmd( 300015), 1) (TestCmd( 100129), 1) (TestCmd( 100130), 1) (TestCmd( 100131), 1) (TestCmd( 100132), 1) (TestCmd( 100133), 1) (TestCmd( 100134), 1) (TestCmd( 100135), 1) (TestCmd( 100136), 1) (TestCmd( 100137), 1) (TestCmd( 100138), 1) (TestCmd( 100139), 1) (TestCmd( 100140), 1) (TestCmd( 100141), 1) (TestCmd( 100142), 1) (TestCmd( 100143), 1) (TestCmd( 100144), 1) (TestCmd( 100145), 1) (TestCmd( 100146), 1) (TestCmd( 100147), 1) (TestCmd( 100148), 1) (TestCmd( 100149), 1) (TestCmd( 100150), 1) (TestCmd( 100151), 1) (TestCmd( 100152), 1) (TestCmd( 100153), 1) (TestCmd( 100154), 1) (TestCmd( 100155), 1) (TestCmd( 100156), 1) (TestCmd( 100157), 1) (TestCmd( 100158), 1) (TestCmd( 100159), 1) (TestCmd( 100160), 1) 
[No entries to add for 2]
[ 2] [Logs after update for 2]
[ 2] (TestCmd( 1), 1) (TestCmd( 100001), 1) (TestCmd( 600001), 1) (TestCmd( 200001), 1) (TestCmd( 300001), 1) (TestCmd( 400001), 1) (TestCmd( 100002), 1) (TestCmd( 600002), 1) (TestCmd( 300002), 1) (TestCmd( 300003), 1) (TestCmd( 300004), 1) (TestCmd( 300005), 1) (TestCmd( 300006), 1) (TestCmd( 300007), 1) (TestCmd( 300008), 1) (TestCmd( 300009), 1) (TestCmd( 300010), 1) (TestCmd( 300011), 1) (TestCmd( 300012), 1) (TestCmd( 300013), 1) (TestCmd( 300014), 1) (TestCmd( 300015), 1) (TestCmd( 100129), 1) (TestCmd( 100130), 1) (TestCmd( 100131), 1) (TestCmd( 100132), 1) (TestCmd( 100133), 1) (TestCmd( 100134), 1) (TestCmd( 100135), 1) (TestCmd( 100136), 1) (TestCmd( 100137), 1) (TestCmd( 100138), 1) (TestCmd( 100139), 1) (TestCmd( 100140), 1) (TestCmd( 100141), 1) (TestCmd( 100142), 1) (TestCmd( 100143), 1) (TestCmd( 100144), 1) (TestCmd( 100145), 1) (TestCmd( 100146), 1) (TestCmd( 100147), 1) (TestCmd( 100148), 1) (TestCmd( 100149), 1) (TestCmd( 100150), 1) (TestCmd( 100151), 1) (TestCmd( 100152), 1) (TestCmd( 100153), 1) (TestCmd( 100154), 1) (TestCmd( 100155), 1) (TestCmd( 100156), 1) (TestCmd( 100157), 1) (TestCmd( 100158), 1) (TestCmd( 100159), 1) (TestCmd( 100160), 1) 
[ 2] [Commit index strict for 2 :  55]
[ 2] [Append_entries Response for 2]
[ 2] [     Matching_Index_Strict:  54]
[ 2] [     Success: TRUE]
[ 2] [New_State: NO_CHANGES]
[ 2] [State: FOLLOWER, Term:  1] 
[ 2] [Received_message: RAFT.MESSAGES.APPEND_ENTRIES_REQUEST] 
[ 2] [AppendEntriesRequest] for 2 Checking if log contains an entry at PrevLogTerm whose index matches PrevLogIndex
[ 2] [PrevLogIndex from Message:  54]
[ 2] [PrevLogTerm from message:  1]
[ 2] [ LogUpperBound:  55]
[ 2] [Logs for 2]
[ 2] (TestCmd( 1), 1) (TestCmd( 100001), 1) (TestCmd( 600001), 1) (TestCmd( 200001), 1) (TestCmd( 300001), 1) (TestCmd( 400001), 1) (TestCmd( 100002), 1) (TestCmd( 600002), 1) (TestCmd( 300002), 1) (TestCmd( 300003), 1) (TestCmd( 300004), 1) (TestCmd( 300005), 1) (TestCmd( 300006), 1) (TestCmd( 300007), 1) (TestCmd( 300008), 1) (TestCmd( 300009), 1) (TestCmd( 300010), 1) (TestCmd( 300011), 1) (TestCmd( 300012), 1) (TestCmd( 300013), 1) (TestCmd( 300014), 1) (TestCmd( 300015), 1) (TestCmd( 100129), 1) (TestCmd( 100130), 1) (TestCmd( 100131), 1) (TestCmd( 100132), 1) (TestCmd( 100133), 1) (TestCmd( 100134), 1) (TestCmd( 100135), 1) (TestCmd( 100136), 1) (TestCmd( 100137), 1) (TestCmd( 100138), 1) (TestCmd( 100139), 1) (TestCmd( 100140), 1) (TestCmd( 100141), 1) (TestCmd( 100142), 1) (TestCmd( 100143), 1) (TestCmd( 100144), 1) (TestCmd( 100145), 1) (TestCmd( 100146), 1) (TestCmd( 100147), 1) (TestCmd( 100148), 1) (TestCmd( 100149), 1) (TestCmd( 100150), 1) (TestCmd( 100151), 1) (TestCmd( 100152), 1) (TestCmd( 100153), 1) (TestCmd( 100154), 1) (TestCmd( 100155), 1) (TestCmd( 100156), 1) (TestCmd( 100157), 1) (TestCmd( 100158), 1) (TestCmd( 100159), 1) (TestCmd( 100160), 1) 
[No entries to add for 2]
[ 2] [Logs after update for 2]
[ 2] (TestCmd( 1), 1) (TestCmd( 100001), 1) (TestCmd( 600001), 1) (TestCmd( 200001), 1) (TestCmd( 300001), 1) (TestCmd( 400001), 1) (TestCmd( 100002), 1) (TestCmd( 600002), 1) (TestCmd( 300002), 1) (TestCmd( 300003), 1) (TestCmd( 300004), 1) (TestCmd( 300005), 1) (TestCmd( 300006), 1) (TestCmd( 300007), 1) (TestCmd( 300008), 1) (TestCmd( 300009), 1) (TestCmd( 300010), 1) (TestCmd( 300011), 1) (TestCmd( 300012), 1) (TestCmd( 300013), 1) (TestCmd( 300014), 1) (TestCmd( 300015), 1) (TestCmd( 100129), 1) (TestCmd( 100130), 1) (TestCmd( 100131), 1) (TestCmd( 100132), 1) (TestCmd( 100133), 1) (TestCmd( 100134), 1) (TestCmd( 100135), 1) (TestCmd( 100136), 1) (TestCmd( 100137), 1) (TestCmd( 100138), 1) (TestCmd( 100139), 1) (TestCmd( 100140), 1) (TestCmd( 100141), 1) (TestCmd( 100142), 1) (TestCmd( 100143), 1) (TestCmd( 100144), 1) (TestCmd( 100145), 1) (TestCmd( 100146), 1) (TestCmd( 100147), 1) (TestCmd( 100148), 1) (TestCmd( 100149), 1) (TestCmd( 100150), 1) (TestCmd( 100151), 1) (TestCmd( 100152), 1) (TestCmd( 100153), 1) (TestCmd( 100154), 1) (TestCmd( 100155), 1) (TestCmd( 100156), 1) (TestCmd( 100157), 1) (TestCmd( 100158), 1) (TestCmd( 100159), 1) (TestCmd( 100160), 1) 
[ 2] [Commit index strict for 2 :  55]
[ 2] [Append_entries Response for 2]
[ 2] [     Matching_Index_Strict:  54]
[ 2] [     Success: TRUE]
[ 2] [New_State: NO_CHANGES]
[ 2] [State: FOLLOWER, Term:  1] 
[ 2] [Received_message: RAFT.MESSAGES.APPEND_ENTRIES_REQUEST] 
[ 2] [AppendEntriesRequest] for 2 Checking if log contains an entry at PrevLogTerm whose index matches PrevLogIndex
[ 2] [PrevLogIndex from Message:  54]
[ 2] [PrevLogTerm from message:  1]
[ 2] [ LogUpperBound:  55]
[ 2] [Logs for 2]
[ 2] (TestCmd( 1), 1) (TestCmd( 100001), 1) (TestCmd( 600001), 1) (TestCmd( 200001), 1) (TestCmd( 300001), 1) (TestCmd( 400001), 1) (TestCmd( 100002), 1) (TestCmd( 600002), 1) (TestCmd( 300002), 1) (TestCmd( 300003), 1) (TestCmd( 300004), 1) (TestCmd( 300005), 1) (TestCmd( 300006), 1) (TestCmd( 300007), 1) (TestCmd( 300008), 1) (TestCmd( 300009), 1) (TestCmd( 300010), 1) (TestCmd( 300011), 1) (TestCmd( 300012), 1) (TestCmd( 300013), 1) (TestCmd( 300014), 1) (TestCmd( 300015), 1) (TestCmd( 100129), 1) (TestCmd( 100130), 1) (TestCmd( 100131), 1) (TestCmd( 100132), 1) (TestCmd( 100133), 1) (TestCmd( 100134), 1) (TestCmd( 100135), 1) (TestCmd( 100136), 1) (TestCmd( 100137), 1) (TestCmd( 100138), 1) (TestCmd( 100139), 1) (TestCmd( 100140), 1) (TestCmd( 100141), 1) (TestCmd( 100142), 1) (TestCmd( 100143), 1) (TestCmd( 100144), 1) (TestCmd( 100145), 1) (TestCmd( 100146), 1) (TestCmd( 100147), 1) (TestCmd( 100148), 1) (TestCmd( 100149), 1) (TestCmd( 100150), 1) (TestCmd( 100151), 1) (TestCmd( 100152), 1) (TestCmd( 100153), 1) (TestCmd( 100154), 1) (TestCmd( 100155), 1) (TestCmd( 100156), 1) (TestCmd( 100157), 1) (TestCmd( 100158), 1) (TestCmd( 100159), 1) (TestCmd( 100160), 1) 
[No entries to add for 2]
[ 2] [Logs after update for 2]
[ 2] (TestCmd( 1), 1) (TestCmd( 100001), 1) (TestCmd( 600001), 1) (TestCmd( 200001), 1) (TestCmd( 300001), 1) (TestCmd( 400001), 1) (TestCmd( 100002), 1) (TestCmd( 600002), 1) (TestCmd( 300002), 1) (TestCmd( 300003), 1) (TestCmd( 300004), 1) (TestCmd( 300005), 1) (TestCmd( 300006), 1) (TestCmd( 300007), 1) (TestCmd( 300008), 1) (TestCmd( 300009), 1) (TestCmd( 300010), 1) (TestCmd( 300011), 1) (TestCmd( 300012), 1) (TestCmd( 300013), 1) (TestCmd( 300014), 1) (TestCmd( 300015), 1) (TestCmd( 100129), 1) (TestCmd( 100130), 1) (TestCmd( 100131), 1) (TestCmd( 100132), 1) (TestCmd( 100133), 1) (TestCmd( 100134), 1) (TestCmd( 100135), 1) (TestCmd( 100136), 1) (TestCmd( 100137), 1) (TestCmd( 100138), 1) (TestCmd( 100139), 1) (TestCmd( 100140), 1) (TestCmd( 100141), 1) (TestCmd( 100142), 1) (TestCmd( 100143), 1) (TestCmd( 100144), 1) (TestCmd( 100145), 1) (TestCmd( 100146), 1) (TestCmd( 100147), 1) (TestCmd( 100148), 1) (TestCmd( 100149), 1) (TestCmd( 100150), 1) (TestCmd( 100151), 1) (TestCmd( 100152), 1) (TestCmd( 100153), 1) (TestCmd( 100154), 1) (TestCmd( 100155), 1) (TestCmd( 100156), 1) (TestCmd( 100157), 1) (TestCmd( 100158), 1) (TestCmd( 100159), 1) (TestCmd( 100160), 1) 
[ 2] [Commit index strict for 2 :  55]
[ 2] [Append_entries Response for 2]
[ 2] [     Matching_Index_Strict:  54]
[ 2] [     Success: TRUE]
[ 2] [New_State: NO_CHANGES]
[ 2] [State: FOLLOWER, Term:  1] 
[ 2] [Received_message: RAFT.MESSAGES.APPEND_ENTRIES_REQUEST] 
[ 2] [AppendEntriesRequest] for 2 Checking if log contains an entry at PrevLogTerm whose index matches PrevLogIndex
[ 2] [PrevLogIndex from Message:  54]
[ 2] [PrevLogTerm from message:  1]
[ 2] [ LogUpperBound:  55]
[ 2] [Logs for 2]
[ 2] (TestCmd( 1), 1) (TestCmd( 100001), 1) (TestCmd( 600001), 1) (TestCmd( 200001), 1) (TestCmd( 300001), 1) (TestCmd( 400001), 1) (TestCmd( 100002), 1) (TestCmd( 600002), 1) (TestCmd( 300002), 1) (TestCmd( 300003), 1) (TestCmd( 300004), 1) (TestCmd( 300005), 1) (TestCmd( 300006), 1) (TestCmd( 300007), 1) (TestCmd( 300008), 1) (TestCmd( 300009), 1) (TestCmd( 300010), 1) (TestCmd( 300011), 1) (TestCmd( 300012), 1) (TestCmd( 300013), 1) (TestCmd( 300014), 1) (TestCmd( 300015), 1) (TestCmd( 100129), 1) (TestCmd( 100130), 1) (TestCmd( 100131), 1) (TestCmd( 100132), 1) (TestCmd( 100133), 1) (TestCmd( 100134), 1) (TestCmd( 100135), 1) (TestCmd( 100136), 1) (TestCmd( 100137), 1) (TestCmd( 100138), 1) (TestCmd( 100139), 1) (TestCmd( 100140), 1) (TestCmd( 100141), 1) (TestCmd( 100142), 1) (TestCmd( 100143), 1) (TestCmd( 100144), 1) (TestCmd( 100145), 1) (TestCmd( 100146), 1) (TestCmd( 100147), 1) (TestCmd( 100148), 1) (TestCmd( 100149), 1) (TestCmd( 100150), 1) (TestCmd( 100151), 1) (TestCmd( 100152), 1) (TestCmd( 100153), 1) (TestCmd( 100154), 1) (TestCmd( 100155), 1) (TestCmd( 100156), 1) (TestCmd( 100157), 1) (TestCmd( 100158), 1) (TestCmd( 100159), 1) (TestCmd( 100160), 1) 
[No entries to add for 2]
[ 2] [Logs after update for 2]
[ 2] (TestCmd( 1), 1) (TestCmd( 100001), 1) (TestCmd( 600001), 1) (TestCmd( 200001), 1) (TestCmd( 300001), 1) (TestCmd( 400001), 1) (TestCmd( 100002), 1) (TestCmd( 600002), 1) (TestCmd( 300002), 1) (TestCmd( 300003), 1) (TestCmd( 300004), 1) (TestCmd( 300005), 1) (TestCmd( 300006), 1) (TestCmd( 300007), 1) (TestCmd( 300008), 1) (TestCmd( 300009), 1) (TestCmd( 300010), 1) (TestCmd( 300011), 1) (TestCmd( 300012), 1) (TestCmd( 300013), 1) (TestCmd( 300014), 1) (TestCmd( 300015), 1) (TestCmd( 100129), 1) (TestCmd( 100130), 1) (TestCmd( 100131), 1) (TestCmd( 100132), 1) (TestCmd( 100133), 1) (TestCmd( 100134), 1) (TestCmd( 100135), 1) (TestCmd( 100136), 1) (TestCmd( 100137), 1) (TestCmd( 100138), 1) (TestCmd( 100139), 1) (TestCmd( 100140), 1) (TestCmd( 100141), 1) (TestCmd( 100142), 1) (TestCmd( 100143), 1) (TestCmd( 100144), 1) (TestCmd( 100145), 1) (TestCmd( 100146), 1) (TestCmd( 100147), 1) (TestCmd( 100148), 1) (TestCmd( 100149), 1) (TestCmd( 100150), 1) (TestCmd( 100151), 1) (TestCmd( 100152), 1) (TestCmd( 100153), 1) (TestCmd( 100154), 1) (TestCmd( 100155), 1) (TestCmd( 100156), 1) (TestCmd( 100157), 1) (TestCmd( 100158), 1) (TestCmd( 100159), 1) (TestCmd( 100160), 1) 
[ 2] [Commit index strict for 2 :  55]
[ 2] [Append_entries Response for 2]
[ 2] [     Matching_Index_Strict:  54]
[ 2] [     Success: TRUE]
[ 2] [New_State: NO_CHANGES]
[ 2] [State: FOLLOWER, Term:  1] 
[ 2] [Received_message: RAFT.MESSAGES.APPEND_ENTRIES_REQUEST] 
[ 2] [AppendEntriesRequest] for 2 Checking if log contains an entry at PrevLogTerm whose index matches PrevLogIndex
[ 2] [PrevLogIndex from Message:  54]
[ 2] [PrevLogTerm from message:  1]
[ 2] [ LogUpperBound:  55]
[ 2] [Logs for 2]
[ 2] (TestCmd( 1), 1) (TestCmd( 100001), 1) (TestCmd( 600001), 1) (TestCmd( 200001), 1) (TestCmd( 300001), 1) (TestCmd( 400001), 1) (TestCmd( 100002), 1) (TestCmd( 600002), 1) (TestCmd( 300002), 1) (TestCmd( 300003), 1) (TestCmd( 300004), 1) (TestCmd( 300005), 1) (TestCmd( 300006), 1) (TestCmd( 300007), 1) (TestCmd( 300008), 1) (TestCmd( 300009), 1) (TestCmd( 300010), 1) (TestCmd( 300011), 1) (TestCmd( 300012), 1) (TestCmd( 300013), 1) (TestCmd( 300014), 1) (TestCmd( 300015), 1) (TestCmd( 100129), 1) (TestCmd( 100130), 1) (TestCmd( 100131), 1) (TestCmd( 100132), 1) (TestCmd( 100133), 1) (TestCmd( 100134), 1) (TestCmd( 100135), 1) (TestCmd( 100136), 1) (TestCmd( 100137), 1) (TestCmd( 100138), 1) (TestCmd( 100139), 1) (TestCmd( 100140), 1) (TestCmd( 100141), 1) (TestCmd( 100142), 1) (TestCmd( 100143), 1) (TestCmd( 100144), 1) (TestCmd( 100145), 1) (TestCmd( 100146), 1) (TestCmd( 100147), 1) (TestCmd( 100148), 1) (TestCmd( 100149), 1) (TestCmd( 100150), 1) (TestCmd( 100151), 1) (TestCmd( 100152), 1) (TestCmd( 100153), 1) (TestCmd( 100154), 1) (TestCmd( 100155), 1) (TestCmd( 100156), 1) (TestCmd( 100157), 1) (TestCmd( 100158), 1) (TestCmd( 100159), 1) (TestCmd( 100160), 1) 
[No entries to add for 2]
[ 2] [Logs after update for 2]
[ 2] (TestCmd( 1), 1) (TestCmd( 100001), 1) (TestCmd( 600001), 1) (TestCmd( 200001), 1) (TestCmd( 300001), 1) (TestCmd( 400001), 1) (TestCmd( 100002), 1) (TestCmd( 600002), 1) (TestCmd( 300002), 1) (TestCmd( 300003), 1) (TestCmd( 300004), 1) (TestCmd( 300005), 1) (TestCmd( 300006), 1) (TestCmd( 300007), 1) (TestCmd( 300008), 1) (TestCmd( 300009), 1) (TestCmd( 300010), 1) (TestCmd( 300011), 1) (TestCmd( 300012), 1) (TestCmd( 300013), 1) (TestCmd( 300014), 1) (TestCmd( 300015), 1) (TestCmd( 100129), 1) (TestCmd( 100130), 1) (TestCmd( 100131), 1) (TestCmd( 100132), 1) (TestCmd( 100133), 1) (TestCmd( 100134), 1) (TestCmd( 100135), 1) (TestCmd( 100136), 1) (TestCmd( 100137), 1) (TestCmd( 100138), 1) (TestCmd( 100139), 1) (TestCmd( 100140), 1) (TestCmd( 100141), 1) (TestCmd( 100142), 1) (TestCmd( 100143), 1) (TestCmd( 100144), 1) (TestCmd( 100145), 1) (TestCmd( 100146), 1) (TestCmd( 100147), 1) (TestCmd( 100148), 1) (TestCmd( 100149), 1) (TestCmd( 100150), 1) (TestCmd( 100151), 1) (TestCmd( 100152), 1) (TestCmd( 100153), 1) (TestCmd( 100154), 1) (TestCmd( 100155), 1) (TestCmd( 100156), 1) (TestCmd( 100157), 1) (TestCmd( 100158), 1) (TestCmd( 100159), 1) (TestCmd( 100160), 1) 
[ 2] [Commit index strict for 2 :  55]
[ 2] [Append_entries Response for 2]
[ 2] [     Matching_Index_Strict:  54]
[ 2] [     Success: TRUE]
[ 2] [New_State: NO_CHANGES]
